16.211,-0.649,-0.687,-0.183,43,31.67
418841,-986.328,113.770,-58.105,0.786,-1.832,0.802,-76.172,-1009.277,-125.000,-0.664,-0.443,0.221,43,31.67
418872,-989.746,123.047,-65.918,-1.847,0.695,-1.527,-83.496,-1001.465,-114.746,-1.779,-1.328,-0.863,43,31.67
418904,-1002.441,109.375,-70.313,-1.626,0.687,0.802,-76.172,-1000.977,-112.305,1.344,-1.405,-3.137,43,31.67
418936,-998.535,123.535,-65.430,-3.237,4.817,-1.809,-93.262,-1004.883,-112.793,1.076,-3.702,-0.588,41,31.67
418968,-988.281,125.000,-67.871,-1.656,1.924,-0.893,-85.449,-999.512,-116.211,0.031,-0.878,-2.176,43,31.67
419000,-999.023,104.492,-86.426,1.305,-0.504,1.214,-78.613,-999.512,-108.398,-0.412,1.092,-0.130,43,31.67
419032,-980.469,122.559,-84.961,-0.260,0.267,0.466,-80.078,-1000.488,-119.141,-1.107,0.137,0.672,43,31.67
419064,-980.469,110.352,-74.219,0.336,1.771,-3.710,-79.590,-1005.859,-134.277,3.305,-0.725,-1.504,43,31.67
419096,-997.559,117.188,-67.383,-0.687,1.336,-1.939,-76.172,-1009.766,-125.977,2.496,1.252,1.603,44,31.67
419128,-982.422,115.234,-59.082,0.389,0.221,2.206,-94.238,-990.723,-125.488,-0.061,-0.504,-0.809,39,31.67
419160,-990.723,106.445,-63.965,0.069,-3.328,2.527,-94.238,-996.582,-114.258,0.527,1.840,1.328,45,31.67
419192,-986.328,112.305,-70.801,-0.443,2.649,-1.344,-72.266,-1000.977,-121.094,-0.382,1.015,0.008,42,31.67
419224,-1003.418,135.254,-66.895,-2.076,1.496,-1.145,-78.613,-1006.348,-104.004,0.061,-1.405,-1.244,56,31.67
419256,-998.047,116.699,-76.172,0.794,1.229,2.931,-98.633,-1005.371,-107.910,-0.344,-1.084,0.893,45,31.67
419288,-989.746,118.164,-68.848,-2.443,0.344,-0.771,-80.078,-998.047,-132.324,-1.099,-0.962,-1.672,43,31.67
419320,-1007.324,139.648,-55.664,-5.397,3.496,-1.603,-154.785,-979.004,-155.273,1.015,-2.092,-2.634,43,31.67
419352,-978.027,145.020,-42.969,-6.344,2.534,-2.069,-88.379,-985.840,-132.324,-4.260,-6.260,-3.641,44,31.67
419384,-981.934,97.656,-89.844,-4.794,2.847,-2.534,-41.016,-1068.359,-87.891,-4.443,-10.092,1.046,43,31.68
419416,-1010.742,104.492,-81.543,-5.916,5.389,-0.229,-40.039,-985.352,-99.609,-2.939,-8.313,1.573,44,31.68
419448,-975.098,112.305,-86.914,-3.443,4.252,0.931,-44.922,-993.652,-120.117,-3.664,-3.817,1.115,43,31.68
419480,-972.656,128.906,-88.867,-0.053,-1.221,2.069,-83.496,-991.211,-156.250,-2.924,-1.397,-1.008,43,31.68
419512,-988.281,145.996,-97.656,-1.092,-1.527,3.191,-104.492,-1000.488,-159.668,0.954,0.221,2.160,43,31.68
419544,-994.141,136.230,-80.566,-1.802,0.153,-0.908,-130.371,-993.164,-144.043,2.840,-1.252,1.542,43,31.68
419576,-984.375,138.184,-81.543,-2.763,-0.916,-1.954,-123.047,-983.398,-110.840,2.435,-0.183,-2.168,45,31.68
419608,-991.211,139.648,-77.148,1.580,-3.290,-1.634,-119.141,-995.117,-110.352,4.130,3.733,-3.817,43,31.68
419639,-988.770,127.441,-54.688,2.267,-3.672,-0.115,-116.211,-1003.418,-106.934,4.336,2.443,-1.237,45,31.68
419670,-976.562,116.699,-67.383,0.336,0.061,-6.137,-111.328,-1010.254,-105.957,4.130,1.809,-0.794,45,31.68
419701,-981.934,122.070,-59.570,-3.008,1.947,-8.344,-109.375,-996.094,-113.281,-0.046,0.282,0.107,45,31.68
419732,-1001.465,133.789,-78.125,-0.809,2.397,-9.550,-117.676,-994.141,-120.117,1.252,0.489,-1.305,63,31.68
419763,-995.117,91.797,-79.102,0.099,-2.962,-9.153,-101.563,-997.070,-124.512,2.756,-0.008,-1.504,46,31.68
419794,-1000.000,92.285,-72.266,-0.481,-1.748,-8.947,-73.730,-1016.602,-121.582,1.985,3.611,0.122,47,31.68
419825,-1010.742,89.844,-80.566,-2.420,-0.954,-8.595,-64.941,-1004.883,-138.672,2.580,1.168,0.244,53,31.68
419856,-994.141,86.426,-89.844,0.229,-1.969,-10.824,-75.195,-1006.348,-122.070,2.771,1.305,-1.221,51,31.68
419887,-1000.000,75.684,-56.641,0.092,-2.573,-11.634,-58.594,-1007.812,-124.512,6.153,1.519,3.718,53,31.68
419918,-1009.277,81.055,-77.148,2.779,-6.137,-7.969,-69.824,-1020.508,-123.535,7.015,2.252,-1.244,47,31.68
419949,-982.422,63.965,-69.336,3.313,-8.298,-8.947,-70.801,-1023.437,-105.957,7.244,-0.679,-1.298,51,31.68
419980,-997.559,87.402,-52.246,2.947,-7.626,-5.321,-43.945,-997.070,-133.789,6.611,-0.458,0.290,51,31.68
420012,-990.234,65.918,-62.988,2.145,-6.573,-4.702,-61.523,-997.559,-129.883,11.809,0.359,0.870,53,31.68
420043,-1005.859,45.898,-80.566,2.198,-7.344,-3.458,-66.406,-1003.906,-99.121,10.740,-3.878,2.397,54,31.68
420075,-1003.418,49.316,-59.570,5.206,-9.511,-2.046,-40.039,-1025.879,-71.777,13.779,1.794,-0.450,51,31.68
420107,-1022.461,57.129,-61.523,4.267,-7.534,-5.603,-86.426,-1015.625,-85.938,12.489,2.534,-0.985,55,31.68
420139,-1025.879,82.031,-65.918,10.916,-11.878,0.779,-91.309,-1045.410,-41.504,13.107,6.298,1.214,55,31.68
420171,-1040.527,50.781,-45.898,13.176,-11.008,-1.725,-75.684,-1009.766,-20.996,11.634,12.542,0.298,89,31.68
420203,-992.676,22.461,-49.805,13.168,-6.351,-5.885,-61.035,-987.305,-42.480,8.008,10.527,-1.679,135,31.68
420234,-967.285,90.820,0.488,14.382,-6.504,-0.824,-64.941,-1017.090,-58.105,10.206,10.061,-1.420,115,31.68
420266,-933.105,91.797,-24.414,10.687,-5.748,0.695,-30.273,-973.633,-26.367,5.641,12.649,2.740,146,31.68
420297,-943.359,54.199,-65.430,12.450,-2.969,9.328,-43.945,-949.219,5.371,2.176,11.550,5.244,121,31.68
420328,-940.918,64.453,-56.152,9.046,2.824,14.229,-56.641,-934.082,-20.020,-0.969,9.244,-0.893,89,31.68
420359,-949.219,56.641,-20.996,9.321,7.763,15.695,-70.313,-999.023,-14.648,-9.084,6.656,0.466,115,31.68
420390,-998.535,-15.625,41.992,5.427,10.863,8.466,-39.551,-1017.090,-15.625,-12.588,9.557,7.802,169,31.68
420421,-1209.473,-173.340,210.937,14.244,-4.237,1.977,-11.719,-1120.117,-68.848,6.740,13.534,0.595,173,31.68
420452,-939.453,120.117,47.852,8.321,-11.695,-1.603,-84.473,-970.703,-96.680,17.023,10.962,-0.863,155,31.68
420483,-931.641,142.578,-150.391,5.115,-9.794,4.412,-98.145,-970.703,-33.203,4.298,5.282,4.244,173,31.68
420514,-1065.430,35.156,-9.766,8.832,-1.191,5.924,-50.781,-1007.812,-27.344,-2.282,9.176,0.573,239,31.68
420545,-1014.160,122.070,37.598,6.855,-7.756,7.534,-155.273,-1025.879,-73.730,3.740,4.031,-4.779,215,31.68
420576,-938.965,106.445,-21.973,-0.313,0.511,1.573,-133.301,-991.211,-38.086,0.985,2.267,-0.870,133,31.68
420607,-1032.715,71.289,-38.086,4.351,-0.092,-2.565,-46.875,-1034.668,-3.418,1.328,6.618,1.840,91,31.68
420638,-1014.160,98.145,-10.254,7.099,-1.214,3.069,-90.332,-1010.742,-60.547,4.710,10.221,-1.260,94,31.68
420669,-985.352,78.125,14.648,8.962,-7.069,3.321,-99.609,-1014.160,-66.895,1.855,11.076,2.061,69,31.68
420701,-1015.625,87.402,-7.324,5.992,-6.649,-1.992,-80.078,-1026.855,-37.598,2.084,9.916,4.282,60,31.68
420733,-998.047,121.582,-26.367,7.008,-3.802,0.595,-86.914,-1002.441,-39.551,2.893,9.985,5.092,57,31.68
420765,-983.887,73.242,-0.488,12.115,-6.313,3.206,-40.527,-969.727,-0.977,1.244,11.267,3.191,71,31.68
420797,-987.305,88.379,60.547,10.344,-4.595,5.443,-117.188,-993.164,-28.320,0.740,7.794,4.496,53,31.68
420828,-986.816,119.141,47.363,5.489,-2.115,4.344,-125.000,-975.586,9.277,-1.840,4.611,2.901,55,31.68
420859,-994.629,115.234,46.387,-1.313,2.969,3.290,-115.234,-974.121,27.344,-5.573,-0.481,-0.626,51,31.68
420891,-984.375,117.188,52.734,-2.695,5.878,0.908,-161.621,-1020.996,-9.766,-8.214,-5.008,-3.053,53,31.68
420922,-1006.348,124.512,19.531,-8.176,11.687,2.588,-154.785,-1004.395,-29.297,-10.595,-11.527,-2.832,54,31.68
420953,-983.398,120.605,12.207,-9.740,11.069,0.748,-139.648,-967.773,-64.453,-10.046,-13.153,-5.916,54,31.68
420985,-995.117,103.516,2.930,-10.275,12.802,-0.649,-107.910,-1005.371,-71.289,-11.466,-11.351,-6.802,54,31.68
421017,-994.629,100.098,-43.945,-10.573,14.458,-3.496,-87.891,-1022.461,-75.684,-9.076,-9.908,-3.069,55,31.68
421048,-998.047,105.469,-37.598,-9.832,11.023,-1.107,-86.914,-988.281,-131.348,-7.504,-12.695,-2.901,52,31.68
421079,-1022.949,88.379,-35.645,-9.466,7.924,-3.969,-30.273,-1045.898,-103.516,-7.191,-9.405,-2.527,53,31.68
421111,-1008.301,65.918,-62.988,-10.031,6.214,-2.359,-28.320,-1021.484,-91.309,-5.908,-7.137,1.832,54,31.68
421142,-1000.488,68.848,-54.199,-1.679,1.435,0.412,-52.246,-1009.277,-100.098,-0.550,-1.420,0.550,53,31.68
421173,-1015.625,94.727,-52.246,1.870,-0.305,-0.496,-77.148,-997.559,-114.258,2.076,0.863,-2.412,55,31.68
421204,-998.047,91.309,-52.734,1.023,-0.206,-0.550,-86.914,-1034.668,-101.563,3.084,2.702,3.427,53,31.68
421235,-988.281,83.496,-47.363,1.664,-1.725,-0.809,-70.801,-1005.859,-98.633,4.901,3.275,3.229,53,31.68
421266,-1000.488,99.609,-38.574,1.221,-1.977,-0.115,-91.309,-1011.719,-87.402,6.595,5.992,0.115,53,31.68
421297,-1013.184,105.957,-40.039,4.550,-4.939,3.031,-80.566,-1016.113,-65.918,7.115,7.374,4.198,53,31.68
421328,-990.723,95.703,-32.715,5.885,-7.069,2.679,-67.871,-1014.160,-65.918,7.977,6.634,3.557,53,31.68
421359,-1004.883,90.820,-16.602,5.824,-9.786,3.427,-89.844,-998.047,-42.480,5.794,10.992,2.298,54,31.68
421390,-1003.418,105.957,0.488,6.145,-5.969,0.069,-93.262,-998.047,-56.152,5.710,6.435,4.580,54,31.68
421421,-994.629,107.910,8.301,3.214,-4.733,-1.870,-103.027,-1000.488,-51.270,5.634,5.611,-0.420,53,31.68
421452,-999.023,115.723,-6.836,1.076,-2.305,-4.397,-95.215,-986.816,-27.344,3.618,3.145,2.557,75,31.68
421483,-1003.906,124.023,10.742,3.878,-1.260,2.756,-110.352,-993.652,-11.719,1.405,0.718,-1.496,53,31.68
421514,-984.375,103.516,4.395,1.710,-0.527,1.977,-115.234,-997.559,-42.480,-2.038,-0.160,1.046,53,31.68
421545,-991.211,98.633,21.484,-3.099,-0.565,-1.718,-105.469,-997.070,-34.668,-1.160,-2.153,-0.115,59,31.68
421576,-993.652,97.168,13.184,-4.389,6.275,-1.176,-73.730,-1004.395,-51.758,-3.649,-4.099,-1.313,53,31.68
421607,-1000.488,99.121,-6.836,-3.458,5.573,-1.878,-88.379,-1012.695,-43.945,-3.313,-3.267,-1.977,53,31.68
421638,-1001.465,98.145,-7.324,-5.176,6.046,-0.725,-81.055,-1000.977,-48.828,-4.084,-4.817,0.611,53,31.68
421669,-999.512,104.004,-6.836,-0.252,5.015,2.244,-86.914,-1006.836,-59.570,-3.511,-4.084,-2.748,53,31.68
421701,-995.117,104.980,-13.184,-5.130,6.542,-2.565,-80.078,-1012.695,-67.383,-4.053,-1.977,0.588,47,31.68
421733,-997.070,93.750,-23.926,-5.565,5.847,-0.664,-78.125,-1015.625,-63.477,-2.145,-3.351,1.420,53,31.68
421764,-997.070,103.027,-11.230,-1.565,2.893,-2.832,-67.383,-998.047,-73.730,-0.191,-3.824,-1.260,53,31.68
421796,-1002.441,95.703,-26.855,-4.382,2.557,-0.740,-82.031,-1020.508,-81.543,-0.733,-1.221,0.313,50,31.68
421827,-999.023,101.074,-4.395,-4.275,4.878,-2.763,-82.031,-1016.602,-70.313,0.168,-3.183,-0.183,53,31.68
421858,-1008.789,93.750,-23.926,-3.275,2.191,-1.176,-93.262,-1000.488,-64.453,1.023,-2.412,-1.420,53,31.68
421890,-999.023,95.215,-15.137,-4.321,3.023,-0.985,-92.773,-1007.324,-65.918,1.000,-0.809,-0.870,53,31.68
421922,-990.234,96.680,-16.602,0.260,-0.840,1.290,-90.332,-1000.488,-68.359,-0.924,1.351,-1.336,84,31.68
421953,-948.730,49.316,-9.277,-13.115,2.527,-1.885,-33.691,-906.250,-94.727,-0.672,-16.153,-42.893,76,31.68
421985,-1024.414,86.914,-55.176,-0.802,-3.031,1.489,8.789,-1066.406,20.508,2.962,4.191,3.282,61,31.68
422016,-1010.742,74.219,-19.043,11.969,-10.290,1.618,-39.551,-1054.688,-20.020,10.878,21.214,0.168,59,31.68
422047,-972.656,153.320,27.832,11.153,-5.145,0.550,-160.156,-975.098,-225.586,11.809,14.527,2.092,57,31.68
422078,-971.680,133.301,23.437,-1.947,-0.771,-1.038,-150.391,-948.730,-138.184,-0.450,-3.282,2.496,57,31.68
422109,-990.234,103.027,11.719,-6.489,0.191,-1.840,-101.074,-1001.465,-43.457,-5.847,-6.626,-3.153,57,31.68
422140,-998.535,106.934,-20.996,-1.779,2.076,1.214,-53.711,-1021.484,-23.437,-2.046,-1.595,-1.061,75,31.68
422171,-995.605,119.629,-4.883,-0.542,0.794,3.580,-67.871,-1011.230,-73.242,-1.382,-2.244,-2.275,54,31.68
422202,-994.629,91.797,-13.184,-2.763,4.870,0.962,-88.867,-1002.441,-83.984,-4.893,-3.870,-1.084,54,31.68
422234,-969.238,9.766,-7.812,-15.359,4.802,2.122,-122.070,-1041.992,113.281,4.282,-17.634,5.901,212,31.68
422266,-1002.441,74.219,-67.871,-4.542,4.221,-0.733,-28.320,-1059.570,61.523,-8.351,-4.763,-0.344,163,31.68
422297,-1010.254,42.969,-30.273,8.176,-1.687,-0.656,-35.156,-1017.090,-16.602,1.695,12.420,0.305,121,31.68
422328,-985.352,109.375,8.789,11.137,-2.695,2.603,-218.262,-981.934,-187.500,6.947,16.649,-1.634,155,31.68
422359,-1004.395,114.746,0.000,0.641,-1.282,-0.656,-132.812,-961.426,-166.992,-0.221,-2.450,0.511,92,31.68
422390,-994.141,111.328,-5.859,-6.595,3.008,-2.206,-70.313,-995.605,-61.523,-4.893,-3.206,-0.985,83,31.68
422421,-995.605,89.844,-35.645,-2.359,2.397,-0.908,-57.129,-1032.227,-26.855,-0.763,-1.221,-1.802,69,31.68
422453,-989.258,93.750,-12.695,-2.809,2.679,-1.611,-86.914,-1010.254,-87.891,-0.969,1.267,2.244,59,31.68
422484,-1001.465,82.520,-9.766,-5.534,3.863,-3.321,-74.219,-1014.648,-71.777,-1.305,-4.443,0.794,58,31.68
422515,-1265.625,-62.500,-104.004,-21.450,1.099,-0.649,-106.445,-1003.418,-179.687,52.275,-56.916,-54.618,615,31.68
422547,-1001.465,71.289,-114.258,-11.756,1.008,-2.534,77.637,-1099.121,320.312,-16.725,-13.855,-4.313,935,31.68
422578,-1051.758,15.625,-63.477,8.153,-9.382,-2.901,2.930,-1112.793,172.363,2.985,21.282,2.015,1064,31.68
422609,-963.379,87.402,3.418,24.397,-13.443,1.756,425.293,-852.539,-53.223,13.725,37.695,7.214,1127,31.68
422640,-968.750,149.902,50.293,19.817,-10.878,1.802,-76.660,-939.941,-157.715,1.748,29.740,9.344,1159,31.68
422671,-964.844,154.785,59.570,5.779,-4.336,1.977,-216.309,-922.363,-158.203,7.420,0.519,0.641,702,31.68
422702,-988.281,107.422,18.555,-8.038,1.481,-1.084,-104.492,-962.402,7.812,-6.595,-9.672,-3.282,379,31.68
422733,-990.723,98.145,8.301,-10.244,6.550,-3.809,-55.176,-1038.574,41.992,-2.588,-6.053,0.084,214,31.68
422765,-993.652,86.426,-14.648,-2.824,1.794,1.443,-67.871,-1031.738,-28.809,-2.855,-3.626,1.237,127,31.68
422796,-989.746,89.844,-5.859,-3.840,6.313,-0.908,-83.496,-991.699,-60.059,-5.015,-1.183,0.130,91,31.68
422827,-1006.836,107.910,-21.484,-7.183,6.496,-3.992,-85.449,-1004.883,-54.688,-5.328,-3.244,-0.779,85,31.68
422859,-1017.090,108.887,-24.414,-1.389,1.840,2.153,-84.961,-1025.391,-34.668,-3.565,-1.977,-1.221,59,31.68
422890,-1013.672,106.934,-13.672,-2.473,3.702,-1.802,-92.773,-1007.812,-55.664,-0.817,-2.420,-3.115,57,31.68
422921,-994.141,92.285,-15.625,-3.687,2.931,-2.733,-92.285,-995.117,-57.129,-1.023,0.145,-1.916,56,31.68
422952,-996.582,115.723,-25.391,-3.794,2.473,-3.420,-101.074,-1007.324,-51.270,-2.313,-0.702,-3.282,54,31.68
422983,-997.070,89.355,-29.785,-1.702,1.947,-0.092,-65.430,-1004.395,-41.504,-3.557,-4.450,2.626,53,31.68
423014,-1007.324,72.754,-15.625,-1.824,0.863,-0.420,-77.637,-999.023,-43.945,-0.740,-3.794,0.321,55,31.68
423045,-1001.953,95.703,-10.742,0.023,1.099,0.733,-91.309,-1011.230,-54.688,-1.550,0.176,0.038,55,31.68
423076,-986.328,96.191,-7.812,-2.466,3.473,-3.282,-74.707,-1015.625,-71.289,-0.656,-1.710,1.198,53,31.68
423108,-998.047,88.379,-24.902,-0.191,0.328,1.679,-90.820,-992.676,-53.711,1.061,0.870,0.771,53,31.68
423139,-998.535,99.121,-21.484,-1.366,0.832,-4.511,-74.219,-1012.695,-54.199,-0.084,-0.115,0.725,54,31.68
423170,-1002.930,95.215,-13.672,-0.008,-0.618,-5.145,-87.402,-1011.230,-62.500,0.748,2.305,-1.275,39,31.68
423201,-1002.441,99.121,-19.531,0.992,-0.542,-3.229,-81.543,-1010.742,-52.246,3.183,1.802,0.695,53,31.68
423232,-997.070,88.379,-12.695,3.916,-2.023,0.969,-83.496,-1016.113,-46.875,2.290,0.847,1.687,53,31.68
423263,-994.141,80.566,-27.832,3.672,-0.183,-2.198,-86.914,-1013.184,-37.598,1.595,3.947,2.153,55,31.68
423294,-1001.465,91.797,-20.508,4.931,-4.618,0.107,-71.777,-1000.000,-33.691,2.450,4.260,-0.435,52,31.68
423325,-990.234,108.398,-0.977,2.481,-1.931,-1.634,-93.750,-1012.695,-39.551,3.634,2.702,1.550,54,31.68
423356,-990.723,95.703,-1.953,1.107,-1.275,-0.916,-101.563,-998.047,-39.551,1.412,1.809,-0.817,53,31.68
423387,-999.512,85.938,-1.953,-0.763,-0.473,-2.427,-85.449,-983.398,-36.133,1.168,1.275,-1.221,54,31.68
423418,-994.629,104.980,-10.254,1.168,0.069,0.053,-97.168,-1011.719,-50.293,-1.122,0.458,0.275,44,31.68
423449,-1005.859,113.281,-2.930,1.046,-1.130,2.351,-99.121,-1003.906,-38.574,-0.122,-0.962,-0.519,52,31.68
423480,-992.676,92.773,-4.883,-3.458,2.908,0.588,-92.773,-1006.348,-35.645,0.443,1.687,-0.321,53,31.68
423511,-991.211,96.680,-6.836,-3.206,3.740,-2.183,-95.215,-1015.625,-38.086,-0.924,-1.023,0.557,53,31.68
423542,-1003.906,101.074,-16.602,-3.115,1.695,-2.656,-92.285,-1014.648,-36.133,0.679,-0.718,-0.802,52,31.69
423573,-1006.836,99.121,-9.277,1.031,1.298,1.893,-83.008,-1018.555,-38.086,-1.153,-1.099,0.695,55,31.69
423604,-997.070,105.957,-6.348,-0.901,0.214,-0.198,-91.797,-1010.254,-40.039,-2.954,-1.901,-2.336,54,31.69
423635,-1003.418,94.727,-2.930,-2.489,0.840,-0.305,-72.266,-1000.977,-28.320,0.298,-3.718,0.290,54,31.69
423666,-998.047,95.215,-4.883,-2.557,3.534,-4.130,-85.938,-1009.766,-43.457,-0.237,-0.687,-1.298,68,31.69
423697,-1002.930,100.586,0.488,-0.992,1.160,-2.153,-93.262,-1020.508,-36.621,-0.244,-0.885,-1.664,55,31.69
423728,-998.047,96.680,-10.742,-2.130,3.244,-1.107,-78.125,-1001.465,-43.457,-1.069,-0.450,0.954,55,31.69
423759,-984.375,97.656,-7.324,-1.282,0.198,0.031,-81.055,-1010.742,-52.734,-1.000,-2.565,-1.595,53,31.69
423790,-995.605,105.957,-8.789,-1.580,0.901,1.397,-89.355,-997.559,-36.133,-0.855,0.718,-3.023,54,31.69
423821,-1005.859,103.516,-18.066,-1.275,2.084,-2.550,-80.078,-1003.906,-53.223,-0.611,-2.107,0.176,55,31.69
423852,-1001.465,96.191,-16.113,-3.473,2.992,-1.359,-89.844,-1003.418,-46.387,-0.046,-2.229,-0.679,55,31.69
423883,-993.652,98.145,-12.207,-2.092,2.473,-2.763,-71.289,-1007.812,-42.969,0.153,-3.550,0.855,52,31.69
423915,-986.328,82.520,-16.602,-2.046,3.405,-3.115,-83.496,-1002.930,-47.852,-0.237,-1.191,-1.473,79,31.69
423947,-1008.301,93.750,-17.578,-0.450,-0.756,1.374,-82.031,-1011.230,-48.828,-1.641,0.656,-0.504,53,31.69
423979,-1000.977,91.309,-18.555,-3.359,2.252,-3.069,-83.984,-1016.113,-45.898,-0.092,0.817,0.748,52,31.69
424010,-1003.906,103.516,-20.508,-0.489,0.519,0.931,-78.125,-1020.508,-48.828,0.496,0.824,0.107,51,31.69
424041,-991.699,90.820,-11.230,-0.397,-1.924,2.992,-102.051,-1001.953,-48.340,0.794,-2.855,-3.038,53,31.69
424072,-1005.371,95.215,-14.160,0.450,-1.573,-0.099,-93.750,-1006.836,-46.387,0.962,-0.855,1.107,52,31.69
424104,-986.328,101.563,-20.508,-0.260,1.282,2.038,-78.613,-999.512,-44.922,0.046,1.229,-1.779,52,31.69
424136,-995.117,102.051,-7.812,-1.779,0.916,-1.069,-98.145,-1002.441,-42.969,0.214,0.779,0.008,55,31.69
424167,-1000.977,102.051,-10.254,-0.664,-1.389,0.710,-88.867,-1015.625,-34.180,0.031,1.015,-0.809,53,31.69
424198,-999.512,85.449,-2.930,0.275,-0.885,1.389,-86.914,-997.559,-41.504,-1.061,0.382,0.038,55,31.69
424229,-985.840,102.051,-12.207,2.153,-1.221,1.382,-80.078,-1014.160,-47.363,-0.863,-0.611,3.237,53,31.69
424260,-999.023,110.840,-10.254,-2.137,2.588,-1.405,-89.355,-1013.184,-52.734,0.893,-0.954,0.229,39,31.69
424291,-990.234,91.797,-23.926,-2.214,3.580,-2.374,-89.355,-1003.906,-35.645,0.534,-1.450,0.710,55,31.69
424322,-988.770,95.703,-11.719,1.160,-0.260,2.786,-82.520,-1000.488,-38.086,-0.435,-1.443,-3.595,51,31.69
424353,-997.559,103.027,-14.648,-0.947,-0.176,-0.198,-76.660,-1012.207,-44.922,0.115,-1.130,0.038,54,31.69
424384,-997.070,98.633,-13.672,-0.588,-0.664,1.053,-72.754,-1011.719,-38.574,1.084,0.137,2.733,53,31.69
424415,-985.840,103.027,-14.160,-0.977,3.183,-3.687,-78.613,-1007.324,-54.199,-2.305,-0.405,0.099,55,31.69
424446,-1012.695,99.609,-11.230,-2.031,3.176,-0.168,-82.031,-1010.254,-36.133,-0.153,-1.168,2.130,53,31.69
424477,-994.141,86.914,-13.672,-4.076,2.733,-3.779,-95.703,-1001.953,-49.805,0.885,-2.237,-2.023,53,31.69
424508,-1005.859,94.238,-21.973,-1.313,-1.176,-0.450,-89.355,-1001.465,-41.504,-2.198,0.046,-2.901,41,31.69
424539,-1004.883,93.750,-19.531,-1.061,-1.679,1.099,-71.289,-1012.695,-53.223,0.863,0.092,-0.893,54,31.69
424570,-1011.719,96.680,-21.973,2.687,-0.771,1.328,-84.961,-1000.488,-47.852,0.611,0.916,-1.916,59,31.69
424602,-1003.418,97.656,-20.508,0.183,0.450,-1.740,-79.590,-1008.789,-39.063,0.458,1.298,-0.969,61,31.69
424633,-993.164,100.586,-13.184,2.015,0.847,1.076,-84.473,-1011.719,-39.551,0.580,0.176,-0.618,51,31.69
424664,-996.094,89.844,-20.996,1.672,-1.779,4.290,-87.891,-1008.789,-39.063,-1.214,-1.260,-0.435,55,31.69
424695,-1006.348,102.539,-18.066,-1.496,3.313,-0.718,-96.680,-1002.930,-54.688,-1.382,-0.992,1.130,55,31.69
424726,-998.047,96.191,-17.578,-3.107,4.237,-3.908,-86.914,-1016.113,-44.922,-0.382,-2.336,-0.649,56,31.69
424757,-1002.441,92.285,-22.949,0.176,0.557,1.046,-69.824,-1017.578,-43.457,0.305,-1.038,-1.466,51,31.69
424788,-1000.977,100.098,-26.855,0.099,0.588,-1.389,-93.750,-1003.418,-47.852,0.870,0.244,-4.137,51,31.69
424819,-992.187,103.027,-24.902,-0.389,-1.947,0.962,-100.098,-1016.602,-50.293,-0.649,0.244,-0.473,52,31.69
424850,-997.559,86.426,-31.250,-1.168,3.099,-3.023,-74.219,-1005.859,-50.293,-0.359,-3.405,-0.168,54,31.69
424881,-999.023,91.309,-20.508,-1.519,0.267,-1.603,-85.449,-1013.184,-45.898,-0.863,-1.992,1.260,53,31.69
424912,-1007.324,98.633,-26.367,-2.183,2.931,-2.824,-83.984,-1008.301,-52.734,-0.718,0.359,-0.153,53,31.69
424943,-987.793,95.215,-6.348,1.183,-1.275,0.557,-91.797,-1000.488,-40.039,-0.168,-1.366,-0.168,35,31.69
424974,-1006.836,95.215,-14.648,0.122,2.160,2.504,-92.285,-1010.254,-46.387,1.031,-0.198,3.260,53,31.69
425005,-1003.906,93.750,-33.203,-0.977,0.542,0.908,-93.262,-1007.324,-31.738,-1.473,1.359,-1.122,54,31.69
425036,-999.512,113.770,-6.836,-0.519,3.664,-3.328,-89.355,-1009.277,-49.316,1.420,-0.038,1.489,54,31.69
425068,-999.023,97.656,-8.301,-1.580,-1.466,2.305,-85.938,-990.234,-36.133,-1.198,-0.237,-1.511,53,31.69
425099,-981.934,94.238,-16.113,1.000,-0.076,-1.046,-82.031,-1014.648,-50.781,-1.611,-0.756,-1.069,49,31.69
425130,-990.723,101.563,-15.625,-1.603,3.901,-1.649,-89.844,-1006.348,-44.922,-0.351,-4.473,-2.931,53,31.69
425161,-993.652,95.215,-23.926,-4.389,2.405,-2.725,-74.219,-996.094,-53.223,-0.008,-4.023,-0.130,53,31.69
425193,-997.559,95.215,-20.508,-2.847,2.618,-2.992,-75.195,-1001.465,-35.645,-1.557,-1.260,-0.382,53,31.69
425224,-1002.930,101.074,-13.672,-5.305,3.969,-0.748,-89.355,-1004.395,-54.688,-1.198,-3.824,-0.756,53,31.69
425256,-998.047,97.168,-27.832,-0.603,0.275,0.435,-73.730,-1009.277,-43.457,-0.290,-3.359,0.489,53,31.69
425287,-989.746,85.449,-27.344,-3.061,3.290,-1.229,-76.172,-1005.371,-52.734,0.481,-3.351,-1.733,60,31.69
425318,-995.605,96.680,-36.133,-1.885,1.626,-1.305,-77.148,-1016.602,-52.246,-0.885,-0.740,-0.107,51,31.69
425349,-997.559,96.191,-23.437,-3.061,1.366,-2.015,-63.477,-1010.254,-55.176,1.496,-1.153,0.260,53,31.69
425380,-1005.371,84.961,-18.555,1.885,-2.076,1.824,-73.242,-1004.883,-42.969,1.267,4.924,1.878,53,31.69
425411,-997.559,102.051,-14.648,1.931,-1.824,-0.870,-83.008,-1005.371,-43.945,1.313,0.656,0.374,53,31.69
425442,-979.492,97.168,-12.207,-1.023,-0.053,-1.496,-76.660,-1021.484,-48.828,3.366,1.214,-1.260,41,31.69
425473,-1009.277,89.844,-2.930,0.252,1.725,-2.145,-86.914,-1011.230,-39.063,2.511,0.351,1.206,53,31.69
425504,-983.398,84.961,-9.277,-3.321,-0.817,-2.542,-84.961,-1016.113,-38.086,-0.557,0.267,-2.336,53,31.69
425535,-996.094,83.984,-12.695,-0.359,-2.603,-0.947,-76.660,-1012.695,-34.668,-0.672,-0.557,2.908,68,31.69
425567,-980.469,108.398,-17.090,-1.092,3.015,-1.244,-85.449,-1005.371,-42.480,-0.588,-1.198,0.282,53,31.69
425598,-995.605,103.516,-6.348,-2.779,4.947,-1.656,-84.473,-1012.695,-35.156,-0.771,-1.954,-1.145,50,31.68
425629,-996.582,89.355,-27.344,-1.427,-0.847,0.748,-87.402,-1018.066,-41.992,-2.473,-0.053,1.939,55,31.68
425660,-1000.488,79.102,-29.785,0.443,-1.198,0.618,-82.520,-1011.230,-43.457,1.160,-4.382,1.794,53,31.68
425692,-1006.836,95.215,-19.043,-0.626,1.725,1.809,-83.984,-1008.301,-48.340,-0.130,-0.771,-1.626,53,31.68
425723,-985.840,98.633,-28.809,-0.534,0.420,0.702,-90.820,-1011.719,-41.992,-1.069,-2.008,-0.962,51,31.68
425754,-1017.578,87.891,-18.555,1.130,0.573,0.672,-76.660,-1019.043,-52.246,-1.092,-1.046,-2.183,53,31.68
425785,-991.211,91.797,-28.320,-2.122,1.321,0.069,-81.543,-1012.207,-49.805,0.115,-1.191,2.656,53,31.68
425816,-1000.977,84.473,-18.066,-1.275,2.427,-1.901,-91.797,-1014.648,-49.805,-1.931,-0.824,-2.031,52,31.68
425847,-998.535,93.262,-15.625,-1.534,2.313,-3.427,-80.566,-1006.836,-46.875,1.550,1.733,1.115,55,31.68
425879,-1001.465,89.844,-31.250,-1.053,1.656,-2.420,-76.660,-1008.301,-51.758,1.626,0.160,-0.176,71,31.68
425910,-993.164,94.238,-10.254,-2.321,2.710,-4.282,-91.309,-1018.066,-48.828,0.802,1.435,2.374,53,31.68
425942,-1004.883,86.914,-25.879,-2.626,2.550,-1.740,-83.496,-997.559,-59.570,-0.053,-1.328,0.023,53,31.68
425973,-991.699,83.008,-20.508,-0.840,0.733,-2.405,-81.543,-1025.391,-35.645,1.695,-0.405,-1.435,49,31.68
426004,-1000.488,90.332,-20.508,-0.351,1.832,-2.511,-91.309,-1005.371,-46.875,2.130,0.115,-1.870,55,31.68
426035,-995.117,96.191,-19.043,-1.672,-1.061,0.214,-85.449,-997.559,-51.758,0.382,0.031,-2.237,53,31.68
426066,-1009.766,84.473,-25.391,-1.748,-1.038,2.183,-74.707,-1013.184,-48.828,-0.931,1.504,-2.756,54,31.68
426097,-995.605,93.262,-22.949,2.328,-1.458,0.595,-74.707,-1009.277,-38.086,-0.427,0.031,0.817,53,31.68
426128,-1004.883,79.590,-6.348,0.176,3.603,-2.359,-80.566,-993.164,-56.152,0.466,-0.573,0.626,53,31.68
426159,-989.746,88.867,-29.785,-1.687,2.695,-2.809,-60.547,-1011.719,-41.992,-0.847,-0.840,0.779,53,31.68
426190,-984.375,93.262,-39.551,-1.015,1.985,-2.260,-86.426,-997.559,-52.734,0.069,-1.511,-1.069,55,31.68
426221,-1003.418,88.379,-28.320,1.870,0.328,3.389,-77.148,-996.582,-42.480,-1.664,0.725,-3.122,69,31.68
426252,-988.281,91.309,-28.320,2.046,-1.145,0.252,-78.613,-1002.441,-44.434,0.412,-3.611,1.885,53,31.68
426283,-992.187,100.586,-22.949,-0.427,-0.198,-1.397,-83.008,-1015.625,-42.480,1.389,-1.160,2.237,52,31.68
426314,-997.070,92.285,-30.273,-2.305,3.145,-0.557,-86.426,-1003.418,-46.387,-0.481,0.359,0.878,53,31.68
426345,-988.770,85.938,-26.367,-3.756,2.733,-0.893,-92.285,-997.070,-34.180,-1.748,0.679,2.695,53,31.68
426376,-1006.836,89.844,-15.137,-2.901,4.656,-2.076,-88.867,-1010.254,-57.617,-0.947,-1.534,-1.191,61,31.68
426407,-1002.441,88.867,-32.715,-0.405,-1.244,0.969,-72.754,-1008.301,-41.992,1.038,-1.466,-2.496,54,31.68
426438,-990.234,97.656,-27.832,-1.099,-0.702,1.573,-77.148,-1015.625,-44.434,0.290,-1.183,-1.565,53,31.68
426469,-1000.000,91.309,-21.484,-0.328,3.542,-3.504,-68.359,-998.535,-54.688,0.840,-0.191,0.229,64,31.68
426500,-1019.531,97.656,-30.273,-2.794,2.542,-0.809,-73.242,-1002.930,-52.246,-0.992,0.565,-1.229,55,31.68
426531,-996.582,94.727,-9.277,-2.046,1.809,-1.122,-77.148,-1019.043,-54.688,0.305,0.153,3.305,53,31.68
426562,-1008.301,81.543,-16.602,0.931,-0.733,1.748,-79.590,-1010.742,-49.316,-0.870,-0.565,-1.267,53,31.68
426593,-996.094,84.961,-28.320,1.473,-2.527,0.664,-87.891,-1008.789,-42.480,0.435,-1.015,2.992,55,31.68
426624,-1000.000,83.496,-17.090,-0.916,-1.344,0.901,-94.727,-989.746,-53.223,0.573,-0.656,1.053,57,31.68
426655,-1002.930,80.566,-23.926,-4.237,0.840,-3.252,-77.637,-1010.742,-44.922,0.718,-1.420,2.053,55,31.68
426686,-988.770,93.262,-29.785,-1.947,1.985,-3.084,-68.848,-1006.348,-56.641,-0.511,0.733,-1.489,55,31.68
426717,-998.047,85.938,-40.527,-1.786,2.771,-1.947,-75.684,-1008.789,-51.758,1.267,0.809,1.237,57,31.68
426748,-999.023,92.285,-21.484,0.435,0.298,2.611,-94.238,-1013.184,-57.617,1.336,-1.038,2.252,52,31.68
426779,-992.187,95.703,-29.785,-0.687,-1.427,-1.214,-79.590,-1001.465,-53.711,0.214,-1.885,-1.008,53,31.68
426811,-986.816,89.355,-28.320,-3.489,1.504,-2.206,-78.613,-1020.508,-62.012,0.809,1.397,0.611,53,31.68
426842,-1000.488,96.680,-17.578,1.824,0.382,0.855,-107.422,-998.535,-55.664,0.252,1.061,0.794,55,31.68
426873,-993.164,102.539,-29.297,1.107,1.550,-0.015,-94.238,-1008.301,-49.316,0.160,-0.878,-1.137,56,31.68
426904,-1004.883,91.309,-39.063,-1.954,2.977,-4.626,-92.285,-1007.812,-45.410,1.885,-0.237,0.351,55,31.68
426935,-991.211,93.750,-25.391,-1.824,1.206,-2.870,-86.426,-1011.719,-59.570,-0.893,-2.244,-7.382,55,31.68
426966,-998.047,72.754,-24.414,-2.847,1.992,-2.321,-79.590,-998.535,-47.363,0.824,0.924,-0.275,55,31.68
426997,-1004.883,79.590,-22.461,1.893,-0.939,0.687,-65.430,-1011.719,-53.711,-0.153,-2.122,1.183,53,31.68
427028,-1001.465,94.727,-20.020,1.282,-1.000,1.817,-74.219,-1008.789,-50.781,0.740,-0.954,-0.359,56,31.68
427059,-1000.000,82.031,-19.531,1.450,-3.191,2.656,-67.383,-1004.883,-39.551,-0.389,1.107,0.756,56,31.68
427090,-1022.949,93.750,-24.414,-3.099,2.603,-1.519,-94.238,-1012.207,-56.641,2.076,2.206,-2.229,55,31.68
427121,-1006.836,100.586,-10.254,-0.794,0.557,-1.321,-88.379,-1008.301,-48.340,1.328,-0.435,-1.916,54,31.68
427152,-985.352,106.445,-11.719,-3.504,3.351,0.031,-89.355,-1008.301,-45.410,0.405,1.786,-2.107,58,31.68
427183,-1005.859,100.586,-17.578,-0.641,-0.221,1.008,-99.609,-1001.953,-53.711,-1.076,-2.031,-1.275,57,31.68
427215,-1003.906,83.008,-24.414,-2.626,3.550,-1.908,-88.867,-1026.367,-49.805,-0.962,-2.725,-1.153,68,31.68
427247,-1019.043,104.004,-21.973,-1.878,4.847,-3.260,-123.047,-995.605,-65.430,1.008,-4.397,-1.847,343,31.68
427278,-1027.344,94.727,-47.852,0.282,5.664,-6.405,-73.730,-1047.852,-27.344,0.076,-6.221,-4.702,405,31.68
427309,-979.492,61.523,-122.070,-5.076,7.198,-5.290,-87.402,-965.820,-33.203,-4.008,-1.282,-2.107,587,31.68
427340,-988.770,70.801,-191.406,-3.466,15.053,-5.916,-64.941,-955.566,-83.008,-11.687,-2.840,-1.298,914,31.68
427371,-1016.113,-89.844,-200.195,0.977,21.237,-11.069,-28.809,-985.352,-49.316,-17.473,1.534,-10.985,751,31.68
427402,-991.699,-217.773,-174.805,2.542,23.000,-20.511,-25.391,-995.605,-115.723,-19.282,3.160,-12.336,601,31.68
427433,-1004.395,-221.191,-166.016,5.565,27.756,-41.008,-5.371,-969.727,-117.676,-22.962,5.450,-10.397,424,31.68
427464,-1001.465,-161.621,-187.988,8.107,26.901,-52.489,5.859,-977.539,-112.305,-22.672,8.740,-9.420,297,31.68
427495,-1021.973,-100.098,-172.852,9.458,31.595,-55.809,17.090,-998.535,-134.766,-21.275,11.840,-7.305,180,31.68
427526,-1061.035,-35.156,-125.977,13.924,27.626,-58.031,6.348,-1029.297,-171.875,-19.794,13.153,-7.924,111,31.68
427557,-1038.086,33.203,-78.125,16.931,19.947,-53.008,-2.441,-1071.777,-127.930,-16.725,18.389,-9.206,121,31.68
427588,-1006.836,95.703,-22.461,19.458,10.840,-38.000,-46.387,-1057.129,-156.738,-6.649,20.023,-4.000,99,31.68
427619,-994.629,143.066,-25.879,18.046,8.458,-30.885,-118.164,-1007.324,-124.512,0.137,21.359,-4.702,283,31.68
427650,-953.613,114.746,-40.527,13.229,6.198,-18.511,-100.098,-988.770,-91.309,-0.046,18.015,4.450,415,31.68
427681,-904.785,113.281,-53.223,15.885,1.855,-7.710,-80.078,-975.098,-107.910,-0.870,14.885,5.511,263,31.70
427712,-879.883,118.652,-83.008,8.069,5.527,6.557,-62.988,-949.219,-80.566,-3.916,8.115,10.427,182,31.70
427743,-824.707,97.168,-54.199,3.122,4.359,18.435,-34.668,-929.687,-66.895,-5.137,6.023,16.794,117,31.70
427774,-786.133,125.488,-55.664,-5.015,11.290,25.969,-42.969,-942.383,-83.496,-8.672,2.069,27.870,87,31.70
427805,-1310.059,-1189.453,-247.070,-32.718,12.656,16.908,-235.352,-1170.898,-148.926,-17.000,-5.863,20.427,73,31.70
427836,-1165.039,528.320,-87.891,6.061,20.542,-23.389,37.598,-1415.039,-61.523,-4.603,-5.168,-17.756,63,31.70
427868,-721.191,-20.508,-62.988,-25.672,7.489,3.924,-80.078,-986.328,-166.016,-13.832,-15.336,18.542,57,31.70
427899,-1158.691,-362.305,-354.004,-10.947,13.382,4.443,-105.469,-962.402,-12.207,-14.412,-7.130,0.504,57,31.70
427930,-907.227,66.406,-172.852,-9.305,16.733,8.427,172.852,-971.191,-264.648,-18.603,1.618,3.588,110,31.70
427961,-998.047,-588.379,-81.543,-1.405,0.855,26.733,422.363,-1318.848,-505.371,-1.420,-13.198,-1.878,331,31.70
427992,-938.477,-136.719,-291.504,-17.695,-1.397,32.710,130.859,-1226.563,-121.582,-18.115,-27.153,35.313,399,31.70
428023,-1033.691,-218.750,-302.734,-5.282,-6.840,39.076,198.730,-1176.758,-256.348,-2.679,-13.626,36.519,347,31.70
428054,-1061.035,212.891,-188.477,2.992,-9.511,50.244,-166.504,-1030.762,-276.367,-9.756,-3.962,41.351,205,31.70
428085,-977.051,-52.734,-171.875,-4.550,-12.962,52.565,-88.867,-1022.949,-126.465,7.328,-4.702,48.603,159,31.70
428117,-1004.883,65.430,-196.777,2.863,-13.092,51.130,-208.984,-825.195,-211.426,8.160,3.718,50.817,215,31.70
428148,-946.289,63.477,-164.551,4.595,-12.344,48.237,-283.691,-871.094,-217.773,10.511,1.031,40.458,265,31.70
428179,-982.422,72.754,-181.641,3.664,-12.779,47.649,-260.742,-822.266,-106.445,11.206,9.115,34.473,390,31.70
428210,-979.980,106.934,-100.098,8.786,-13.687,47.191,-297.852,-735.352,-137.207,13.885,8.031,23.137,401,31.70
428242,-975.098,174.316,-98.633,6.885,-8.611,43.183,-335.937,-704.590,-119.141,14.298,5.695,8.771,270,31.70
428273,-968.262,184.082,-46.875,1.893,-4.901,39.076,-337.402,-733.887,-60.547,6.718,1.183,-10.924,495,31.70
428304,-948.730,219.238,-53.711,-4.252,-1.588,39.115,-308.105,-885.742,-54.199,10.634,-1.763,-17.031,670,31.70
428335,-1020.996,235.352,-140.137,-3.580,1.115,38.389,-239.746,-825.684,-12.207,10.168,-8.237,-34.794,415,31.70
428366,-979.980,272.461,-189.941,-1.504,-0.290,35.916,-250.488,-1021.484,-214.844,18.328,1.122,-33.198,270,31.70
428397,-966.309,224.609,-160.645,-4.069,0.122,32.931,-368.164,-904.785,-40.039,37.641,19.847,-41.527,175,31.70
428428,-951.660,322.266,-186.523,-3.275,-0.573,22.176,-419.434,-944.824,-258.301,14.977,16.176,-44.061,116,31.70
428459,-1009.766,384.766,-127.930,-1.977,1.412,13.489,-563.477,-1224.121,156.250,23.038,11.725,-26.565,88,31.70
428490,-1025.391,513.184,-124.023,0.405,8.588,-5.756,-608.887,-1359.863,-134.766,-12.756,-12.466,-8.763,83,31.70
428521,-803.223,312.012,11.719,-7.275,15.893,-24.183,-406.738,-812.500,-23.926,-11.580,-19.092,-11.282,64,31.70
428552,-948.242,251.953,-152.832,-12.260,23.786,-35.252,-124.512,-914.551,9.766,-22.908,-19.198,-12.130,61,31.70
428583,-960.449,177.246,-105.957,-16.649,29.015,-33.000,-23.437,-885.254,-44.434,-25.573,-19.763,-17.221,117,31.70
428614,-1028.809,73.730,-198.730,-11.183,28.977,-30.237,146.484,-1086.426,-35.645,-26.656,-12.397,-16.786,223,31.70
428645,-1079.590,124.023,-197.754,4.061,18.947,-22.260,-21.973,-1001.953,-334.961,-21.565,-0.962,-21.298,421,31.70
428676,-1015.625,86.426,-316.406,12.802,3.168,-22.076,77.148,-1141.602,-407.227,-10.908,6.718,-20.473,246,31.70
428707,-1116.211,-69.336,-214.355,13.252,-14.656,-24.084,125.000,-1155.273,-417.969,9.198,8.794,-14.176,156,31.70
428738,-1162.109,-91.309,-160.645,13.336,-24.336,-37.534,4.883,-1069.336,-360.840,28.969,14.198,-19.504,103,31.69
428769,-1123.535,15.625,-158.691,11.664,-33.565,-42.534,32.715,-1053.223,-242.676,37.496,12.679,-24.107,71,31.69
428800,-1026.367,115.234,-263.184,1.939,-28.145,-40.733,-17.090,-962.402,-70.313,25.947,3.351,-28.122,75,31.69
428831,-869.141,187.500,-215.820,1.160,-18.053,-31.244,2.930,-977.539,-52.246,16.053,5.336,-21.786,62,31.69
428862,-793.457,236.328,-174.316,-0.305,-10.405,-21.092,-47.852,-858.398,-46.387,10.916,2.412,-18.863,73,31.69
428893,-748.047,227.539,-121.094,0.374,-3.015,-8.977,8.789,-916.992,-17.578,2.176,-0.450,-8.733,63,31.69
428924,-775.391,192.871,-69.336,-0.756,0.359,-0.221,-12.695,-928.223,-23.926,1.557,7.008,-2.580,59,31.69
428955,-835.937,145.508,-82.520,6.695,-1.366,4.779,-51.270,-898.437,-41.504,5.069,10.550,7.527,57,31.69
428986,-855.469,344.238,-1.953,12.290,-6.359,8.817,-59.082,-991.699,-77.637,2.695,13.397,19.786,76,31.69
429017,-923.828,-123.535,-129.395,4.748,-0.626,16.992,-23.926,-944.824,-137.695,3.305,5.901,20.908,55,31.69
429048,-953.613,72.266,-91.309,3.565,-3.824,18.580,-77.637,-1033.691,-104.004,2.687,4.374,21.863,60,31.69
429079,-1009.766,111.328,-134.766,-0.634,3.824,15.496,-89.844,-1064.453,-100.098,0.153,1.450,26.252,55,31.69
429110,-1103.027,33.691,-76.172,-0.649,4.076,9.511,-63.965,-1041.016,-82.520,-2.473,4.130,21.824,59,31.69
429142,-1313.965,-116.699,-84.961,0.206,1.405,6.244,-120.117,-1067.871,-139.160,-2.237,-1.763,8.779,55,31.69
429174,-1203.613,62.012,-145.996,-0.573,-0.893,-2.702,-118.164,-1086.914,-147.949,-1.282,-5.817,-7.664,56,31.69
429205,-924.316,112.793,-136.719,-1.878,-0.756,2.038,-24.902,-962.891,-80.566,-2.527,-4.916,-2.321,57,31.69
429236,-870.117,128.906,-133.301,-1.656,1.313,-0.679,-77.637,-919.922,-90.820,-0.069,0.145,-0.420,57,31.69
429267,-896.484,166.992,-127.441,-1.008,-0.366,3.298,-69.824,-993.164,-116.211,3.702,2.679,1.817,53,31.69
429298,-1038.086,66.406,-135.254,0.878,0.092,3.511,-79.590,-1035.645,-132.812,2.397,5.542,3.183,53,31.69
429329,-1125.000,60.547,-128.418,4.763,-1.824,1.573,-117.188,-1077.637,-136.719,0.901,4.267,0.351,55,31.69
429360,-968.262,131.836,-93.750,3.710,-4.977,0.053,-66.406,-994.141,-107.422,2.313,2.046,0.107,57,31.69
429391,-922.363,115.234,-117.676,3.244,-3.656,3.527,-93.262,-958.496,-81.543,2.031,1.534,0.405,56,31.69
429422,-1014.160,104.004,-104.492,0.679,-0.725,-2.145,-75.684,-1044.922,-101.563,2.145,2.641,0.924,52,31.69
429453,-1013.672,112.793,-89.844,1.511,-1.832,-1.176,-84.473,-1024.902,-100.586,3.626,1.649,3.519,55,31.69
429484,-973.145,105.957,-112.305,0.840,0.450,0.229,-87.402,-984.375,-105.469,2.260,3.084,0.832,56,31.69
429515,-997.559,112.305,-103.516,1.336,-3.290,1.137,-92.285,-1012.695,-98.145,2.794,2.153,0.611,49,31.69
429546,-995.605,105.957,-112.305,0.489,-1.160,4.702,-73.242,-1003.906,-79.590,1.794,-0.137,1.168,54,31.69
429577,-998.535,114.258,-94.238,1.771,-1.710,2.382,-97.656,-993.164,-83.984,0.634,2.198,3.847,55,31.69
429608,-990.234,115.723,-92.773,-1.351,1.893,-1.115,-105.469,-992.676,-92.773,0.206,0.450,0.160,53,31.69
429639,-988.281,107.422,-100.098,-4.695,0.435,-0.008,-87.402,-986.816,-71.289,1.191,-2.160,2.046,59,31.69
429670,-982.422,110.352,-102.539,-1.511,4.756,-3.069,-85.449,-993.652,-93.262,-2.366,-1.313,1.702,22,31.69
429701,-996.094,119.629,-105.469,0.229,2.664,2.542,-104.980,-1005.371,-101.074,-2.977,-5.496,0.504,59,31.69
429732,-1000.977,106.445,-109.863,-1.733,3.244,0.214,-77.148,-1000.000,-80.078,-2.794,-2.718,0.420,54,31.69
429763,-991.211,102.051,-100.098,0.313,2.611,2.656,-93.262,-1001.953,-92.285,-2.618,-0.595,1.328,53,31.70
429794,-919.434,126.465,-127.930,-13.779,1.817,-2.481,-63.477,-921.387,-50.293,-0.321,-15.351,4.008,230,31.70
429825,-1019.531,102.051,-158.691,-3.595,-0.031,-3.359,-8.789,-1076.172,51.270,0.061,3.977,2.313,153,31.70
429856,-979.492,43.457,-116.211,15.588,-5.771,2.038,-14.160,-973.145,-283.203,1.931,19.924,-4.855,121,31.70
429887,-986.816,144.531,-86.426,9.748,-4.107,1.733,-154.297,-986.816,-212.402,3.061,5.313,0.504,105,31.70
429918,-999.023,126.953,-77.637,-3.015,-1.695,1.198,-108.887,-1000.000,-121.094,-3.557,-2.954,-0.412,82,31.70
429949,-977.051,84.473,-104.004,-3.137,2.840,-2.351,-63.477,-1013.672,-37.109,-1.756,-1.893,0.015,84,31.70
429980,-980.957,96.680,-101.074,-1.855,5.305,-0.511,-73.730,-994.141,-82.031,-1.748,1.359,0.015,57,31.70
430011,-1337.402,518.066,54.688,-8.046,2.405,-1.924,-94.727,-1105.469,-68.848,9.664,-14.458,-4.351,240,31.70
430042,-1009.766,78.613,-134.766,-4.977,0.618,-0.061,-60.547,-1051.270,20.996,-7.550,-2.771,-1.458,167,31.70
430073,-977.051,40.039,-133.301,7.076,-1.779,4.183,-42.480,-973.145,-31.738,-4.893,17.290,-1.763,124,31.70
430104,-990.723,150.879,-73.242,6.206,-2.061,1.718,-148.437,-972.656,-171.875,1.908,5.450,-0.802,125,31.70
430135,-1002.930,128.906,-98.145,-5.756,3.954,-1.901,-103.027,-1009.277,-128.418,-3.382,-4.359,1.344,91,31.70
430166,-984.375,88.867,-114.746,-3.802,4.710,-2.656,-44.922,-993.652,-55.664,-2.450,-2.672,-1.779,73,31.70
430197,-995.117,92.773,-111.816,-0.924,4.641,-2.168,-73.730,-1006.836,-72.754,-2.603,-1.672,0.298,61,31.70
430228,-1002.930,139.160,-162.598,-18.702,0.076,2.611,-5.859,-895.996,-27.344,-9.366,-28.802,-0.053,84,31.70
430259,-1038.086,103.027,-197.754,-6.458,-6.183,1.748,24.902,-1072.754,163.574,0.824,4.824,0.573,92,31.70
430290,-972.168,5.371,-160.156,20.962,-11.366,-0.221,23.926,-967.285,84.473,16.611,42.824,5.916,91,31.70
430321,-971.191,226.074,-50.293,23.466,-4.626,0.840,-233.398,-963.867,-265.137,7.885,28.153,-1.748,101,31.70
430352,-1019.043,152.832,-33.203,-0.550,-1.565,-2.763,-171.387,-989.746,-211.914,0.557,-0.092,-2.328,79,31.70
430383,-980.957,109.863,-79.590,-10.954,4.924,-3.962,-86.914,-974.609,-27.344,-2.740,-8.977,2.092,69,31.70
430414,-992.187,83.984,-97.168,-1.985,3.023,1.511,-60.059,-1000.977,-26.367,-2.992,-4.595,-2.053,61,31.70
430445,-1008.789,110.352,-82.031,0.473,0.977,0.298,-76.172,-1020.996,-114.746,-1.321,-1.626,-4.374,107,31.70
430476,-1005.859,129.395,-90.820,-7.168,8.160,-3.267,-106.934,-996.582,-159.180,-1.366,-6.351,-0.069,165,31.70
430507,-1044.922,96.680,-103.516,-8.824,6.069,-7.565,-96.680,-1026.855,-82.520,-4.046,-9.824,-4.023,191,31.70
430538,-1001.465,152.832,-130.371,-6.130,7.641,-7.969,-98.145,-994.141,-50.293,-4.275,-7.092,-5.855,198,31.70
430569,-1013.672,66.895,-128.906,-1.099,4.702,-4.664,-106.934,-991.211,-141.602,-2.298,-6.672,-10.947,204,31.70
430600,-1144.043,-11.230,-143.555,-2.160,6.412,-12.771,-96.680,-1015.137,-135.742,-1.382,-7.969,-15.817,298,31.70
430631,-1262.207,-11.230,-145.996,-0.718,5.947,-20.603,-59.082,-1180.664,-132.324,-4.099,-5.687,-23.649,235,31.70
430662,-1301.758,-14.648,-158.691,-0.985,7.580,-29.481,-25.391,-1221.680,-165.527,-6.733,-3.977,-28.046,198,31.70
430693,-1342.285,40.527,-90.820,-0.718,0.115,-38.252,-10.254,-1056.152,-162.109,-7.634,-4.557,-44.977,222,31.70
430724,-1291.992,-14.648,-99.609,3.443,-4.519,-44.489,-40.527,-1163.086,-154.785,-1.237,-5.931,-56.603,505,31.70
430755,-1217.773,-15.137,-114.746,2.702,-8.649,-48.695,4.395,-1121.094,-104.980,0.992,-1.992,-62.519,431,31.70
430786,-1205.078,-63.965,-124.512,5.252,-8.977,-52.160,16.602,-1085.449,-81.543,7.924,1.580,-70.214,537,31.70
430817,-1193.359,-155.273,-105.469,6.504,-9.397,-64.611,54.199,-1070.801,-75.684,9.595,2.176,-77.710,920,31.70
430848,-1161.133,-208.984,-60.059,3.496,-8.565,-81.206,125.000,-1067.383,-90.332,14.496,3.855,-84.221,805,31.70
430879,-1126.465,-243.652,-30.273,2.092,-10.954,-92.588,200.195,-940.918,-75.684,18.786,4.015,-85.382,665,31.70
430910,-1065.918,-299.316,-24.902,3.031,-15.221,-104.344,242.676,-1033.203,-42.969,22.504,4.702,-82.641,949,31.70
430941,-1032.227,-376.465,-8.301,5.908,-18.954,-111.634,296.875,-886.719,-41.992,28.824,9.656,-79.786,1443,31.70
430972,-969.238,-462.402,0.488,5.298,-25.137,-123.794,283.203,-808.105,-36.621,30.229,8.267,-79.863,1553,31.70
431003,-835.449,-542.480,-7.324,3.603,-27.649,-141.321,356.445,-751.953,-41.992,30.466,4.840,-67.809,1462,31.70
431034,-842.285,-656.738,-34.180,2.389,-24.206,-155.115,379.883,-719.727,38.574,28.229,2.008,-63.557,1819,31.70
431065,-757.324,-705.566,-44.922,2.176,-25.420,-171.344,480.469,-771.973,36.621,23.702,4.237,-48.168,2275,31.70
431096,-636.230,-762.695,-84.961,6.473,-23.160,-185.084,487.793,-633.789,45.410,19.847,1.740,-34.664,2548,31.70
431127,-675.781,-655.762,-64.941,6.718,-17.656,-193.924,534.180,-693.359,32.715,15.611,1.237,-17.870,2271,31.70
431158,-520.020,-552.246,-115.234,3.626,-9.664,-188.901,791.504,-824.707,166.504,3.947,-4.137,-0.031,2277,31.70
431189,-535.156,-496.094,-122.559,-10.809,6.840,-186.824,468.262,-611.816,167.480,-12.695,-9.481,12.679,2011,31.70
431220,-530.273,-531.250,-84.961,-19.252,20.809,-173.366,513.672,-731.445,59.570,-29.000,-9.634,13.260,1656,31.70
431252,-431.152,-691.406,-178.711,-23.244,24.275,-163.611,419.922,-685.547,-6.348,-41.756,-3.863,22.748,2027,31.70
431283,-270.996,-745.605,-172.363,-34.756,37.366,-171.985,406.738,-514.648,-40.527,-52.008,-1.206,37.786,1948,31.70
431314,-345.215,-335.937,-130.859,-34.634,38.061,-166.924,445.312,-676.270,-172.363,-66.870,0.282,39.603,1891,31.70
431345,-218.262,1743.652,-704.102,-67.489,50.382,-25.725,-51.758,-764.648,37.109,-75.779,-12.916,30.275,1817,31.70
431376,-16.602,-87.891,-62.012,-39.771,28.115,-89.489,324.707,-299.316,-161.133,-51.076,4.275,107.527,1627,31.70
431407,-546.875,143.066,9.766,-38.573,27.015,-63.954,-4.883,-1059.570,-393.555,-65.954,-5.290,73.763,2259,31.70
431438,-373.535,-1068.359,110.840,-40.450,8.832,-33.504,215.332,-1723.145,-426.758,-42.466,-11.908,79.718,3683,31.70
431469,-262.695,-2000.000,-363.281,52.374,-2.252,-54.588,360.840,-1597.168,12.207,44.084,-8.824,74.489,3709,31.70
431500,-200.684,-1031.738,-199.219,79.595,-2.611,-24.817,142.578,-1292.480,-251.465,68.099,9.893,57.336,3053,31.70
431531,-194.336,-1219.727,-130.371,52.046,-6.107,-6.878,62.500,-764.160,-163.574,34.786,-1.099,42.618,2077,31.70
431562,-58.105,-1050.293,27.832,28.748,-8.260,-18.504,118.164,-850.586,-40.527,20.031,-7.069,26.908,1699,31.70
431593,19.043,-596.680,-81.055,33.099,-9.786,-17.137,160.156,-1052.734,-18.555,28.282,0.893,43.641,984,31.70
431624,38.574,-484.375,122.070,49.863,-9.221,-2.954,138.184,-882.812,-31.250,39.298,2.198,60.565,539,31.70
431655,41.016,-544.922,271.973,48.023,-14.351,10.176,116.699,-791.504,207.031,21.763,5.450,73.359,299,31.70
431686,-63.477,-1827.148,174.805,19.466,-16.160,0.611,141.113,-914.551,206.055,-6.580,4.221,76.725,181,31.70
431717,-146.484,636.230,-574.707,-35.664,-21.359,-43.122,-57.129,-1234.375,-588.867,-59.191,21.305,-11.947,121,31.70
431749,-233.887,-1679.688,14.648,-96.214,2.611,9.244,-63.477,-1546.875,-428.711,-98.527,6.519,-42.534,135,31.70
431781,151.855,-1172.852,-28.809,-23.290,14.603,32.450,231.934,-1423.828,54.688,0.954,5.534,-47.038,120,31.70
431812,26.855,-835.449,-32.715,42.038,12.794,18.115,96.680,-951.660,-182.129,49.092,16.634,-2.458,77,31.70
431843,-21.973,-806.152,-41.504,54.313,6.397,0.748,19.531,-505.371,-270.508,55.366,9.664,19.000,61,31.69
431875,-80.078,-770.508,5.371,32.939,1.374,-33.496,-16.602,-499.023,-77.637,22.336,2.344,27.702,76,31.69
431907,-44.922,-961.914,38.086,4.771,-3.863,-34.985,-13.672,-1121.582,-27.344,-5.282,3.779,24.802,63,31.69
431939,-43.945,-1389.160,132.812,11.214,-0.466,-8.489,-58.594,-1649.414,-81.543,8.244,1.962,5.786,57,31.69
431971,95.703,-1140.625,45.410,15.084,7.412,9.893,150.879,-1209.473,-15.625,18.748,0.244,-9.595,56,31.69
432002,68.848,-1010.742,1.465,4.947,6.427,10.076,93.750,-790.527,-56.152,8.641,1.344,-8.137,59,31.69
432033,25.391,-809.082,-2.441,-7.221,0.344,4.443,77.637,-658.203,-96.191,-7.359,-0.351,-5.733,57,31.69
432064,6.836,-848.633,55.176,-11.214,-1.351,-3.511,12.207,-828.613,-38.086,-11.771,-0.496,-3.962,55,31.69
432095,-27.832,-977.539,62.500,-4.038,1.405,-14.809,-15.137,-1091.797,-20.996,-3.168,3.687,5.069,57,31.69
432126,-24.414,-1096.680,59.570,5.198,3.824,-11.702,-16.113,-1222.656,-83.008,5.748,3.870,7.939,53,31.69
432157,-23.437,-1144.531,90.820,5.260,4.580,-1.885,-11.719,-1129.883,-86.914,7.916,-0.489,4.267,54,31.69
432188,30.273,-957.031,36.621,-4.336,-2.069,7.168,46.387,-930.664,-67.871,-2.885,-1.160,-4.160,55,31.69
432219,48.340,-948.730,32.227,-9.489,0.840,4.023,57.129,-880.859,-39.063,-11.870,0.046,-4.450,55,31.69
432250,18.555,-968.750,20.996,-9.985,-1.687,-2.122,26.367,-944.336,-57.129,-10.069,-1.718,0.000,55,31.69
432281,-3.418,-1001.953,36.621,-6.695,1.160,-6.305,15.137,-1061.523,-88.867,-4.389,1.061,-0.344,53,31.69
432312,-4.395,-1034.668,-7.324,-4.878,0.466,-2.817,15.137,-1045.410,-107.422,-6.046,-3.053,-0.130,54,31.69
432343,21.973,-1041.504,14.648,-7.023,2.496,-0.763,25.879,-1068.848,-87.891,-3.298,-1.733,0.221,53,31.69
432374,1.953,-1011.719,34.668,0.863,0.603,1.290,19.531,-1006.836,-56.152,-1.733,-1.176,1.031,53,31.69
432405,11.230,-963.379,41.016,-3.359,-1.214,3.176,26.367,-925.781,-87.891,-5.718,1.260,0.985,53,31.69
432436,-4.883,-951.172,47.363,-13.282,-3.466,-2.542,20.508,-921.387,-105.469,-13.397,-2.786,-4.000,53,31.69
432468,16.113,-1013.672,29.297,-16.511,-2.107,0.382,33.691,-1047.852,-81.055,-16.076,-4.061,-4.023,43,31.69
432500,14.648,-1039.063,-16.602,-15.260,0.336,-2.214,38.086,-1087.891,-88.867,-12.969,-1.824,-3.573,52,31.69
432531,33.691,-1049.805,-34.668,-3.824,-1.267,2.229,50.781,-1054.199,-90.332,-1.611,-1.137,0.099,47,31.69
432562,21.484,-1026.855,-32.227,3.046,1.756,2.969,39.063,-1002.441,-87.891,5.305,2.305,-1.115,47,31.69
432593,9.766,-997.559,-15.625,2.389,1.092,0.954,34.180,-978.027,-136.230,1.870,3.588,-1.244,53,31.69
432624,15.137,-1011.230,7.812,-3.328,3.595,-2.443,33.691,-996.582,-133.789,0.786,-1.000,-2.779,54,31.69
432655,13.672,-1011.230,4.883,-1.695,1.664,0.061,29.297,-1020.020,-90.820,-0.702,-1.634,0.038,57,31.69
432686,15.137,-1025.879,4.883,-2.916,0.664,-2.855,23.437,-1034.668,-104.004,1.191,-0.496,-1.405,53,31.69
432718,17.090,-1005.859,6.348,2.084,1.573,-1.374,32.715,-1006.836,-104.492,4.298,-1.847,2.069,55,31.69
432750,12.207,-998.047,-16.602,1.924,-0.565,-0.122,26.855,-981.934,-112.793,1.580,-1.084,0.992,53,31.69
432782,33.203,-1013.184,-19.043,-1.916,-2.275,1.076,39.551,-998.047,-104.492,-1.985,-2.290,1.847,54,31.69
432814,19.531,-1021.973,-2.930,-1.817,2.359,-3.305,37.598,-1031.250,-82.520,2.206,-0.664,0.000,52,31.69
432845,3.906,-1012.695,8.789,4.443,0.870,0.366,27.344,-1017.090,-87.402,3.267,0.412,1.534,53,31.69
432876,20.996,-1005.859,7.812,2.260,-0.435,-0.237,27.344,-963.379,-97.168,3.916,-0.389,1.588,55,31.69
432907,0.977,-1000.977,8.301,-2.137,-1.214,0.504,12.695,-978.027,-85.449,-1.924,0.321,0.084,53,31.69
432938,12.207,-1005.371,-4.395,-3.053,0.954,-2.221,34.668,-1020.508,-106.934,-3.840,0.557,-2.954,52,31.69
432969,29.297,-1016.113,2.930,-3.626,4.557,-1.481,41.992,-1028.809,-100.098,-2.000,0.992,-0.214,53,31.69
433000,24.414,-1026.855,6.836,-0.847,2.359,-1.863,48.340,-1020.508,-103.516,-0.504,0.473,-4.115,53,31.69
433031,21.973,-1015.625,7.324,1.015,-1.298,3.000,31.738,-993.164,-103.516,1.824,-2.939,0.977,59,31.69
433062,20.020,-1023.437,4.395,-0.160,-0.687,-0.115,44.434,-1012.695,-100.586,0.588,1.145,-1.107,53,31.69
433094,15.625,-998.535,1.465,-0.969,-0.977,1.977,29.297,-1005.859,-97.656,0.206,-1.489,-1.496,54,31.69
433126,27.344,-1020.020,0.488,-2.420,1.534,-3.893,30.762,-1035.156,-96.680,-0.015,1.275,-0.244,53,31.69
433158,9.766,-1019.531,10.254,0.863,-1.832,-0.031,52.734,-1006.348,-101.563,0.817,-2.634,1.748,71,31.69
433189,10.742,-1018.066,-6.836,-1.710,4.458,-3.496,27.832,-1018.066,-97.656,0.420,-1.504,0.053,53,31.69
433220,15.625,-1015.625,7.812,-0.847,3.664,-1.794,38.086,-992.676,-99.609,1.137,-0.427,3.847,55,31.69
433251,15.137,-1011.719,0.488,-2.099,3.290,-0.542,43.945,-1004.395,-92.773,-0.275,0.008,0.718,55,31.69
433282,28.320,-1019.531,-9.277,0.725,-2.855,1.420,28.320,-1009.277,-87.402,-0.038,0.435,-2.214,51,31.69
433313,25.391,-1010.742,-9.277,0.092,-0.221,3.573,41.016,-1003.418,-93.262,-1.076,0.092,-2.053,53,31.69
433344,18.555,-1004.395,2.441,-2.809,1.733,-0.664,37.109,-998.535,-101.074,-1.450,0.229,-0.893,53,31.69
433375,19.043,-1009.277,-8.789,-3.237,2.427,-2.481,44.922,-1004.883,-87.402,0.817,-0.702,-1.069,53,31.69
433406,15.137,-1011.719,-1.465,-1.275,1.374,-1.252,48.340,-1019.531,-88.379,0.618,-0.725,-0.328,52,31.69
433437,9.766,-1012.207,-0.977,0.641,-1.725,-1.000,35.645,-1002.441,-98.145,-1.107,-1.107,-1.481,53,31.69
433469,18.066,-1004.395,-2.930,-0.641,2.053,-1.962,31.738,-1007.812,-100.586,-1.069,-0.450,0.198,53,31.69
433500,13.184,-1010.254,4.883,-3.534,3.084,-1.847,38.086,-1009.766,-96.191,-3.359,-1.412,0.611,52,31.69
433531,18.555,-1005.371,-6.348,1.962,-0.015,0.679,42.969,-1020.020,-94.238,-0.496,-1.702,0.702,54,31.69
433562,17.578,-1008.301,14.160,1.046,0.786,2.168,23.926,-1014.160,-85.938,-0.924,-0.634,0.038,53,31.69
433593,20.508,-1010.254,5.371,-0.260,-2.733,-0.160,28.320,-998.535,-97.656,0.885,0.832,1.779,71,31.69
433624,16.113,-1002.930,-3.906,-2.771,2.626,-1.863,20.996,-1008.789,-104.492,-0.969,-1.870,-0.847,52,31.69
433655,20.508,-1006.348,-13.672,-1.328,1.595,-2.779,18.066,-1011.719,-100.098,-0.275,-1.282,0.427,53,31.69
433686,20.508,-1008.301,0.977,-2.099,2.137,-3.519,40.039,-1008.301,-96.680,0.008,-1.481,1.344,36,31.69
433717,9.766,-1007.324,-1.953,0.405,-0.282,0.107,49.316,-1004.883,-101.074,0.939,0.771,-0.511,53,31.69
433748,18.066,-1026.855,-4.883,0.702,0.496,1.611,34.668,-1007.812,-91.797,3.229,-1.176,1.740,53,31.69
433779,11.230,-1007.324,6.836,-1.031,1.809,-2.344,47.852,-1006.348,-104.980,0.366,-0.733,2.756,53,31.69
433810,16.113,-994.629,1.465,-1.695,0.679,-2.351,34.180,-1001.465,-84.961,0.130,0.107,-1.313,55,31.69
433841,16.602,-1019.043,-6.348,-2.099,1.527,-0.550,32.715,-1004.883,-99.609,0.389,-0.076,1.046,59,31.69
433872,21.973,-1021.973,-2.930,1.924,-0.809,2.687,43.945,-996.582,-98.633,-0.481,0.496,-1.817,53,31.69
433903,16.113,-1009.277,0.488,1.206,-0.405,1.702,35.645,-1009.766,-101.563,-0.702,0.931,1.740,54,31.69
433934,13.184,-1010.254,0.977,1.496,-1.420,-0.450,33.691,-1012.207,-94.238,0.351,3.405,0.908,56,31.69
433965,24.414,-1014.160,6.348,-1.664,1.580,-2.573,40.527,-1014.648,-104.004,0.122,-1.626,1.122,55,31.69
433996,12.207,-1020.020,-8.301,-2.687,0.458,-1.847,39.063,-1007.324,-102.051,-0.031,-1.275,0.733,49,31.69
434027,4.883,-1023.926,-2.930,-0.496,0.534,-0.802,48.828,-1003.906,-92.773,1.504,1.031,1.038,51,31.69
434058,24.414,-1004.395,10.254,2.931,-0.802,0.099,32.227,-1012.207,-101.563,-1.206,-2.763,1.863,53,31.69
434089,2.930,-1008.789,-12.207,2.542,-1.237,1.863,33.203,-996.582,-86.426,-0.779,1.519,-0.672,53,31.69
434120,19.531,-1012.695,-1.953,-1.130,-0.344,0.771,21.484,-1009.766,-91.797,0.008,-0.359,1.305,52,31.69
434151,17.578,-1023.437,6.836,-1.656,1.237,-3.023,37.598,-998.047,-114.258,-0.931,0.702,0.840,52,31.69
434182,14.648,-1025.391,2.930,-3.771,0.229,-2.084,32.227,-996.094,-105.469,0.618,-3.855,0.611,43,31.69
434213,-1.465,-1002.441,0.488,-1.092,1.115,-2.748,25.391,-999.023,-87.402,-2.878,0.634,3.076,51,31.69
434244,12.207,-1018.066,0.000,-0.947,-1.366,0.557,33.691,-1014.160,-99.121,0.664,-0.115,-3.374,53,31.69
434275,12.207,-1009.277,8.301,0.740,0.420,0.389,41.504,-1010.254,-97.168,-0.924,0.603,-1.603,53,31.69
434306,27.832,-1006.836,5.859,-0.664,-1.901,3.031,37.598,-1013.672,-94.238,0.145,-0.687,1.305,53,31.69
434337,15.625,-1013.672,10.742,-0.145,0.023,-2.405,27.832,-1008.301,-95.703,-0.885,0.901,1.695,57,31.69
434368,12.207,-1014.160,-8.789,-2.115,2.023,-2.305,30.273,-1007.324,-90.332,0.702,-0.084,-2.962,55,31.69
434399,23.437,-1018.066,-1.465,1.168,-0.260,2.084,32.227,-1000.488,-101.563,-0.237,0.466,1.939,53,31.69
434430,20.020,-1007.812,10.742,0.130,-1.443,1.374,38.574,-1010.254,-106.934,1.099,-0.351,-1.099,69,31.69
434461,15.137,-1006.348,1.953,0.527,-1.359,0.099,19.043,-998.047,-101.563,0.588,-1.725,-1.015,55,31.69
434492,20.508,-1003.906,4.395,-0.321,1.679,1.107,41.504,-1010.742,-95.703,2.092,2.290,0.885,52,31.69
434523,20.996,-1004.395,4.395,-0.466,2.008,-0.908,30.762,-1005.859,-93.750,0.588,-0.305,3.389,53,31.69
434554,1.465,-1017.578,-5.859,-2.595,2.656,-3.466,24.414,-1019.531,-94.238,0.427,-0.122,0.687,54,31.69
434585,17.090,-1002.930,-0.977,0.305,-0.855,1.947,43.457,-1013.184,-97.656,0.695,-1.947,1.664,61,31.69
434616,19.531,-1001.953,-11.719,1.412,-0.534,0.771,38.574,-1013.672,-106.934,-1.008,-0.534,-2.198,53,31.69
434647,9.277,-1018.066,10.254,-0.053,-0.954,1.885,30.273,-995.117,-98.145,-0.786,-0.824,-4.130,55,31.69
434678,22.461,-1010.742,-7.324,-1.305,4.137,-0.405,32.715,-1009.766,-89.844,0.099,-1.824,0.076,52,31.69
434709,11.230,-1017.090,4.395,-2.634,1.969,-1.947,24.902,-1007.812,-104.492,1.282,0.542,0.084,54,31.69
434740,25.879,-1006.348,-8.301,-0.565,2.191,-2.084,48.828,-1006.836,-103.516,0.740,-1.550,2.649,54,31.69
434771,8.789,-1015.625,-3.906,0.481,0.183,0.435,24.414,-1015.625,-102.051,1.038,0.740,-0.878,54,31.69
434802,12.695,-1019.531,9.277,-1.321,0.977,0.893,34.668,-998.535,-115.234,1.939,-0.328,-1.405,53,31.69
434833,27.344,-1007.812,2.441,1.595,-1.321,0.198,32.715,-1010.742,-103.516,-0.206,-0.031,-1.924,52,31.69
434864,17.090,-1016.602,7.812,-1.557,1.580,-0.672,20.996,-1013.184,-99.609,1.137,-3.718,0.069,55,31.69
434895,24.414,-1019.043,4.883,-2.366,2.519,-2.305,17.578,-1012.695,-93.262,-0.855,-0.580,2.046,53,31.69
434926,13.672,-1011.719,3.418,-2.313,2.626,-2.359,41.992,-989.258,-99.121,0.763,-1.382,0.282,53,31.69
434957,29.785,-1020.996,0.488,0.557,-0.855,0.260,50.781,-1005.371,-92.773,-0.649,0.076,-2.779,52,31.69
434988,14.648,-1006.836,16.113,1.321,-2.870,0.489,21.973,-1012.207,-108.887,0.145,-0.794,0.221,53,31.69
435019,13.184,-1008.301,-7.812,-2.779,3.229,-1.969,41.016,-1006.348,-101.074,0.847,0.588,1.122,53,31.69
435051,32.715,-1012.207,-4.883,-0.664,0.397,1.069,44.434,-1013.184,-90.820,0.344,-1.550,-1.229,53,31.69
435083,24.902,-1006.348,0.000,-1.481,2.695,-1.191,44.922,-1004.883,-106.934,1.061,1.328,0.802,53,31.69
435114,6.836,-1012.207,6.836,0.282,-3.008,0.557,25.391,-1003.418,-94.727,0.542,-1.107,-1.870,52,31.69
435145,12.207,-1015.625,-1.953,-0.107,-1.908,0.870,29.785,-1015.137,-96.680,-0.695,-0.595,0.221,53,31.69
435176,11.719,-1019.531,-3.418,-0.534,0.626,2.244,39.551,-1000.000,-87.891,0.061,-0.687,0.305,53,31.69
435207,26.855,-1023.926,11.719,-2.115,3.550,-1.237,31.738,-1003.906,-95.215,0.290,0.206,-2.038,53,31.69
435239,19.043,-1007.324,1.953,-0.992,-1.221,0.649,30.762,-1005.859,-99.609,1.206,1.282,0.969,53,31.69
435271,3.906,-997.070,-8.301,1.336,-1.267,0.023,33.203,-1001.953,-87.402,1.275,0.336,-2.519,54,31.69
435303,13.672,-1000.488,-3.906,-2.015,0.137,0.611,36.133,-1000.977,-97.168,-1.359,-0.504,-1.023,54,31.69
435335,12.695,-1003.906,0.000,-0.809,3.031,-1.511,31.738,-1000.488,-89.355,-1.588,-0.901,-0.702,53,31.69
435366,15.625,-1012.695,-3.906,-1.008,1.298,-3.458,23.437,-1017.090,-102.539,-0.397,-1.626,1.176,54,31.69
435397,7.324,-1010.742,-1.465,-2.534,1.221,-0.733,30.273,-999.023,-106.445,0.649,-1.748,-0.359,53,31.69
435428,20.020,-1002.930,-16.113,1.504,-1.076,3.206,29.297,-998.047,-91.309,-0.321,1.847,2.305,54,31.69
435459,22.949,-1015.137,-1.953,2.466,-2.618,2.198,27.832,-1006.836,-92.285,1.145,-1.870,-0.779,53,31.69
435490,36.621,-1020.508,-6.836,0.412,0.122,-0.115,32.227,-1009.277,-98.145,0.847,-2.206,1.160,51,31.69
435521,28.809,-1007.812,3.418,-2.153,3.130,-1.695,37.109,-985.352,-97.168,0.160,1.802,1.588,52,31.69
435552,14.160,-1019.043,-8.301,-2.076,1.336,-4.061,34.180,-998.535,-100.586,-0.824,-0.214,0.038,53,31.69
435583,12.207,-1006.348,4.395,2.130,0.359,1.107,25.879,-1005.371,-99.609,0.618,-0.687,-1.275,53,31.69
435614,16.113,-1015.625,-11.230,0.031,1.550,3.374,39.063,-1019.043,-104.980,-1.275,-1.313,-0.954,53,31.69
435645,19.531,-999.512,-4.883,2.107,-0.519,2.649,41.504,-1007.812,-100.098,-0.008,0.931,0.618,54,31.69
435676,8.301,-1019.043,10.742,-2.519,4.206,-3.153,18.066,-1006.836,-97.168,-1.084,-0.969,1.756,54,31.69
435707,32.715,-1016.602,-5.371,-3.313,3.260,-1.053,50.781,-1005.859,-95.215,-0.748,-1.137,-0.870,54,31.69
435738,4.883,-1012.207,-2.441,-2.893,3.374,-1.328,27.832,-1018.066,-103.516,-0.794,-0.168,-0.725,53,31.69
435769,14.160,-1023.926,-1.465,1.107,0.137,1.443,37.109,-1002.441,-105.957,-0.832,-1.405,-2.137,55,31.69
435800,7.812,-1016.113,-4.883,0.382,-0.412,0.550,29.297,-1004.395,-101.563,1.092,-0.504,-1.427,53,31.69
435831,10.254,-1012.207,4.883,0.412,-1.863,2.710,31.250,-1011.719,-95.703,0.267,-0.466,-1.466,53,31.69
435862,8.301,-1008.301,-5.371,-0.397,0.817,-6.031,29.785,-1000.977,-102.051,-0.282,-0.664,0.786,53,31.69
435893,24.902,-1016.113,-3.906,-2.137,1.412,-0.962,30.273,-1012.207,-92.285,-1.198,-0.802,-0.534,53,31.69
435925,22.949,-1008.301,-3.906,0.595,0.038,2.366,32.227,-1000.488,-104.980,1.718,-0.779,-3.092,52,31.69
435957,32.227,-1000.977,-7.812,0.595,0.771,1.649,37.598,-1009.277,-96.680,-0.550,-1.542,-0.450,53,31.69
435989,16.113,-1009.766,0.000,-3.198,1.366,0.252,39.063,-1000.000,-120.117,-0.863,-3.924,-1.069,53,31.69
436021,20.020,-1020.996,4.883,-2.550,1.870,0.305,37.598,-999.512,-95.703,-0.481,-3.603,-1.336,53,31.69
436052,19.531,-1018.555,6.836,-3.496,0.893,-0.206,37.109,-1016.602,-94.727,0.893,-0.366,0.336,53,31.69
436084,16.602,-1008.301,3.418,0.046,2.855,-1.794,42.480,-1012.695,-98.633,-0.580,0.015,0.916,55,31.69
436115,23.926,-1008.789,-4.395,-0.328,0.718,-3.748,29.297,-1000.000,-104.492,-0.198,0.275,0.275,53,31.69
436146,21.973,-998.535,-8.789,-2.076,2.588,-2.878,19.043,-1009.277,-97.168,-1.183,0.504,-1.779,53,31.69
436177,19.531,-1007.324,-1.953,0.473,-1.008,3.328,39.551,-1000.000,-91.309,1.725,-0.847,1.382,53,31.69
436209,27.344,-1015.137,-13.184,-0.084,2.809,-2.092,32.227,-1003.906,-100.586,-0.763,0.328,1.237,53,31.69
436240,10.254,-1017.578,2.930,-1.595,2.229,-1.122,28.320,-999.512,-97.656,-0.710,-1.427,-0.427,53,31.69
436272,24.902,-1023.926,-1.465,-2.122,1.786,-3.427,24.902,-1002.930,-101.563,-1.656,-0.611,-3.702,53,31.69
436304,13.184,-1008.789,7.324,1.527,-0.725,2.122,30.273,-1000.488,-99.609,0.336,-0.015,0.870,53,31.69
436335,16.602,-1017.090,1.953,-1.786,3.229,-0.420,25.391,-1002.930,-90.820,1.786,-0.321,-0.153,53,31.69
436367,16.113,-1007.324,0.000,2.763,0.977,-0.397,29.785,-1002.930,-101.563,0.580,-0.687,-1.687,53,31.69
436398,13.672,-1000.488,1.953,-2.366,2.115,-2.893,40.039,-1000.000,-93.750,0.595,-0.771,1.542,55,31.69
436429,22.949,-1002.930,4.395,-2.939,2.405,-2.099,43.945,-1000.000,-97.656,-0.076,-0.702,1.969,54,31.69
436460,9.766,-1011.230,4.883,-2.420,0.061,0.145,30.273,-1008.789,-81.543,-0.550,-0.740,-1.580,55,31.69
436491,13.672,-1019.531,-5.859,1.031,-0.435,1.802,50.293,-1018.555,-97.656,1.031,-0.321,-0.115,53,31.69
436523,8.301,-1009.766,-2.441,-2.069,1.931,-1.435,30.273,-1005.371,-100.586,0.275,0.779,0.847,55,31.69
436554,20.508,-1020.508,6.836,-1.107,2.534,-1.389,32.715,-1026.855,-93.262,1.725,-2.863,0.061,53,31.69
436585,7.324,-1009.277,18.555,2.061,0.878,-0.511,21.484,-996.094,-98.145,1.099,-0.229,0.397,53,31.69
436616,7.812,-1005.859,1.465,0.420,0.618,1.366,41.016,-1005.859,-103.027,0.031,-2.557,-0.916,52,31.69
436647,10.742,-1013.184,-6.348,0.618,0.137,0.740,15.137,-1010.254,-93.262,-1.626,1.481,-0.573,53,31.69
436678,15.625,-1013.672,3.906,-0.359,2.969,-2.626,39.063,-1005.371,-99.121,-0.435,-0.130,-0.611,54,31.69
436709,15.137,-1000.488,6.348,-2.198,3.191,-3.962,27.832,-1004.883,-95.703,0.840,-0.351,1.725,53,31.69
436740,8.301,-1017.090,9.766,1.718,-0.802,0.893,27.832,-1016.113,-103.027,0.168,-0.557,1.069,54,31.69
436771,2.930,-1000.488,-4.395,-1.435,-2.099,1.305,47.363,-1012.207,-91.309,0.237,-0.679,0.725,55,31.69
436802,6.836,-1016.113,5.859,-0.321,1.733,0.443,22.949,-1016.113,-103.516,0.947,-0.779,-2.641,54,31.69
436833,18.555,-1010.742,9.766,-2.855,3.557,-2.214,22.461,-998.047,-91.797,-0.282,-0.481,-0.710,53,31.69
436864,36.133,-1019.043,9.766,-0.916,1.252,-1.153,34.668,-1002.930,-93.262,0.290,-0.817,0.847,55,31.69
436895,20.508,-1017.578,9.766,-0.221,0.634,-1.794,36.621,-994.629,-88.867,-1.443,-0.214,-4.046,53,31.69
436926,4.883,-1010.742,-9.277,-0.160,-0.504,1.176,29.785,-1018.555,-91.797,-0.015,0.084,-0.313,53,31.69
436958,7.812,-999.023,5.859,-0.985,1.863,-1.847,32.227,-992.187,-101.074,0.481,0.290,2.427,52,31.69
436989,19.043,-1006.836,-18.066,-2.527,1.069,-0.931,40.527,-1003.906,-98.633,-1.130,-1.847,-1.527,52,31.69
437020,15.625,-1002.441,-1.953,-1.504,-2.626,-0.176,29.297,-997.070,-92.773,0.672,-0.412,-3.573,54,31.69
437051,24.902,-1020.996,4.883,1.840,-0.229,1.176,37.109,-1005.859,-91.797,-0.092,0.962,-0.344,51,31.69
437082,20.508,-1003.906,1.953,-2.405,2.305,-2.489,23.437,-990.234,-92.285,0.588,-0.939,1.534,55,31.69
437114,25.879,-1014.160,-7.324,-0.427,-0.366,0.275,37.109,-1018.066,-101.074,0.061,-2.725,0.550,54,31.69
437145,27.344,-1019.531,10.254,-0.679,-1.183,2.489,44.434,-1009.277,-104.492,-0.542,0.122,3.023,53,31.69
437176,26.367,-999.512,-1.465,-1.664,2.565,-3.115,25.391,-1003.906,-81.055,-1.107,0.725,-1.626,53,31.69
437207,11.719,-1020.508,0.977,-0.977,2.282,-0.748,28.320,-1010.742,-81.055,0.374,3.443,0.947,53,31.69
437238,20.996,-1007.324,0.000,-0.809,2.687,-0.557,34.180,-1000.977,-93.262,0.450,-2.351,2.748,54,31.69
437269,13.672,-1024.414,-6.348,1.733,-0.931,0.374,16.113,-1011.230,-87.891,-1.237,0.847,-1.977,53,31.69
437300,4.883,-999.512,10.742,1.817,-1.718,2.084,27.832,-1008.789,-87.891,1.008,0.863,0.053,54,31.69
437331,14.160,-1009.766,10.742,2.718,-1.473,1.481,29.785,-999.023,-84.473,0.565,0.588,-0.053,55,31.69
437362,25.391,-1017.578,6.348,-0.031,0.534,-3.481,30.273,-1009.766,-102.539,-0.771,-1.198,-2.550,53,31.69
437393,34.668,-1012.695,6.348,-1.603,2.748,-3.359,47.852,-1010.254,-102.539,1.931,-1.244,1.061,54,31.69
437424,26.855,-992.676,9.277,-0.809,2.954,-1.664,23.926,-1015.137,-99.121,0.031,0.656,-2.534,54,31.69
437455,16.113,-1021.484,5.371,0.237,-0.053,3.397,26.855,-1018.066,-94.238,0.649,-0.550,0.275,53,31.69
437486,14.648,-1006.836,18.555,2.618,-1.931,2.656,33.691,-1007.812,-95.703,2.603,-0.069,-1.183,69,31.69
437517,10.742,-1001.465,10.742,-0.794,-0.046,-4.031,22.949,-993.164,-88.379,-0.466,-0.634,-1.641,53,31.69
437548,22.461,-1021.484,6.836,-0.420,2.702,-2.588,34.180,-1019.531,-74.219,1.420,-0.969,-1.405,53,31.69
437579,14.648,-992.187,12.695,1.282,2.137,-2.939,25.879,-1008.789,-94.238,0.603,0.313,-0.267,52,31.69
437610,18.555,-1020.996,14.160,-1.313,1.305,-0.824,32.715,-1008.301,-83.008,0.481,-0.595,-1.733,54,31.69
437641,21.973,-1015.137,2.930,-0.382,-0.374,1.389,47.852,-1028.809,-97.168,2.916,-0.817,-0.649,52,31.69
437672,20.020,-999.512,5.371,-0.992,-0.511,-0.656,27.832,-996.094,-91.797,-0.824,0.046,0.107,55,31.69
437703,16.602,-1002.930,10.742,-3.000,2.588,-2.420,38.574,-1021.484,-89.355,-1.565,0.580,0.107,53,31.69
437734,21.484,-1013.184,10.254,-0.885,4.412,-1.626,33.691,-1010.254,-88.867,-0.313,0.580,0.328,53,31.69
437765,13.184,-1011.719,1.953,-0.634,0.382,-2.145,34.668,-993.652,-93.262,-0.168,0.557,0.023,52,31.69
437796,29.785,-1019.043,4.883,-0.382,-2.336,2.389,32.227,-1001.953,-91.309,0.130,-0.473,-1.511,53,31.69
437827,24.902,-1018.066,0.488,0.053,-1.084,1.992,39.063,-1003.418,-99.121,0.168,0.878,-0.794,53,31.69
437858,19.531,-1008.789,10.254,2.176,-1.214,1.061,48.828,-994.141,-94.727,-0.809,0.038,-0.023,53,31.69
437889,12.695,-1017.090,9.277,-1.580,1.313,-3.107,36.133,-994.629,-99.609,0.290,-0.733,-0.298,55,31.69
437921,16.113,-1001.465,10.742,-1.473,-0.481,1.443,30.762,-1002.930,-87.891,-0.351,0.687,-0.626,54,31.69
437953,20.020,-1013.672,3.906,1.443,-2.702,0.183,25.391,-1020.020,-104.492,-1.931,-0.618,-1.901,54,31.69
437985,14.160,-1020.020,-9.277,-2.427,-0.160,-3.366,26.855,-1015.625,-87.402,1.870,-0.031,2.756,53,31.69
438016,12.695,-1007.812,4.883,-0.282,1.000,-3.618,32.227,-1015.625,-89.355,0.672,-1.588,2.634,53,31.69
438047,18.066,-1000.977,2.441,2.000,-0.824,1.382,36.621,-993.652,-82.520,0.740,-2.107,-0.267,55,31.69
438078,18.066,-1005.371,21.484,-1.718,1.412,-0.916,20.996,-1017.578,-85.938,-1.344,-2.565,-1.908,53,31.69
438109,16.113,-1024.414,9.766,2.626,-2.855,0.145,30.273,-1005.859,-95.215,0.924,-0.763,0.626,55,31.69
438140,21.484,-1014.648,18.555,-1.573,2.550,-4.237,40.039,-996.582,-102.539,0.229,-0.458,0.832,53,31.69
438171,13.672,-1002.441,2.441,-3.550,0.000,-0.435,29.785,-1013.672,-93.750,0.313,-2.099,-0.588,54,31.69
438202,3.906,-1012.207,7.812,0.542,-1.702,2.176,33.203,-1022.949,-80.566,-0.527,0.053,2.679,53,31.69
438233,21.973,-1003.418,5.859,0.305,-0.710,1.496,33.691,-1007.324,-95.215,0.756,0.779,1.878,54,31.69
438264,20.508,-1016.113,10.254,1.206,-1.282,2.344,42.480,-1009.277,-89.355,-1.962,-0.275,-0.954,54,31.69
438295,21.973,-1022.949,-1.465,-1.649,2.153,-1.244,38.574,-1017.090,-98.145,-0.588,2.786,-0.336,55,31.69
438326,28.809,-1003.906,3.906,-2.870,1.565,-2.115,44.434,-1000.488,-93.750,-0.275,-0.664,-0.275,54,31.69
438357,15.137,-1005.859,10.254,-1.015,1.405,-2.969,35.156,-1002.930,-87.402,1.351,0.313,-1.000,55,31.69
438389,19.531,-1005.371,-0.488,-2.595,4.687,-1.305,32.715,-1006.348,-100.098,0.855,-0.786,-0.092,54,31.69
438420,25.879,-1005.859,-0.977,-3.351,1.053,-2.397,40.039,-1007.812,-99.121,1.298,-0.985,0.756,53,31.69
438451,12.695,-1007.324,4.883,-2.786,1.092,-2.679,41.016,-1004.395,-90.820,0.710,-0.595,0.122,62,31.69
438482,34.180,-1062.012,-38.574,1.473,-2.969,-0.527,52.734,-1040.527,-1.953,4.260,-7.191,4.221,171,31.69
438513,39.063,-1011.230,0.000,2.992,-1.092,-0.710,40.527,-968.262,-10.742,3.870,2.771,-0.206,119,31.69
438544,25.391,-1009.766,31.738,1.427,-0.092,0.443,51.270,-917.969,-129.883,1.229,12.328,4.344,115,31.69
438575,14.160,-992.676,30.762,-4.336,3.519,-2.725,33.691,-1005.371,-125.488,-4.267,0.229,-1.000,90,31.69
438606,24.414,-1010.254,-9.766,-6.939,3.336,-1.740,35.645,-1036.133,-93.750,-4.458,-3.336,-0.427,75,31.69
438637,18.066,-1034.668,-1.953,0.947,1.092,4.344,39.551,-1041.992,-115.723,0.328,-1.664,0.198,63,31.69
438668,25.879,-1001.953,10.254,3.847,-0.183,1.557,35.645,-987.305,-81.543,2.443,-0.099,-1.878,59,31.69
438699,-196.289,-931.152,61.523,4.908,-5.328,-0.542,-94.238,-989.746,169.434,-8.870,-10.802,2.130,70,31.69
438730,26.367,-1016.602,-19.531,-5.069,1.634,-4.397,41.504,-1082.031,12.207,-1.985,1.908,0.359,46,31.69
438761,35.156,-1025.879,20.020,1.420,3.481,-3.176,1191.895,-157.227,-193.359,4.550,9.351,4.557,59,31.69
438792,18.555,-962.891,35.645,4.344,2.702,-2.855,33.691,-936.523,-143.555,0.916,0.626,-1.863,59,31.69
438823,22.461,-1004.395,-13.672,-3.840,0.191,1.634,34.668,-968.262,-126.465,-4.183,-1.305,-4.183,57,31.69
438855,17.578,-1050.293,-8.789,-4.679,2.733,-2.733,44.922,-1059.082,-87.891,-2.099,-0.229,-0.405,57,31.69
438886,37.598,-1020.996,6.348,0.679,2.771,0.992,20.508,-1034.180,-96.680,3.748,-0.779,-0.130,57,31.69
438917,64.941,-680.664,-301.758,3.298,1.260,3.618,25.391,-1136.230,47.363,5.206,-18.008,-7.305,73,31.69
438948,-6.348,-993.164,-33.203,1.916,-1.176,-0.870,42.480,-1041.504,116.211,2.366,-0.687,-2.557,62,31.69
438979,20.508,-975.098,53.223,1.855,-0.397,2.504,52.734,-1027.344,-62.500,6.450,13.237,2.855,69,31.69
439011,10.254,-983.398,34.180,6.046,0.420,3.237,25.391,-882.812,-119.141,0.656,13.000,-5.084,57,31.69
439042,-24.902,-977.051,25.879,-9.916,0.397,0.122,37.598,-937.988,-193.848,-13.855,-1.244,-5.198,56,31.69
439073,15.625,-1039.551,-50.781,-19.893,0.618,0.542,46.387,-1078.125,-140.625,-18.824,-3.084,-5.847,54,31.69
439104,22.949,-1061.035,-53.223,-8.427,0.611,1.534,45.410,-1086.914,-128.906,-2.710,-1.267,-4.252,55,31.69
439135,4.395,-1030.762,-22.949,6.374,2.168,3.168,59.082,-1026.855,-135.254,10.710,-0.466,-1.527,53,31.69
439166,16.113,-985.840,1.953,8.534,-0.802,-0.130,44.434,-966.309,-106.934,8.595,-1.885,0.786,55,31.69
439197,19.043,-992.187,-3.906,1.901,-1.977,1.672,54.688,-967.773,-64.941,1.221,-2.611,-1.168,55,31.69
439228,5.371,-1018.066,17.578,-1.000,-1.687,1.244,28.809,-1022.949,-83.008,-1.412,-0.084,-2.244,56,31.69
439260,-10.254,-1053.223,16.113,-3.244,1.244,6.061,19.043,-1098.633,-113.770,-2.092,-0.924,-11.824,55,31.69
439292,-19.531,-1044.434,9.766,-7.450,1.397,13.145,26.367,-1102.051,-133.301,-5.290,-4.092,-15.145,56,31.69
439323,-100.586,-1065.918,16.602,-8.794,2.450,26.115,-19.531,-1149.414,-157.227,-3.374,-7.282,-23.298,273,31.69
439355,-145.020,-1055.664,58.594,-13.763,1.870,35.641,-17.578,-1152.832,-181.152,-5.313,-12.802,-36.267,715,31.69
439387,-168.457,-1044.434,63.477,-14.344,-1.916,53.504,53.223,-1237.305,-172.363,0.267,-18.458,-46.527,1269,31.69
439419,-223.633,-1037.109,7.812,-16.931,-9.015,62.588,63.477,-1108.398,-153.320,16.176,-25.679,-40.687,1131,31.69
439450,-254.883,-765.137,23.926,-7.840,-11.969,71.824,72.754,-914.062,-51.270,7.573,-17.008,-46.420,1660,31.69
439481,-286.621,-568.359,96.680,-19.786,-8.687,93.252,83.008,-942.383,-57.617,-3.534,-11.740,-55.817,1337,31.69
439512,-153.809,-1289.551,-19.043,-13.588,-9.649,86.137,213.867,-1011.230,-83.008,9.244,-16.702,-36.183,1695,31.69
439544,-476.074,-517.578,-66.406,4.588,-17.855,109.733,268.066,-1123.047,-72.266,34.458,-16.588,-51.137,1613,31.69
439576,-577.637,-120.117,-67.383,12.458,-23.366,155.718,312.012,-1119.629,-18.066,35.015,-10.168,-47.221,1483,31.69
439607,-645.508,-362.305,42.480,13.305,-23.618,193.107,254.395,-983.398,-47.852,35.573,-6.450,-40.679,1147,31.69
439638,-668.457,-463.379,-30.273,16.687,-28.099,205.260,229.004,-820.312,-75.195,50.130,-1.252,-25.931,1059,31.69
439669,-705.566,-475.098,-96.680,8.160,-22.328,206.847,177.734,-624.512,-12.695,32.374,-6.733,-10.595,821,31.69
439700,-749.512,-406.250,-120.117,-7.061,-13.718,209.595,210.937,-686.523,-44.434,14.344,-11.435,-1.565,547,31.69
439731,-795.410,-763.184,-222.168,-19.641,-1.588,206.321,205.078,-687.988,7.812,-3.687,-21.939,12.405,638,31.69
439762,-875.488,-447.266,-80.566,-13.618,5.916,201.412,350.098,-824.707,61.523,-15.344,-16.580,19.534,701,31.69
439793,-837.402,-402.832,-228.027,-16.954,12.595,200.290,251.465,-762.695,-86.914,-14.573,-16.931,37.069,428,31.69
439824,-930.176,-217.285,-180.664,-19.672,21.679,196.023,265.137,-787.598,-99.609,-20.305,-19.832,51.985,573,31.69
439855,-1148.926,-400.879,-153.809,-23.466,26.954,197.382,290.039,-819.336,0.488,-30.763,-12.443,58.817,594,31.69
439887,-1098.633,-377.441,-134.277,-14.069,19.740,184.344,209.473,-941.406,-224.609,-22.534,-13.038,63.664,460,31.69
439918,-1074.707,-358.887,-154.785,-5.420,19.061,166.656,196.777,-930.664,-103.027,-18.679,-10.527,73.275,279,31.69
439949,-1121.582,-211.426,-164.551,-4.015,20.221,151.962,176.758,-1006.348,-93.750,-21.450,-8.588,79.328,291,31.69
439980,-1226.074,-222.656,-180.664,8.489,18.458,138.802,179.199,-1010.742,6.836,-14.893,13.893,78.504,283,31.69
440011,-1221.191,-125.977,-135.742,17.603,11.840,119.282,110.840,-1027.344,-173.340,-1.656,22.122,77.450,230,31.69
440042,-1547.363,-173.340,-617.676,19.198,-0.702,104.008,167.969,-1107.422,-123.047,0.130,26.664,74.145,180,31.69
440073,-1297.852,74.707,-7.812,11.397,7.191,81.931,-17.578,-1098.633,-32.227,5.137,24.443,64.626,221,31.69
440104,-1222.168,232.910,42.969,20.901,-2.443,71.122,5.371,-1171.875,-109.375,11.817,34.305,53.275,167,31.69
440135,-1237.305,60.547,45.898,20.160,-17.176,57.130,-48.828,-1153.809,-121.582,15.298,33.115,48.221,115,31.69
440166,-1073.730,229.492,85.449,20.626,-25.916,45.511,-188.477,-1003.418,-125.488,21.336,30.832,46.198,118,31.70
440197,-1379.395,-110.352,116.211,11.252,-24.038,14.023,-188.477,-1025.391,-17.578,20.412,24.359,13.947,91,31.70
440228,-1102.051,412.109,46.875,8.580,-16.534,12.084,-366.211,-1333.008,-156.738,12.832,14.954,13.305,91,31.70
440259,-910.156,346.680,-176.270,0.252,-7.244,8.702,-215.332,-907.715,-18.066,0.901,1.992,10.412,77,31.70
440290,-823.730,462.402,-134.766,-2.931,8.115,7.794,-323.242,-840.332,-9.766,-8.939,-1.855,0.832,62,31.70
440321,-767.090,443.359,-51.758,-6.176,11.405,8.947,-268.066,-933.105,-83.496,-11.893,-8.550,7.954,61,31.70
440352,-803.711,467.285,-28.320,-11.267,13.725,6.443,-265.137,-965.820,-69.824,-13.336,-18.191,5.183,58,31.70
440383,-849.121,432.617,-42.969,-12.824,10.649,4.519,-246.094,-1004.883,-77.148,-7.718,-16.344,7.695,61,31.70
440414,-854.980,413.086,-76.172,-15.954,11.382,0.153,-144.043,-1055.664,-70.313,-7.710,-15.519,16.412,58,31.70
440445,-932.129,375.977,-116.699,-13.145,8.656,1.962,-94.727,-1023.926,-50.781,-9.802,-11.069,18.130,68,31.70
440476,-1069.824,382.324,-207.031,-9.244,9.847,3.901,-139.160,-1020.020,-101.074,-8.580,-4.534,13.046,51,31.70
440508,-1037.109,376.465,-82.520,-5.870,8.221,1.878,-153.320,-1086.914,-129.395,-13.122,-0.893,2.359,74,31.70
440539,-802.734,422.852,-95.703,-1.977,4.649,4.397,-179.199,-953.125,-121.582,-12.557,-1.099,9.786,59,31.70
440570,-862.793,441.895,-113.281,-2.252,4.511,5.901,-237.305,-923.340,-119.141,-8.817,2.298,10.611,55,31.70
440601,-953.125,454.102,-98.145,-0.504,0.221,8.084,-250.977,-1043.945,-183.594,-4.580,-0.198,5.076,56,31.70
440633,-918.457,461.914,-107.422,-4.718,4.832,0.511,-253.906,-973.145,-152.344,-3.611,-3.626,0.237,185,31.70
440664,-876.465,434.570,-80.078,-7.695,3.092,1.198,-256.348,-933.105,-121.582,1.908,-8.198,0.366,507,31.70
440695,-904.297,337.891,-106.934,-9.634,5.038,-7.702,-290.527,-1148.926,-124.512,7.374,-11.351,-3.153,1018,31.70
440726,-922.852,412.598,-21.484,-12.840,4.260,-13.817,-343.262,-1103.516,-146.973,-1.382,-31.817,3.397,2131,31.70
440757,-787.109,644.531,-147.461,-16.031,7.664,-17.947,-231.934,-1138.184,-122.070,-11.427,-28.969,21.405,1685,31.70
440788,-906.738,451.660,-173.340,-9.977,9.275,-15.191,-298.340,-1079.102,-235.352,-28.557,-27.458,39.389,2004,31.70
440820,-905.273,469.238,-123.047,-8.496,3.603,-13.656,-412.109,-1099.121,-124.512,-32.511,-27.206,47.511,1551,31.70
440851,-904.785,492.187,-87.891,-6.687,6.061,-26.313,-413.086,-1090.820,-71.289,-12.534,-16.290,54.351,1205,31.70
440882,-890.625,441.895,-110.352,-3.725,4.863,-32.573,-310.547,-1075.195,-173.828,-10.366,-6.023,68.870,855,31.70
440913,-939.453,406.250,-109.375,-4.382,-1.649,-28.046,-341.309,-913.086,-230.957,-8.542,-6.130,71.405,1068,31.70
440944,-910.156,379.883,-95.703,-2.840,-3.672,-26.626,-353.027,-941.895,-212.891,-6.008,-10.206,68.817,741,31.70
440975,-889.648,329.102,-170.898,0.466,-3.466,-26.023,-338.867,-976.074,-213.867,0.802,-2.885,76.359,571,31.70
441006,-952.148,342.285,-143.066,2.282,-5.901,-28.679,-398.926,-979.004,-205.566,-1.802,-0.542,78.351,731,31.70
441037,-953.613,289.062,-103.027,2.947,-12.580,-28.481,-508.301,-894.531,-189.453,2.321,-2.351,84.878,844,31.70
441068,-955.566,299.805,-55.176,2.641,-10.962,-29.084,-581.055,-1056.641,-73.730,8.252,-1.359,83.107,781,31.70
441099,-938.477,297.363,-47.852,7.351,-12.076,-30.664,-784.668,-945.312,-177.734,0.824,-2.344,89.740,599,31.70
441130,-1025.391,254.883,45.410,4.763,-10.221,-30.794,-612.793,-780.762,-5.859,-9.290,-3.740,90.366,529,31.70
441161,-1107.910,246.582,34.180,-3.198,-3.550,-32.061,-559.570,-763.672,-104.492,-12.374,-5.382,91.870,721,31.70
441192,-1011.719,277.832,-45.898,-9.908,3.313,-36.740,-604.004,-600.098,-86.914,-14.389,-15.008,99.924,739,31.70
441223,-986.816,140.625,-30.273,-18.061,4.382,-37.748,-796.875,-791.504,-91.797,-21.237,-11.053,93.443,1133,31.70
441254,-947.754,161.621,-84.961,-8.076,3.450,-34.649,-618.652,-581.055,-102.539,-15.382,-6.198,92.779,947,31.70
441285,-977.051,151.367,-135.742,1.947,0.344,-27.824,-728.027,-626.953,-66.895,-5.603,-0.260,97.183,812,31.70
441316,-993.652,150.391,-43.945,6.183,4.176,-24.504,-792.480,-484.375,-45.898,-5.611,2.275,94.137,787,31.70
441347,-960.937,95.215,8.301,0.847,8.069,-28.206,-895.020,-85.449,-111.816,-10.802,5.008,88.008,1005,31.70
441378,-979.492,189.941,-206.543,-4.305,9.756,-34.565,-757.812,-402.344,-185.547,-9.176,3.679,85.260,1129,31.70
441409,-1005.859,104.980,-133.301,-5.443,8.947,-26.977,-772.461,-515.137,-179.199,-13.672,5.046,74.023,1750,31.70
441440,-932.129,77.637,-53.711,-1.511,8.076,-22.847,-782.715,-255.859,-108.887,-20.137,6.679,64.221,1640,31.70
441471,-978.516,101.563,12.695,-8.924,7.435,-17.412,-848.633,-394.531,-153.320,-19.618,0.809,52.733,1598,31.70
441502,-963.379,-40.527,-107.422,-8.328,7.931,-9.802,-801.758,-416.504,-91.309,-18.664,1.282,34.664,2489,31.70
441533,-960.937,81.055,-62.988,-9.779,14.580,-4.962,-882.324,-295.410,-95.703,-13.176,7.824,25.176,1831,31.70
441564,-967.773,88.379,-90.820,-2.992,17.122,-5.282,-920.410,-277.832,-107.422,-8.099,10.458,23.267,1234,31.70
441595,-978.027,78.613,-110.352,-3.779,20.977,-1.969,-935.059,-218.750,-108.887,-10.389,15.557,13.863,1239,31.70
441627,-977.539,119.141,-73.242,-6.626,23.153,-4.916,-968.750,-147.949,-57.617,-14.344,18.481,11.450,1159,31.70
441658,-982.910,41.992,-60.059,-6.229,27.000,-11.695,-985.352,-69.336,-71.289,-9.893,20.153,6.313,921,31.70
441689,-989.746,445.801,6.348,-5.595,24.847,-24.237,-1080.566,-48.340,-201.172,-3.962,15.420,10.733,711,31.70
441720,-1031.250,50.781,-393.066,3.328,24.626,-34.321,-988.281,-77.637,-362.793,-2.031,24.214,21.626,466,31.70
441751,-991.211,134.766,-342.285,4.092,23.435,-38.176,-945.312,-121.094,-414.062,-7.389,31.282,23.153,339,31.70
441782,-989.258,6.348,-145.996,15.168,20.977,-40.130,-903.809,-161.621,-291.016,-0.443,29.641,22.977,219,31.70
441813,-976.562,-77.148,-169.434,27.336,20.588,-47.221,-913.574,-290.039,-254.883,16.847,22.863,17.328,156,31.70
441844,-998.535,-70.801,-233.887,35.756,22.038,-43.947,-864.746,-327.148,-319.336,20.466,28.992,15.244,95,31.70
441875,-996.582,31.250,-287.109,33.450,17.649,-27.038,-922.852,-412.109,-464.355,9.916,30.634,5.473,92,31.70
441906,-1138.672,-60.059,-158.691,24.427,15.466,-1.870,-1024.902,-566.406,-527.832,16.267,21.550,-5.977,105,31.70
441937,-1107.422,-73.730,-110.352,22.603,7.817,19.840,-1010.254,-416.504,-520.996,18.069,11.519,-9.092,279,31.70
441968,-1078.613,104.980,-18.066,5.221,-3.519,17.366,-1004.883,-180.176,-425.293,6.405,-5.389,-3.855,414,31.70
441999,-978.516,244.629,4.395,-14.252,-12.122,36.099,-874.023,-281.250,-441.406,-11.382,-11.290,-13.336,243,31.70
442031,-895.996,191.406,-211.426,-15.557,-20.962,61.702,-771.973,-334.473,-364.258,-10.771,-20.206,-8.115,148,31.70
442062,-789.062,104.492,-336.914,-21.275,-14.748,61.901,-719.727,-235.840,-286.621,-13.015,-22.344,3.489,107,31.70
442093,-800.293,179.687,-320.312,-33.603,-7.817,57.557,-783.691,-104.980,-245.605,-26.282,-23.779,13.504,167,31.70
442124,-823.730,141.113,-273.437,-55.061,-1.710,48.336,-843.262,-52.734,-242.676,-44.763,-21.450,27.794,185,31.70
442155,-862.305,-68.848,0.488,-70.344,-1.588,34.389,-903.320,-96.680,-328.125,-54.595,-26.267,31.771,209,31.70
442186,-859.375,-717.773,-226.074,-71.649,6.985,-24.611,-984.863,212.402,-312.500,-49.664,-33.076,56.840,185,31.70
442217,-1473.633,230.957,-984.375,-47.756,0.908,-54.557,-1269.043,-135.254,-718.750,-54.427,-19.382,21.282,201,31.70
442248,-1272.949,-298.828,-333.008,-86.473,-2.038,-1.702,-945.312,-775.391,-811.035,-84.962,-26.427,-31.466,158,31.70
442280,-816.406,117.676,-162.109,-78.313,-13.198,16.649,-683.594,-585.449,-333.008,-82.954,-24.664,4.695,148,31.70
442312,-1002.930,-105.469,-184.082,14.374,-18.382,13.870,-927.246,-355.469,-105.957,23.771,-17.595,18.504,163,31.70
442343,-968.262,232.910,-203.613,64.000,-16.908,5.779,-1044.922,143.555,-89.844,87.527,-11.061,20.611,185,31.70
442374,-998.047,487.793,-57.129,4.046,-16.084,-3.504,-1093.750,391.602,-362.793,-6.015,-6.061,23.450,137,31.70
442405,-995.117,194.824,-125.977,-62.916,-12.771,-15.634,-970.703,97.656,-425.293,-67.038,-25.901,13.038,167,31.70
442436,-991.699,-2.930,-261.719,-40.099,-12.939,-13.359,-911.133,-240.723,-313.477,-46.969,-26.015,6.634,189,31.70
442467,-917.969,-16.602,-128.906,1.511,-13.901,-8.580,-909.668,-185.059,-61.035,-2.695,-17.786,7.969,163,31.70
442499,-1009.766,206.543,41.992,4.282,-11.137,-8.321,-1065.430,-84.961,81.543,6.511,-14.061,7.198,111,31.70
442530,-987.305,127.930,-96.680,-6.725,-6.664,-3.748,-963.379,-117.188,-62.988,-7.290,-3.939,5.687,99,31.70
442561,-993.652,49.316,-73.242,-6.748,-7.550,2.847,-975.586,-186.035,-247.559,-7.916,-1.687,5.015,107,31.70
442592,-1008.789,82.520,-60.547,-2.870,-5.969,6.733,-986.816,-237.793,-153.320,-0.855,-9.389,4.092,85,31.70
442624,-973.145,101.074,-97.168,3.863,0.076,7.672,-961.914,-103.516,-44.434,5.679,-0.603,9.603,83,31.70
442655,-979.004,124.512,-55.176,11.893,-0.351,9.557,-979.980,-38.086,-115.723,9.573,3.069,12.443,75,31.70
442686,-1024.902,154.785,-49.805,6.557,1.443,5.679,-1021.484,12.695,-207.031,2.489,2.076,12.031,82,31.70
442717,-986.816,181.152,-99.609,1.855,-1.313,1.458,-988.770,71.289,-205.566,-2.122,0.573,16.481,105,31.70
442748,-968.262,132.324,-119.141,3.038,3.878,-4.718,-975.586,35.156,-212.402,1.679,0.954,16.153,95,31.70
442779,-984.375,132.324,-67.383,7.374,4.061,-8.924,-993.652,-2.930,-140.625,4.053,5.038,18.649,91,31.70
442810,-968.750,104.980,-86.426,8.794,1.656,-6.954,-960.449,-52.734,-155.762,4.542,8.405,18.725,117,31.70
442841,-976.074,63.965,-78.125,9.924,2.336,-6.115,-960.449,-84.961,-180.664,4.656,5.168,18.725,188,31.70
442872,-985.352,88.379,-81.055,10.313,3.092,0.069,-972.656,-14.648,-188.477,7.557,7.695,13.290,231,31.70
442903,-971.680,102.051,-94.727,6.733,7.237,1.221,-968.262,2.441,-209.473,4.969,7.771,9.450,299,31.70
442934,-1000.488,114.746,-113.770,0.366,7.351,1.885,-979.492,-12.207,-250.977,-0.046,8.000,6.458,340,31.70
442965,-992.676,116.211,-112.793,-0.260,6.298,5.725,-988.281,-4.395,-239.258,0.229,5.107,4.771,361,31.70
442996,-984.863,109.375,-113.281,1.725,3.366,5.595,-965.820,46.387,-237.793,1.458,6.107,2.947,367,31.70
443027,-1033.691,153.809,-152.344,2.176,2.771,5.802,-971.680,86.426,-236.816,0.252,3.725,3.901,383,31.70
443058,-979.004,128.418,-127.930,-0.351,5.084,5.687,-985.352,60.547,-249.512,-3.244,4.298,0.435,365,31.70
443089,-1004.395,143.066,-133.789,-3.435,6.504,3.122,-981.445,41.992,-264.648,-2.603,4.962,1.481,307,31.70
443120,-987.793,133.789,-133.301,-4.389,6.435,-0.191,-958.008,55.176,-262.207,-0.015,3.969,0.397,279,31.70
443151,-982.422,147.461,-140.137,-2.061,6.901,-0.511,-963.867,52.734,-246.094,1.420,4.908,3.145,245,31.70
443182,-979.004,152.344,-111.816,0.649,2.679,2.954,-981.445,65.918,-238.770,0.137,2.443,-0.115,201,31.70
443214,-990.234,139.648,-147.461,-2.130,6.015,-1.420,-973.633,30.762,-247.070,0.214,3.817,0.397,186,31.70
443246,-972.168,138.184,-132.812,-0.244,6.611,-2.244,-972.168,43.457,-256.348,3.893,3.809,-0.916,147,31.70
443277,-983.887,122.559,-138.672,0.855,5.267,-2.763,-979.980,33.691,-288.086,3.084,0.038,-0.359,103,31.70
443308,-983.398,133.301,-118.652,-0.595,3.824,-2.740,-981.934,35.156,-269.043,3.153,0.847,-1.924,102,31.70
443339,-980.957,127.930,-141.113,2.603,1.389,-2.344,-973.633,17.578,-268.555,2.298,0.000,-1.351,86,31.70
443370,-981.934,135.742,-146.484,1.779,1.534,-0.008,-955.078,9.766,-264.648,2.542,-0.008,-1.267,71,31.70
443401,-982.910,102.051,-137.207,1.000,1.763,-1.092,-980.957,-5.371,-253.418,0.893,-0.252,-2.069,79,31.70
443432,-980.469,132.324,-128.906,-0.038,2.176,-4.191,-965.820,1.465,-257.324,2.931,0.893,-1.710,72,31.70
443463,-990.234,139.160,-137.207,0.710,2.038,0.412,-981.445,19.043,-248.535,3.496,0.221,-0.687,77,31.70
443494,-982.422,124.512,-139.160,0.122,1.489,-2.603,-966.309,23.926,-254.883,3.145,0.695,-2.435,76,31.70
443525,-988.770,132.812,-132.324,0.244,0.260,0.992,-985.840,21.973,-261.230,1.084,-1.580,0.229,95,31.70
443556,-999.023,130.371,-145.020,1.351,-1.939,-0.290,-970.215,5.371,-258.301,2.305,-0.542,0.290,89,31.70
443587,-971.680,125.488,-140.137,-0.710,1.198,-2.153,-955.566,11.230,-235.840,1.756,0.000,-0.321,88,31.70
443618,-994.629,125.000,-138.184,-2.634,1.618,-0.695,-973.145,16.602,-254.883,-0.885,2.603,3.153,83,31.70
443649,-983.887,138.184,-134.766,-3.038,3.771,-0.672,-978.027,21.973,-249.512,-2.168,1.084,-1.412,92,31.70
443680,-969.727,133.301,-141.602,-2.351,-0.305,0.214,-968.750,13.672,-258.301,-0.603,0.702,0.466,83,31.70
443711,-974.609,124.512,-142.578,0.237,-1.565,-0.237,-976.562,1.953,-285.645,1.565,-0.992,-1.214,91,31.70
443742,-995.605,125.977,-132.812,2.176,0.366,1.565,-971.191,-5.859,-260.254,1.992,-1.015,-1.183,75,31.70
443773,-988.770,124.023,-147.461,-2.427,1.580,-1.672,-953.125,16.113,-252.930,0.198,-0.443,2.893,91,31.70
443804,-973.145,134.277,-128.418,-2.947,1.496,-2.931,-982.910,20.996,-249.023,1.481,0.687,-0.542,73,31.70
443835,-961.426,125.488,-140.625,-1.244,1.458,-0.580,-964.355,0.488,-266.602,0.168,1.313,-3.198,78,31.70
443866,-971.680,116.211,-147.461,1.985,-1.069,0.260,-960.937,12.695,-247.070,-1.427,1.458,-2.389,75,31.70
443897,-988.770,136.719,-152.344,0.344,-1.603,0.443,-980.469,10.742,-245.605,0.328,-0.076,-0.595,83,31.70
443928,-978.027,126.953,-134.277,-0.389,-0.969,-1.206,-952.148,28.809,-254.395,-0.061,-1.076,-0.267,79,31.70
443960,-982.422,106.934,-140.625,1.450,-1.351,-2.893,-970.703,10.742,-255.371,1.649,-1.756,-3.580,79,31.70
443991,-987.793,125.000,-145.508,0.214,-0.626,-1.275,-979.004,21.973,-233.887,0.443,-2.168,0.481,73,31.70
444022,-980.957,114.746,-145.020,-4.275,0.588,-4.336,-958.984,19.043,-262.207,-0.481,-0.435,-1.473,83,31.70
444053,-994.141,116.699,-147.461,-0.664,1.618,-3.275,-968.262,8.789,-262.695,0.863,-1.168,-2.672,84,31.70
444084,-979.492,132.812,-149.414,-0.282,1.618,-3.855,-969.238,10.742,-253.906,1.634,-1.885,-3.550,75,31.70
444115,-979.492,110.352,-130.371,1.267,-1.397,-0.832,-957.031,14.648,-253.418,-0.298,0.275,-0.763,92,31.70
444146,-977.051,106.445,-153.809,1.885,-1.710,-1.443,-974.609,11.230,-247.559,1.824,-1.069,-1.351,78,31.70
444177,-987.793,122.559,-135.254,1.450,1.466,-2.282,-959.473,10.742,-254.395,-0.244,-1.046,-4.832,73,31.70
444208,-989.746,118.652,-136.230,-0.580,0.130,-4.473,-973.145,5.371,-246.582,-0.893,-0.618,-0.565,57,31.70
444239,-970.215,105.957,-141.113,-2.969,1.885,-6.237,-973.145,-2.930,-247.070,-0.954,-0.550,-2.855,71,31.70
444270,-990.723,104.492,-136.230,-1.305,0.824,-5.244,-976.074,-15.137,-230.957,1.000,-0.718,-3.695,75,31.70
444301,-986.328,122.559,-131.348,0.237,-4.008,-1.359,-983.887,-12.695,-230.469,0.107,-1.153,-4.237,87,31.70
444332,-983.398,104.004,-125.977,-3.000,0.000,-0.069,-973.145,-40.039,-246.094,-4.321,1.290,-3.580,91,31.70
444363,-984.375,88.379,-139.648,-1.550,-0.053,0.450,-961.914,-40.527,-236.816,-0.832,-1.260,-1.611,90,31.70
444394,-976.074,78.613,-133.789,-3.214,1.305,0.473,-957.031,-39.063,-260.254,3.344,0.672,-3.962,101,31.70
444425,-997.070,100.586,-139.648,2.794,1.160,-0.901,-981.934,-26.855,-256.836,2.443,0.046,-3.221,83,31.70
444456,-984.375,101.074,-138.184,-0.649,2.160,-3.618,-968.262,-11.719,-252.930,0.679,-1.321,-1.656,73,31.70
444487,-979.980,110.840,-139.160,0.313,-0.221,3.252,-985.352,-15.137,-244.629,-1.023,-0.260,-0.878,63,31.70
444518,-988.281,101.074,-128.418,0.015,-1.191,-2.214,-971.680,-22.461,-230.957,0.443,-0.412,-0.824,79,31.70
444549,-1000.000,101.074,-128.906,-0.344,2.046,-1.664,-965.332,-29.297,-251.465,-0.718,-1.244,-1.130,73,31.70
444580,-1001.465,93.750,-130.371,-2.527,0.443,-2.282,-965.332,-38.574,-249.512,-0.229,-1.267,-0.664,74,31.70
444611,-979.980,108.398,-135.742,-0.427,2.679,-0.672,-957.031,-26.367,-244.629,0.611,-2.183,0.748,80,31.70
444642,-983.887,101.074,-132.812,0.840,-2.031,-0.511,-968.750,-16.113,-258.301,0.466,-0.786,-0.901,72,31.70
444674,-982.910,108.887,-136.719,-3.000,1.664,-4.550,-973.633,-14.648,-237.793,1.412,1.397,1.626,70,31.70
444706,-986.328,103.516,-124.023,-0.344,0.565,1.718,-982.422,-7.324,-256.836,-0.252,0.557,-0.580,71,31.70
444737,-973.633,101.563,-130.371,-2.221,4.809,-2.107,-973.633,-28.809,-253.906,1.382,-0.634,1.282,85,31.70
444768,-986.328,103.027,-142.578,-1.519,2.870,-2.267,-977.051,-27.832,-253.906,0.870,-1.527,-0.710,70,31.70
444799,-986.328,108.398,-137.695,0.229,-1.206,2.336,-961.426,-22.949,-261.719,-0.832,1.939,0.802,63,31.70
444830,-974.121,98.145,-151.855,0.763,0.084,-0.924,-968.750,-31.738,-271.973,2.672,-1.481,1.565,69,31.70
444861,-983.398,99.121,-136.719,1.435,-0.267,1.313,-972.656,-19.043,-256.348,1.466,0.740,-1.344,92,31.70
444892,-973.145,107.910,-130.859,-2.145,2.595,2.031,-973.633,-23.926,-259.277,-1.076,0.328,1.908,77,31.70
444923,-987.793,104.980,-138.184,-3.687,2.863,-2.840,-970.215,-25.879,-259.766,-1.870,-1.977,1.626,76,31.70
444954,-980.469,98.145,-145.996,-0.786,4.244,-0.550,-981.934,-23.926,-256.836,0.374,-3.015,2.122,103,31.70
444985,-982.910,99.121,-154.785,1.588,0.603,-1.481,-963.379,-11.230,-267.578,-0.969,-0.504,-1.481,83,31.70
445016,-983.398,91.309,-149.414,-1.145,0.008,-0.962,-967.773,-20.996,-265.137,-1.450,-1.260,0.053,87,31.70
445047,-978.516,99.121,-133.789,-1.435,0.366,1.824,-972.168,-30.273,-249.023,0.374,-0.809,-0.603,92,31.70
445078,-979.004,96.191,-134.766,-0.985,2.160,-5.267,-958.984,-34.668,-250.488,-0.573,0.481,-2.321,92,31.70
445109,-980.469,104.492,-150.879,-2.260,1.153,-1.702,-974.121,-26.855,-259.766,2.962,1.023,0.046,99,31.70
445140,-989.746,104.004,-138.184,-2.580,3.405,-0.626,-982.422,-6.836,-249.023,1.832,0.832,-0.847,95,31.70
445171,-983.398,101.074,-147.949,0.481,-1.145,0.237,-960.449,-5.371,-256.348,-1.298,0.321,-0.679,83,31.70
445202,-978.516,104.004,-154.297,0.221,0.031,1.176,-972.656,-15.625,-244.629,-1.595,-0.458,1.504,76,31.70
445233,-984.375,107.910,-138.184,0.008,-0.397,-1.725,-958.008,-22.461,-248.535,0.473,-0.084,2.130,74,31.70
445264,-990.723,106.934,-150.879,-2.260,3.458,-2.282,-965.820,-22.461,-232.910,-0.794,-1.290,-1.282,69,31.70
445296,-968.750,102.539,-145.996,0.267,-1.122,0.076,-959.961,-12.695,-269.531,1.191,-1.595,-0.252,95,31.70
445328,-996.094,101.074,-127.930,-0.252,0.817,2.122,-970.703,-8.789,-254.883,-0.344,-1.863,-1.450,75,31.70
445359,-984.375,109.863,-137.207,2.061,0.412,2.321,-979.004,-7.812,-264.648,-0.107,0.389,0.313,88,31.70
445390,-976.562,90.332,-152.344,1.298,-0.275,0.031,-961.914,-23.926,-245.117,-0.115,-0.603,-2.015,75,31.70
445421,-984.863,104.004,-151.367,-1.527,2.870,-0.573,-963.379,-11.719,-251.465,0.427,-1.290,-2.969,78,31.70
445452,-986.328,106.934,-139.160,-0.115,1.733,-3.947,-977.539,-14.160,-250.488,1.183,0.000,1.809,79,31.70
445483,-995.117,84.473,-146.973,-0.786,1.366,-2.359,-968.262,-19.531,-260.254,-0.237,-1.366,-1.527,73,31.70
445514,-977.539,103.027,-138.184,-0.664,-1.969,-0.542,-957.031,-28.320,-244.629,1.214,0.992,-0.107,83,31.70
445545,-994.629,88.867,-138.184,1.374,-1.397,-0.687,-972.168,-23.437,-257.324,0.107,0.229,0.573,85,31.70
445576,-1000.000,101.563,-139.160,2.985,1.237,1.443,-976.074,-21.484,-246.582,0.069,0.580,1.496,91,31.70
445607,-997.070,117.676,-142.090,-3.107,1.817,-4.435,-965.820,-23.926,-264.648,-0.099,-1.160,-0.313,89,31.70
445638,-981.934,105.957,-143.555,-3.809,1.603,-1.687,-957.520,-15.625,-253.906,-0.382,-0.458,0.008,74,31.70
445669,-981.445,102.539,-148.926,0.160,-1.580,1.382,-951.660,-31.250,-264.648,1.473,-1.168,-1.519,91,31.70
445700,-985.840,100.098,-153.809,4.023,0.160,0.221,-966.309,-29.785,-259.766,3.947,-0.344,-0.771,109,31.70
445731,-986.328,117.188,-138.672,2.023,-2.168,1.740,-963.379,5.859,-251.465,0.893,-2.573,0.069,109,31.70
445762,-989.258,119.141,-129.883,-3.664,2.832,-4.710,-959.961,-14.648,-249.023,-2.267,0.863,-1.740,87,31.70
445793,-993.652,53.711,-130.371,-6.321,2.870,-3.885,-980.957,-35.645,-250.488,-4.183,0.351,-1.962,103,31.70
445824,-993.652,88.867,-149.902,-4.260,2.130,-3.412,-970.215,-49.316,-252.441,-0.466,-0.206,0.145,106,31.70
445855,-982.910,94.727,-138.184,1.847,-0.313,1.145,-967.285,-24.902,-237.305,2.046,-1.023,0.099,100,31.70
445886,-984.863,98.145,-140.625,1.305,0.321,2.885,-956.055,-19.043,-249.023,-0.977,0.221,-0.908,115,31.70
445917,-980.469,104.004,-136.719,1.656,-0.099,3.397,-976.562,-20.020,-255.859,0.794,-0.992,0.397,115,31.70
445948,-983.398,98.145,-157.227,-0.466,1.427,0.458,-984.375,-33.691,-241.699,2.015,-0.275,0.969,122,31.70
445979,-985.352,128.418,-141.113,1.618,2.244,2.214,-963.379,-8.301,-257.324,3.573,1.511,2.885,106,31.70
446010,-996.582,113.281,-135.254,1.176,2.260,-2.168,-971.680,2.441,-257.324,2.687,-3.252,0.237,123,31.70
446041,-984.863,115.234,-150.391,1.313,0.931,2.985,-971.680,-3.906,-252.930,-1.580,-0.710,2.115,101,31.70
446072,-987.305,103.027,-155.762,-2.244,-1.328,-0.771,-967.285,-31.738,-248.047,-1.962,-2.618,-0.031,103,31.70
446104,-986.816,97.656,-142.090,-0.687,-0.771,2.023,-959.961,-51.758,-265.625,0.718,1.374,0.931,112,31.70
446135,-990.723,103.027,-141.602,2.664,-0.534,1.580,-977.051,-23.437,-256.348,2.053,-0.832,-2.321,100,31.70
446166,-981.934,105.469,-144.043,0.733,-2.153,-1.260,-972.168,-9.766,-256.836,-0.496,-1.885,0.344,91,31.70
446197,-992.676,100.586,-151.367,-2.099,0.580,-2.832,-975.098,-19.043,-263.672,-1.977,0.298,-1.427,108,31.70
446228,-980.957,98.633,-150.391,-3.832,2.870,-1.038,-969.238,-21.973,-252.930,-0.962,0.664,0.038,111,31.70
446259,-984.863,109.863,-127.441,-3.458,0.489,-0.580,-975.098,-19.531,-254.883,2.359,-1.313,-2.626,103,31.70
446291,-993.652,94.727,-147.949,-1.748,3.191,-3.153,-973.633,-41.504,-260.254,-0.832,0.115,1.061,91,31.70
446322,-986.816,105.957,-142.090,-1.908,1.359,-1.542,-969.238,-24.902,-262.207,2.290,0.336,0.130,119,31.70
446353,-990.723,88.379,-145.508,-1.435,1.595,-1.901,-969.727,-34.668,-267.090,0.084,-1.641,0.061,103,31.70
446384,-988.770,96.191,-153.320,1.992,-0.931,1.122,-970.215,-23.926,-251.465,1.244,-2.641,0.916,102,31.70
446415,-984.863,106.934,-145.020,0.710,-0.992,2.191,-976.074,-21.484,-254.395,-0.656,-0.817,1.489,89,31.70
446446,-977.051,102.539,-154.297,1.443,-2.809,-1.618,-976.562,-36.133,-244.629,0.779,-1.046,-0.511,91,31.70
446477,-992.187,91.797,-143.555,-1.405,-0.702,-1.779,-969.238,-33.691,-268.555,0.947,-0.962,-0.794,111,31.70
446508,-982.422,116.211,-145.508,-0.763,1.931,-2.893,-988.770,-22.461,-250.000,0.229,-1.855,-0.802,99,31.70
446540,-980.957,98.633,-153.320,-1.954,0.985,-2.748,-966.309,-15.625,-244.141,0.458,2.771,0.130,95,31.70
446572,-1000.000,95.703,-133.789,-2.084,-0.840,3.038,-974.609,-26.855,-264.160,0.489,-0.053,-1.588,95,31.70
446604,-986.328,89.844,-151.367,0.107,-0.046,1.053,-971.680,-40.527,-248.535,0.153,-0.107,-0.992,74,31.70
446635,-995.117,86.426,-146.484,1.084,-2.695,0.695,-971.680,-32.715,-248.047,0.832,-1.084,-0.031,69,31.70
446666,-979.980,103.516,-139.160,2.855,-1.107,-0.779,-961.914,-11.719,-250.977,1.221,-1.099,-0.504,60,31.70
446697,-998.047,96.191,-146.973,-2.931,1.496,-2.214,-969.238,-16.602,-264.160,-0.916,-1.084,3.023,69,31.70
446728,-993.164,99.121,-141.113,-1.641,2.511,-3.137,-987.793,-22.461,-253.418,1.061,-1.458,-0.786,55,31.70
446759,-968.262,88.867,-140.625,-1.626,1.809,-0.443,-956.543,-26.855,-250.000,-0.344,-0.244,-4.351,84,31.70
446790,-983.887,97.168,-155.273,0.191,-2.328,2.191,-971.191,-36.133,-249.023,2.084,-1.962,-0.931,92,31.70
446821,-992.676,113.770,-140.625,0.107,-0.427,-1.313,-985.840,-13.184,-249.512,0.191,-0.092,-0.023,127,31.70
446852,-984.375,110.352,-154.297,-0.641,-0.435,0.740,-962.891,-11.719,-250.000,0.305,-0.573,-3.168,101,31.70
446884,-973.633,102.539,-136.230,0.115,-2.924,0.061,-978.027,-18.066,-262.207,-0.763,0.336,-1.076,92,31.70
446915,-989.746,95.703,-139.160,-1.817,-1.397,-0.992,-972.168,-36.621,-257.324,-0.931,-2.344,-1.328,79,31.70
446947,-981.934,94.238,-149.902,0.710,-0.855,-0.809,-967.773,-46.875,-249.512,-0.885,-0.092,-4.176,121,31.70
446979,-991.211,110.840,-143.066,-1.908,1.710,-6.618,-967.773,-37.598,-245.605,1.107,-0.679,-1.046,94,31.70
447010,-984.375,86.426,-148.437,-1.870,2.191,-3.107,-969.727,-53.223,-250.000,1.511,0.023,0.847,107,31.70
447042,-988.281,104.004,-138.184,-3.969,2.931,-3.023,-976.562,-50.781,-243.652,0.557,-0.115,-2.069,103,31.70
447073,-996.094,83.008,-143.066,-0.664,2.458,-2.099,-973.145,-53.711,-242.676,-1.313,-0.038,-4.115,91,31.70
447105,-975.586,83.984,-144.531,-2.771,3.137,-3.565,-972.168,-53.711,-255.371,-0.344,-2.023,-0.183,99,31.70
447137,-982.422,93.262,-140.137,-1.008,0.542,-2.107,-980.469,-38.574,-252.441,1.321,-2.679,-1.557,88,31.70
447169,-978.027,90.332,-145.020,0.023,-2.153,1.870,-975.586,-44.434,-257.324,0.321,-1.366,-0.130,69,31.70
447200,-986.328,82.520,-139.648,0.542,0.084,1.504,-978.027,-52.246,-258.301,-1.893,-1.176,0.237,88,31.70
447231,-979.492,79.102,-139.160,-0.969,0.427,2.641,-966.797,-31.250,-250.977,-0.298,-0.618,-3.863,85,31.70
447262,-974.609,83.984,-141.602,-0.366,3.160,-0.649,-977.539,-32.715,-270.020,1.023,-0.168,1.901,83,31.70
447294,-977.539,83.984,-128.418,-1.473,-0.893,-0.313,-964.355,-30.273,-234.375,0.718,-1.679,-3.130,88,31.70
447325,-1001.953,81.055,-143.066,1.252,-0.313,-0.672,-969.727,-22.461,-229.492,1.061,-2.649,-1.618,75,31.70
447356,-971.680,90.332,-133.301,-3.298,1.061,-3.427,-974.609,-19.531,-244.629,-1.237,-2.214,-4.496,79,31.70
447387,-984.863,87.402,-132.812,-2.679,2.496,-1.008,-969.238,-20.508,-229.004,-0.588,0.282,-7.664,73,31.70
447418,-992.676,100.586,-142.090,-1.122,-0.130,2.237,-966.309,-27.832,-229.004,0.443,0.038,-11.122,73,31.70
447449,-978.027,85.938,-133.789,-1.664,0.275,1.748,-960.937,-5.371,-220.215,-1.908,-0.687,-13.328,95,31.71
447480,-977.539,93.750,-146.484,-3.573,1.221,4.641,-951.660,-27.344,-231.445,2.313,0.374,-14.626,76,31.71
447511,-997.559,68.848,-144.043,-0.458,4.382,1.130,-962.402,-44.922,-235.352,6.656,-0.389,-22.351,90,31.71
447542,-967.773,92.773,-140.137,2.924,3.985,2.550,-948.242,-36.621,-259.277,12.008,1.557,-27.389,86,31.71
447573,-986.328,66.895,-182.129,10.115,2.191,1.214,-951.172,-18.555,-283.691,21.809,1.397,-30.847,111,31.71
447604,-976.562,114.746,-161.621,17.008,-1.710,3.824,-967.285,-37.598,-267.578,20.870,2.328,-36.000,106,31.71
447635,-985.352,145.508,-145.508,6.855,0.031,2.733,-984.863,-8.789,-242.676,7.290,0.168,-41.779,101,31.71
447666,-983.887,129.883,-146.973,1.603,-1.550,-1.557,-978.516,-105.469,-268.555,-1.328,-0.832,-43.817,89,31.71
447698,-988.770,93.750,-145.996,-1.237,-1.252,-1.542,-942.383,-166.016,-269.531,-6.756,-2.031,-46.450,90,31.71
447730,-996.094,90.332,-165.527,-6.244,-0.099,-4.031,-924.316,-335.449,-263.672,-3.466,-1.115,-41.092,75,31.71
447761,-1008.789,70.313,-167.969,6.840,-3.267,-0.336,-937.500,-401.367,-250.977,6.733,4.336,-33.244,117,31.71
447792,-981.934,91.797,-132.812,15.809,-3.977,-0.359,-917.969,-352.051,-218.750,15.504,2.527,-23.267,100,31.71
447823,-985.352,100.098,-101.074,8.534,-3.672,0.420,-926.270,-280.273,-204.102,8.244,1.221,-24.450,104,31.71
447854,-992.187,71.289,-121.582,-1.267,2.130,-0.809,-923.340,-389.648,-218.750,7.244,3.023,-22.550,93,31.71
447885,-984.863,95.215,-125.977,5.305,0.122,-2.763,-953.613,-351.562,-252.930,11.565,2.031,-12.992,95,31.71
447916,-989.258,82.520,-147.461,10.015,1.031,-3.160,-950.684,-334.473,-265.137,12.687,4.565,-5.832,93,31.71
447947,-997.070,83.008,-133.789,11.809,-0.740,-2.763,-946.777,-304.199,-224.121,10.878,2.046,-2.756,103,31.71
447978,-971.680,85.449,-137.207,5.809,-3.427,-2.740,-924.805,-295.410,-234.375,8.809,1.031,-3.641,100,31.71
448009,-1020.508,100.586,-146.484,6.641,-1.473,-1.267,-932.617,-327.637,-246.094,7.198,0.397,-4.534,90,31.71
448041,-999.512,104.492,-116.211,5.901,-0.908,0.275,-939.941,-309.570,-251.465,2.588,0.756,-7.008,85,31.71
448072,-998.535,97.656,-135.254,4.443,-1.092,-1.382,-940.430,-341.797,-262.695,2.389,-1.061,-1.863,87,31.71
448103,-986.816,10.254,-135.254,2.069,0.511,-5.023,-935.547,-385.742,-266.113,1.931,0.229,4.931,85,31.71
448134,-993.164,69.824,-116.699,-1.542,0.176,-4.855,-904.297,-343.750,-250.488,-1.985,-2.107,4.359,83,31.71
448165,-980.469,85.449,-110.840,-0.802,-1.244,-1.939,-913.086,-328.125,-229.004,-1.550,-2.580,8.145,98,31.71
448196,-978.516,69.824,-124.512,-1.427,-4.466,-1.366,-922.363,-354.492,-227.051,-2.435,-3.565,7.626,89,31.71
448228,-1003.418,61.035,-120.605,-3.206,-0.756,-5.763,-929.687,-337.891,-249.023,-1.924,-1.099,11.885,186,31.71
448260,-996.094,68.359,-116.699,-3.618,1.366,-5.214,-950.195,-286.621,-235.352,-2.122,-2.115,15.519,205,31.71
448292,-1000.000,73.242,-94.238,-3.679,-0.313,-4.756,-959.473,-277.832,-206.543,-6.290,-0.489,19.557,215,31.71
448324,-1001.465,38.086,-132.324,-4.244,0.847,-6.351,-929.199,-305.664,-216.797,-7.191,-1.969,23.000,304,31.71
448355,-1002.930,78.613,-120.117,-1.176,2.321,-7.519,-963.379,-283.691,-200.684,-3.031,-0.168,30.023,330,31.71
448386,-971.191,22.949,-149.414,2.557,3.267,-4.237,-896.484,-297.852,-250.977,-0.290,1.160,27.397,574,31.71
448417,-976.074,-10.742,-143.555,7.336,3.359,-3.115,-900.879,-281.738,-223.633,4.573,1.458,22.962,491,31.71
448448,-988.770,21.484,-144.043,11.908,5.366,5.405,-901.855,-270.996,-236.816,11.802,3.344,14.221,664,31.71
448479,-981.934,-12.695,-106.934,8.710,4.183,8.153,-904.297,-243.652,-195.801,6.557,4.305,10.725,626,31.72
448510,-976.074,128.418,-121.582,2.840,2.954,11.832,-925.781,-179.199,-213.379,3.023,6.122,8.565,521,31.72
448541,-977.539,62.988,-127.930,4.504,3.611,14.725,-952.148,-150.879,-240.723,5.137,4.153,3.282,371,31.72
448572,-1000.977,107.422,-155.762,0.481,4.252,13.435,-992.676,-114.746,-276.367,-0.985,4.649,3.580,388,31.72
448603,-990.723,148.926,-133.789,-6.565,6.046,8.756,-990.723,-111.816,-290.527,-5.084,3.557,3.000,333,31.72
448634,-990.723,98.633,-163.086,-4.267,5.344,6.023,-962.891,-131.836,-270.020,-1.450,3.748,3.672,223,31.72
448665,-973.633,94.238,-150.879,-2.321,5.298,2.656,-954.590,-167.969,-284.180,-1.069,1.756,2.412,189,31.72
448696,-965.332,111.328,-146.484,1.847,2.038,2.847,-977.051,-133.789,-284.180,1.947,1.855,-0.641,203,31.72
448727,-998.535,111.328,-161.133,1.779,1.519,1.046,-985.352,-132.812,-281.738,-0.046,1.580,-0.153,179,31.72
448758,-993.652,128.418,-142.090,-0.779,1.916,4.244,-990.234,-204.590,-260.254,-5.763,-1.321,0.366,166,31.72
448789,-998.047,122.559,-136.719,-5.969,2.748,-6.382,-957.520,-210.449,-247.070,-6.267,-1.412,8.321,173,31.72
448820,-991.699,109.375,-141.602,-6.191,4.672,-9.122,-966.797,-215.332,-243.164,-4.885,-1.053,13.168,186,31.72
448851,-1012.695,110.840,-158.691,-7.771,3.725,-12.046,-982.910,-159.180,-252.441,-7.137,-1.244,20.344,333,31.72
448882,-991.699,103.516,-145.996,-6.389,0.931,-12.328,-989.258,-182.617,-289.062,-5.710,-3.382,22.740,351,31.72
448913,-999.023,127.441,-162.109,1.382,0.061,-17.840,-983.887,-79.590,-242.676,-6.832,-3.298,32.427,243,31.72
448944,-951.660,45.898,-158.203,-4.893,1.580,-17.656,-927.246,-134.766,-292.480,-7.031,-3.313,32.275,355,31.72
448975,-968.262,-32.227,-187.500,1.282,3.588,-20.656,-912.598,-178.711,-273.437,-0.344,-4.069,29.908,245,31.72
449006,-973.145,0.488,-169.434,4.824,3.000,-12.115,-916.992,-145.020,-278.809,4.817,0.282,22.573,205,31.72
449037,-981.934,-9.766,-148.926,3.351,0.924,-1.420,-932.129,-143.066,-264.160,3.160,1.214,12.710,213,31.72
449069,-974.121,-88.867,-125.977,1.145,2.626,4.015,-943.359,-190.430,-238.281,-2.282,1.901,3.344,219,31.72
449100,-954.590,7.812,-176.758,-2.183,2.527,12.527,-952.148,-107.910,-237.305,2.336,0.893,-0.305,190,31.72
449131,-984.375,80.078,-170.410,4.359,-0.153,12.191,-971.191,-22.461,-244.141,5.382,1.794,0.145,179,31.72
449162,-972.656,120.605,-161.621,0.061,-0.809,7.198,-979.492,54.199,-278.809,-3.107,1.511,1.672,165,31.72
449193,-992.187,79.102,-163.086,-5.718,-1.336,2.908,-961.914,-10.742,-291.504,-7.015,-1.695,0.115,216,31.72
449224,-986.816,60.059,-154.785,-6.817,2.611,0.397,-971.680,-85.938,-271.484,-6.115,-0.870,-1.305,171,31.72
449255,-1004.883,44.922,-166.016,-7.099,1.962,2.458,-952.637,-120.605,-259.766,-4.244,0.931,-3.046,159,31.72
449286,-994.629,40.527,-147.949,-1.679,2.786,1.756,-963.867,-101.563,-258.301,-2.321,0.550,-3.809,255,31.72
449317,-969.238,71.289,-163.086,0.000,-0.992,8.366,-967.285,-62.988,-261.719,3.084,2.366,-7.420,185,31.72
449348,-990.723,80.566,-176.758,1.565,0.557,7.183,-973.633,-41.992,-278.320,3.672,1.176,-4.229,201,31.72
449379,-1033.203,110.840,-208.984,-8.015,-1.969,2.252,-1000.000,40.527,-277.344,-11.305,-0.832,-6.405,155,31.72
449410,-1010.742,84.961,-142.090,-11.000,1.176,-4.107,-973.145,-221.680,-142.578,-4.351,-11.405,-2.015,218,31.72
449441,-952.148,7.324,-164.062,8.695,2.344,-0.038,-909.668,-217.773,-241.211,15.664,2.893,2.969,143,31.72
449472,-1020.996,145.996,-147.949,12.710,1.489,5.084,-987.305,63.965,-376.953,12.542,4.015,3.939,137,31.72
449503,-997.070,73.730,-157.227,-0.603,-0.137,6.115,-961.426,-52.734,-317.383,-4.664,0.893,-0.840,121,31.72
449535,-988.281,104.492,-149.414,-3.786,3.069,3.397,-966.309,-10.742,-268.066,-3.695,0.137,-1.191,104,31.72
449567,-988.281,88.379,-155.762,-7.634,2.878,1.275,-956.543,-80.078,-275.879,-4.947,-4.435,-5.809,109,31.72
449599,-990.723,56.152,-188.965,-0.450,-0.252,2.634,-946.777,-158.691,-293.457,-0.244,1.740,-4.237,114,31.72
449630,-1062.988,57.617,-213.379,-0.481,-0.794,-1.137,-998.047,-10.254,-347.656,13.542,-9.672,-23.733,123,31.72
449662,-948.242,163.574,-159.180,-4.878,0.069,3.359,-975.586,-166.992,-114.258,-10.496,-5.374,-2.809,93,31.72
449693,-998.047,10.254,-120.117,4.527,-0.641,-0.229,-970.703,-207.031,-269.043,-0.855,-0.145,-1.427,100,31.72
449724,-1026.367,156.250,-169.922,8.863,2.969,-5.740,-982.910,-129.883,-339.355,10.214,-0.046,-5.824,103,31.72
449755,-979.980,80.078,-175.293,0.282,1.809,-0.023,-948.730,-108.398,-308.105,0.252,0.092,0.702,110,31.72
449786,-986.328,104.980,-155.273,-3.145,-0.466,-1.015,-961.914,-56.641,-255.859,0.679,-0.802,-2.275,99,31.72
449817,-974.121,97.168,-155.273,-3.603,-1.412,-1.748,-962.402,-108.887,-268.066,-3.137,-3.061,-5.099,125,31.72
449848,-987.305,75.684,-168.945,-3.939,0.282,2.130,-951.660,-153.320,-269.043,-2.733,-2.840,-1.969,117,31.72
449879,-983.398,75.684,-178.711,2.977,-1.366,2.260,-960.449,-150.391,-267.090,3.679,2.733,-0.702,122,31.72
449910,-904.297,149.414,-258.301,-13.687,0.237,-1.534,-1026.855,60.059,-404.785,11.580,-12.267,-26.496,119,31.72
449941,-933.594,107.910,-188.477,-13.840,-1.183,-3.015,-921.875,-175.781,-14.648,-25.099,-4.076,-10.748,109,31.72
449973,-997.559,-55.176,-99.121,9.878,-0.405,-1.809,-1222.656,-417.969,-237.793,107.840,-11.756,-63.252,106,31.72
450005,-979.004,83.008,-192.871,26.985,-0.282,3.931,-935.547,-177.734,-335.449,24.542,6.031,10.649,139,31.72
450036,-1015.137,189.941,-149.902,8.053,-3.176,5.107,-982.422,-28.320,-361.816,4.252,2.725,4.244,116,31.72
450067,-967.285,117.188,-158.203,-7.725,0.023,-1.489,-961.914,1.465,-288.086,-9.893,-4.229,-6.282,112,31.72
450098,-980.469,104.492,-151.855,-8.099,1.450,-0.679,-988.770,-78.125,-261.719,-4.565,-5.611,-3.443,103,31.72
450129,-997.070,97.656,-172.363,-3.374,-0.931,-4.664,-966.797,-138.672,-307.129,-3.718,-2.840,-0.656,102,31.72
450161,-980.469,62.988,-166.504,1.954,0.748,-4.183,-954.102,-174.316,-313.965,2.252,0.023,-2.718,148,31.72
450192,-989.258,55.664,-168.457,0.702,0.740,-6.832,-972.168,-135.742,-286.621,5.313,-1.939,-0.763,125,31.72
450223,-982.422,103.027,-146.484,-1.008,-1.397,-1.573,-960.937,-73.242,-270.508,-1.672,-3.168,0.229,110,31.72
450254,-980.469,49.805,-156.738,-5.366,-3.557,-2.382,-938.477,-156.250,-257.812,-3.336,-4.603,-3.511,140,31.72
450285,-983.398,90.820,-145.020,-4.679,-2.107,0.847,-959.961,-153.320,-253.906,-4.649,-1.992,-2.061,103,31.72
450316,-985.352,56.641,-156.250,-7.031,2.168,-4.427,-965.820,-121.094,-249.023,-4.244,-2.275,-3.206,87,31.72
450347,-980.957,70.313,-139.160,-12.053,2.496,-0.824,-944.824,-55.176,-247.070,-7.069,-2.656,-10.565,107,31.72
450378,-979.492,74.219,-141.113,-17.130,-0.481,-0.824,-953.613,-62.012,-302.246,-9.840,-3.069,-15.206,90,31.72
450409,-1003.418,60.547,-208.008,-4.397,-3.519,3.969,-926.758,-168.457,-315.430,-1.168,-2.794,-20.450,102,31.72
450440,-1035.645,48.828,-117.188,0.237,-4.855,5.160,-966.797,-70.801,-270.508,1.863,-5.015,-22.550,115,31.72
450471,-977.539,113.770,-140.625,-2.870,-2.382,1.626,-933.105,-65.918,-259.277,-2.038,-3.649,-22.863,100,31.72
450502,-994.629,45.898,-146.484,-4.817,-3.489,-0.099,-900.879,-127.441,-269.531,0.168,-2.954,-35.519,83,31.72
450533,-951.172,2.441,-158.203,-5.763,-1.733,8.840,-876.953,-213.379,-304.687,3.382,-4.252,-42.695,95,31.72
450564,-985.352,9.766,-162.109,-2.344,-6.641,18.229,-825.195,-264.648,-291.016,9.305,-2.779,-54.504,86,31.72
450595,-1012.207,-29.297,-187.988,4.756,-8.160,31.198,-795.898,-346.191,-322.754,22.405,0.672,-73.977,85,31.72
450626,-967.773,67.871,-164.551,12.840,-11.107,40.282,-770.508,-309.082,-344.727,28.863,-3.740,-84.000,101,31.72
450657,-981.934,149.414,-185.059,3.870,-10.061,43.427,-852.539,-194.824,-318.359,25.290,-12.763,-90.672,151,31.72
450688,-975.586,218.750,-126.953,-5.771,-8.802,46.038,-767.578,-285.645,-240.234,10.832,-12.664,-100.321,203,31.72
450719,-942.871,195.801,-132.324,-10.603,-10.893,47.420,-690.918,-662.109,-259.766,9.634,-11.649,-105.328,150,31.72
450750,-983.398,209.961,-109.863,6.000,-16.656,52.802,-820.312,-734.863,-80.566,31.092,-2.397,-81.611,139,31.72
450781,-959.473,210.449,-55.176,13.198,-15.557,47.412,-804.687,-613.770,-126.465,35.260,-0.099,-72.649,229,31.72
450812,-944.336,400.391,-16.113,3.573,-8.947,43.313,-856.934,-353.027,-146.484,18.985,-6.023,-72.641,186,31.72
450844,-981.445,401.855,-97.168,-13.557,-5.061,41.450,-804.687,-528.809,-119.141,2.176,-10.802,-78.740,177,31.72
450876,-934.570,323.730,-41.992,-10.160,-2.267,34.237,-720.215,-712.891,-187.012,5.725,-5.634,-75.511,167,31.72
450908,-970.215,285.645,-64.941,-6.885,-3.847,31.252,-745.605,-797.852,-159.180,11.122,-3.885,-69.107,185,31.72
450939,-979.980,407.227,-115.723,-0.176,-5.313,30.588,-677.734,-700.195,-146.973,17.374,3.458,-65.176,203,31.72
450971,-947.266,355.469,-108.398,6.969,-8.237,29.748,-543.945,-713.867,-217.285,21.305,7.519,-68.214,237,31.72
451002,-909.668,319.824,-48.340,7.069,-8.160,32.305,-875.977,-722.168,-173.828,20.687,7.130,-69.122,263,31.72
451033,-911.621,445.312,-63.965,4.840,-7.252,32.244,-688.965,-808.105,-89.844,23.977,6.153,-62.092,265,31.72
451064,-921.387,459.473,-72.266,6.008,-10.053,30.305,-570.801,-757.324,-123.535,21.977,3.298,-62.802,595,31.72
451095,-850.586,471.191,-30.273,0.679,-10.298,28.160,-739.258,-800.293,-147.949,16.084,2.084,-59.313,605,31.72
451126,-868.652,521.484,-26.855,-2.374,-2.023,18.985,-743.652,-805.664,-56.641,10.519,-3.160,-56.069,735,31.72
451158,-889.648,488.281,-56.641,-4.366,1.969,14.031,-578.613,-841.309,-79.590,9.824,-6.786,-60.305,547,31.72
451190,-850.098,501.465,-113.770,-2.160,2.786,6.191,-522.461,-893.066,-153.320,9.519,-0.305,-56.466,437,31.72
451221,-898.437,490.234,-56.152,1.328,-3.053,6.099,-516.113,-957.031,-185.547,10.840,3.588,-55.107,477,31.72
451252,-901.855,448.242,-108.398,7.740,-7.779,5.069,-435.547,-965.332,-153.320,17.038,9.863,-51.321,421,31.72
451284,-902.832,479.492,-91.797,5.092,-5.511,-0.924,-459.473,-927.734,-136.230,18.824,11.115,-45.794,367,31.72
451315,-888.184,490.234,-27.344,8.511,-7.046,-0.275,-423.340,-926.270,-78.125,15.947,12.397,-49.695,309,31.72
451346,-864.746,452.148,-64.453,6.611,-8.847,-2.725,-371.094,-1015.625,-146.973,20.168,14.061,-39.595,351,31.72
451377,-870.605,479.492,-54.199,5.565,-7.374,-2.962,-369.141,-968.750,-91.797,21.069,12.466,-41.191,253,31.72
451408,-882.324,481.934,-60.059,3.221,-3.137,-5.954,-332.520,-956.055,-98.633,21.282,13.626,-40.626,127,31.72
451439,-891.602,452.148,-57.129,5.695,-4.160,-5.969,-261.230,-959.961,-77.637,19.977,16.664,-37.756,94,31.72
451470,-907.227,441.895,-56.641,4.977,-6.275,-2.557,-267.090,-1023.926,-41.016,21.008,17.473,-37.420,69,31.72
451501,-891.602,486.816,-42.969,6.901,-6.519,-0.008,-369.629,-1064.941,-60.547,17.725,16.069,-29.412,53,31.72
451532,-848.145,515.137,-29.297,5.191,-5.053,-7.076,-412.109,-1188.965,-82.520,9.122,10.427,-20.542,52,31.72
451563,-906.738,536.621,-54.688,5.206,-2.855,-13.969,-358.398,-1070.801,-29.785,3.435,8.763,-10.672,41,31.72
451595,-861.816,412.598,-2.930,9.962,-2.366,-19.374,-257.324,-916.504,-31.250,2.031,7.481,-2.718,45,31.73
451626,-909.180,405.762,-20.996,5.847,-4.664,-17.328,-131.836,-904.785,-15.137,0.947,8.084,-3.977,44,31.73
451658,-911.621,367.676,-34.180,6.275,-2.061,-9.275,-77.637,-981.934,-39.551,5.992,6.153,-11.840,35,31.73
451689,-899.414,333.008,-59.082,6.786,-2.374,-6.954,-106.445,-988.770,-57.617,10.412,10.443,-7.565,48,31.73
451720,-959.473,428.711,-49.316,6.672,-5.672,-4.282,-171.875,-1032.715,-83.984,10.954,6.107,-12.092,47,31.73
451751,-888.184,395.996,-51.758,4.008,-4.176,-5.313,-211.426,-1042.969,-31.250,5.626,11.237,-6.298,45,31.73
451782,-891.602,412.598,-39.551,6.641,-6.527,-5.534,-244.141,-975.098,-58.105,7.580,6.702,-4.130,45,31.73
451813,-913.086,408.203,-13.184,0.267,-3.550,-6.115,-239.258,-985.352,-53.223,6.160,1.779,-7.626,48,31.73
451844,-919.434,385.254,-34.180,1.870,-5.756,-4.489,-187.012,-1002.441,-28.809,5.885,1.458,-4.099,43,31.73
451875,-899.902,385.254,-39.063,2.237,-3.473,-0.786,-191.406,-985.840,-12.695,4.099,2.038,-4.511,45,31.73
451906,-920.898,382.324,-31.738,1.580,-2.435,-6.809,-216.309,-992.676,-21.484,5.397,2.382,-2.351,45,31.73
451938,-921.875,396.973,-28.320,5.588,-7.122,-3.450,-202.148,-1003.418,9.766,1.794,3.107,-3.573,43,31.73
451969,-901.855,391.113,-14.160,4.412,-3.542,-2.046,-202.148,-982.422,3.418,1.344,1.924,-2.802,45,31.73
452000,-877.441,392.090,-1.465,3.092,-0.672,-2.740,-184.082,-979.980,-9.277,0.191,2.992,-2.412,47,31.73
452031,-910.156,395.508,-3.418,0.359,1.244,-0.405,-228.516,-979.004,-15.625,1.092,2.382,0.672,46,31.73
452062,-910.645,385.254,-22.949,0.321,2.679,-1.534,-201.172,-1008.301,0.488,-0.031,1.160,-2.969,45,31.73
452093,-928.711,376.953,-41.504,2.282,-1.168,2.176,-178.223,-980.957,-8.789,-2.992,1.786,-0.519,37,31.73
452124,-924.316,401.367,-35.156,2.748,1.595,1.282,-204.590,-970.215,-28.809,-0.649,0.786,-2.916,44,31.73
452155,-903.809,422.852,-33.203,2.725,1.053,1.992,-232.910,-988.770,-44.434,-1.359,-1.321,-3.084,52,31.73
452186,-922.852,398.926,-26.367,-2.053,4.321,-2.695,-182.617,-1015.625,-37.598,-3.473,-1.176,-4.969,71,31.73
452217,-920.898,371.582,-32.227,-2.092,5.756,-4.634,-192.383,-982.910,-16.113,-2.947,-0.076,-3.466,51,31.73
452248,-935.059,397.461,-49.805,0.901,0.534,1.076,-205.078,-987.305,-40.039,-2.817,-2.130,-3.924,46,31.73
452279,-930.176,382.812,-46.875,2.191,1.748,-0.977,-204.590,-1008.301,-49.316,-1.725,-2.237,-5.198,45,31.73
452310,-946.289,387.207,-56.152,0.504,0.260,-1.458,-183.105,-1000.977,-69.336,-0.740,0.061,-5.992,46,31.73
452341,-930.176,381.836,-24.414,-0.916,3.221,-3.237,-162.598,-1021.484,-32.715,-1.176,2.305,-5.260,51,31.73
452372,-935.547,371.094,-47.363,-0.290,3.679,-7.137,-177.246,-975.586,-43.457,0.450,1.580,-4.412,47,31.73
452403,-918.945,383.301,-57.617,-0.863,3.458,-4.183,-192.871,-1019.043,-36.621,0.107,2.313,-4.183,52,31.73
452434,-913.086,365.234,-51.270,3.847,1.969,-0.794,-174.805,-1020.020,-39.063,1.351,1.405,-5.427,61,31.73
452465,-921.387,381.836,-37.598,1.947,0.954,-3.176,-163.086,-994.141,-29.297,-4.061,-0.298,-4.427,69,31.73
452496,-932.617,387.207,-29.297,4.214,1.473,-3.130,-232.910,-977.051,-28.809,0.046,0.794,-5.664,77,31.73
452527,-966.797,387.695,-46.875,0.260,4.382,-7.206,-125.488,-1002.441,1.465,-2.489,0.962,-8.870,61,31.73
452558,-922.852,358.887,-70.313,-0.252,6.771,-7.061,-158.203,-997.070,-39.551,-5.328,-1.466,-10.656,59,31.73
452590,-936.523,363.770,-69.824,4.305,6.435,-1.321,-156.738,-1000.977,-40.039,-4.008,-0.473,-12.901,75,31.73
452621,-960.937,373.047,-56.641,0.412,10.107,-6.183,-149.414,-1024.902,-65.430,-4.786,-1.458,-11.076,79,31.73
452652,-933.105,356.934,-75.195,0.527,7.115,-8.496,-145.020,-1012.207,-61.523,-3.679,-2.725,-7.962,68,31.73
452683,-960.937,281.250,-96.680,6.359,2.595,-5.832,-143.066,-991.211,-52.734,-3.282,0.557,-10.573,63,31.73
452714,-1014.160,-109.375,-166.504,8.344,1.198,-24.618,-101.074,-980.469,-81.543,-1.023,8.473,-21.924,233,31.73
452745,-997.070,-73.242,-347.656,20.924,2.748,-47.053,-64.941,-1022.949,-59.082,-8.405,16.198,-23.725,381,31.73
452776,-1017.090,-123.535,-370.605,27.427,16.351,-79.290,-65.918,-901.855,-101.563,-23.763,20.481,-27.908,371,31.73
452807,-1052.734,-139.648,-273.926,30.015,23.733,-100.679,-50.781,-983.887,-111.328,-27.931,22.985,-34.527,335,31.73
452838,-1030.762,-220.215,-247.559,35.008,30.061,-125.794,-15.625,-919.922,-135.742,-26.366,30.183,-32.427,443,31.73
452869,-978.516,-253.418,-272.461,41.092,24.794,-144.702,63.965,-853.027,-163.086,-23.511,34.435,-26.885,396,31.73
452900,-957.031,-199.707,-341.797,43.473,21.840,-160.260,54.199,-1065.918,-173.340,-18.710,36.275,-12.405,701,31.73
452931,-900.879,-227.051,-354.004,45.344,25.420,-172.664,9.277,-938.965,-103.027,-20.908,47.550,3.328,821,31.73
452962,-1073.242,-161.133,-271.484,46.046,26.908,-185.046,-31.250,-927.246,-167.969,-17.344,52.595,17.702,859,31.73
452993,-1154.785,-143.555,-249.512,48.809,24.908,-187.412,-72.266,-1014.648,-187.988,-6.802,53.779,26.267,997,31.73
453024,-1237.793,-315.918,-204.590,50.351,21.489,-188.275,-108.887,-1024.902,-199.219,1.954,53.145,30.939,1395,31.73
453055,-1210.938,-438.477,-153.809,49.908,13.702,-190.092,-164.551,-966.797,-184.082,10.176,54.763,45.985,1449,31.73
453086,-1217.773,-430.664,-128.418,55.344,9.916,-195.046,-103.516,-1092.285,-136.719,18.427,48.878,41.397,1782,31.73
453117,-1231.445,-458.984,-53.711,52.710,6.489,-186.679,-214.355,-1042.969,-139.648,21.313,44.908,41.038,1503,31.73
453148,-1103.516,-630.859,-80.566,47.855,9.718,-179.870,-132.812,-1046.875,-61.035,26.069,40.237,35.099,2328,31.73
453179,-1031.250,-672.852,16.113,34.229,11.137,-173.687,-196.289,-1008.789,-71.289,18.137,31.183,24.878,2616,31.73
453210,-970.703,-771.484,71.777,12.389,11.511,-154.450,-229.492,-1123.047,-97.656,6.061,19.824,5.786,1983,31.73
453241,-807.617,-764.648,129.883,11.817,3.115,-128.748,-165.527,-1149.414,-172.852,5.985,7.641,-14.069,2200,31.73
453272,-598.633,-835.449,69.336,26.817,-4.443,-110.038,-159.180,-1050.293,-77.637,16.534,1.061,-19.198,1715,31.73
453303,-473.145,-843.262,17.090,22.450,-5.000,-115.901,-130.371,-882.812,-9.277,19.244,-2.687,-10.641,2011,31.73
453335,-434.082,-894.043,-60.059,37.908,-12.458,-124.992,-59.082,-1161.133,-161.133,25.969,1.855,-0.557,1780,31.73
453366,-412.598,-790.039,-175.781,57.450,-13.962,-97.145,-123.047,-1074.707,-57.129,43.183,-6.527,-8.786,3481,31.73
453397,-308.594,-743.652,-171.875,37.802,-5.412,-82.107,-123.047,-917.480,-81.543,31.130,-2.099,-10.275,3705,31.73
453428,-233.398,-749.023,-112.305,24.420,-2.733,-76.527,-92.285,-968.750,-28.320,21.137,0.206,-10.412,3556,31.73
453459,-173.828,-703.613,-6.348,25.817,-1.450,-56.481,-117.188,-1053.711,-24.414,22.176,-1.244,-11.229,3711,31.73
453490,-158.691,-664.062,19.531,29.023,-2.046,-37.359,-119.141,-989.258,-9.766,23.908,-1.145,-2.656,3720,31.73
453521,-120.605,-519.043,5.859,16.924,-1.656,-22.878,-114.258,-848.145,33.203,11.427,1.366,-1.260,3711,31.73
453552,-121.582,-663.574,85.449,-6.305,0.534,-3.679,-121.094,-1035.645,36.621,5.015,-2.069,2.855,3712,31.73
453583,-90.820,-781.250,161.133,11.092,1.198,4.328,-79.590,-923.340,86.426,9.870,-0.595,11.221,3720,31.73
453614,-87.891,-689.941,83.984,1.214,0.771,7.168,-91.797,-883.789,63.477,-4.611,1.153,15.130,3703,31.73
453645,-78.613,-892.578,29.297,-12.924,0.290,15.969,-101.563,-958.496,25.879,-10.687,4.206,21.115,3719,31.73
453676,-128.418,-1056.152,96.680,-8.420,-1.771,19.153,-138.184,-999.512,-8.301,-9.901,2.802,19.023,3711,31.72
453707,-141.602,-1054.199,55.664,-13.321,-2.206,20.420,-150.391,-1071.289,9.277,-15.924,3.557,14.328,3711,31.72
453738,-146.484,-1200.195,44.434,-12.695,2.870,12.366,-128.418,-966.309,-29.297,-14.145,1.099,8.191,3707,31.72
453769,-173.828,-1176.758,46.387,-11.679,-0.550,5.702,-162.598,-1061.035,-56.152,-13.840,-0.076,10.756,3375,31.72
453800,-152.344,-1159.180,7.324,-10.519,0.031,1.168,-165.527,-1065.430,-39.551,-9.855,-1.702,5.038,2454,31.72
453831,-176.758,-1137.695,23.437,-4.634,-5.198,-1.916,-168.945,-1000.977,-62.500,-8.687,-4.496,-3.473,2736,31.72
453862,-175.293,-1092.285,16.113,-0.985,-2.924,-3.679,-167.480,-1008.301,-53.711,-4.870,-1.740,-1.328,2334,31.72
453893,-154.297,-1009.766,7.324,-3.603,-1.985,-3.473,-156.738,-1008.789,-34.180,-6.260,-3.595,-7.130,2903,31.72
453925,-127.930,-1010.254,-24.414,-2.305,-4.031,-3.137,-130.371,-1000.488,-32.227,-1.603,-1.458,-2.336,3342,31.72
453957,-137.207,-980.469,-5.371,1.198,0.878,-6.115,-133.301,-979.492,-78.125,0.145,-0.740,-2.832,2762,31.72
453988,-129.395,-933.105,-29.785,0.221,-2.252,0.656,-125.977,-1031.738,-41.992,-4.115,-2.580,-4.000,3525,31.72
454020,-124.023,-961.426,-17.578,1.206,2.634,-4.122,-154.297,-978.516,-53.711,1.649,-2.809,-0.229,3710,31.72
454051,-145.020,-973.145,-1.953,-0.802,1.603,-1.954,-138.184,-1023.437,-51.758,3.893,-1.122,-0.557,3125,31.72
454082,-147.461,-934.570,5.371,1.817,1.099,4.137,-126.465,-965.332,-55.664,1.481,-0.947,4.168,2511,31.72
454113,-126.953,-998.047,32.227,-1.763,-0.504,5.267,-138.672,-1029.297,-42.480,1.389,0.450,4.229,3324,31.72
454144,-143.066,-994.141,47.363,4.725,-0.908,4.198,-160.156,-981.934,-22.949,0.992,0.244,4.908,2203,31.72
454175,-134.277,-998.535,5.371,-5.466,1.580,1.389,-150.879,-982.910,-24.902,-4.153,1.878,1.908,2207,31.72
454206,-145.996,-1055.176,37.109,-3.634,2.573,-1.336,-157.715,-1001.465,-37.598,-3.122,1.351,0.626,2147,31.72
454237,-149.414,-1016.602,43.457,-1.244,1.115,-0.046,-165.039,-1026.367,-54.688,-3.229,-0.458,-1.435,2764,31.72
454268,-135.254,-1008.301,0.000,-0.969,-2.282,1.061,-160.645,-991.699,-43.945,-3.748,1.603,-1.893,2589,31.72
454299,-128.906,-1044.434,29.297,-3.656,-3.282,0.382,-162.109,-1014.160,-45.898,-3.840,-1.427,-0.733,2746,31.72
454331,-130.371,-1013.672,13.672,1.802,-0.298,1.611,-160.645,-996.582,-34.668,-1.405,0.275,0.473,2201,31.72
454362,-144.043,-984.375,9.277,-0.588,-1.718,-0.656,-147.461,-986.816,-32.715,-1.924,-0.779,2.542,2322,31.72
454393,-133.301,-1013.672,-3.906,-0.214,-0.702,0.206,-156.250,-1013.672,-50.781,-2.359,-2.679,-1.405,2872,31.72
454424,-124.023,-986.328,-2.930,-1.702,2.313,-3.718,-143.555,-1000.000,-58.594,-1.237,0.870,3.160,3081,31.72
454456,-118.652,-974.121,-11.230,-0.511,0.840,1.221,-152.344,-985.840,-64.453,-1.229,-0.687,4.031,3135,31.72
454488,-151.367,-1004.883,-7.324,-1.191,-0.847,4.244,-158.691,-1017.578,-64.453,-0.244,2.389,4.130,3091,31.72
454519,-146.973,-980.957,5.859,1.511,0.450,-0.206,-138.672,-990.234,-40.527,-0.466,-0.191,-1.733,3078,31.72
454550,-130.859,-984.863,-8.301,-1.351,1.969,2.176,-154.785,-987.305,-29.297,-0.489,1.008,2.901,3705,31.72
454581,-161.133,-992.187,8.789,-3.664,3.115,2.282,-179.687,-1008.301,-51.270,-2.221,2.229,2.336,3690,31.72
454612,-141.113,-1054.199,15.625,-2.679,3.450,0.099,-162.109,-1008.301,-54.199,0.656,1.908,1.565,3711,31.72
454643,-161.133,-985.352,17.578,-2.733,2.565,-1.794,-158.203,-975.098,-41.992,-2.962,1.160,0.069,3172,31.72
454674,-149.902,-1005.859,16.602,-2.809,0.191,1.031,-177.734,-1000.000,-60.059,-4.771,1.939,2.534,3263,31.72
454705,-155.762,-1027.832,23.437,-0.977,2.229,0.985,-178.711,-1014.648,-60.547,-2.473,0.069,0.038,3433,31.72
454736,-137.695,-996.582,13.184,1.603,-1.565,0.145,-166.016,-989.258,-57.129,-1.023,0.412,1.443,3707,31.68
454767,-146.484,-998.047,-8.789,-5.290,1.260,0.542,-165.039,-984.375,-52.246,-5.985,-2.084,-2.405,3087,31.68
454798,-142.578,-1031.250,14.160,-4.672,1.298,0.595,-165.527,-1007.324,-61.523,-3.206,0.695,-1.015,2821,31.68
454829,-140.625,-1003.906,-9.277,-3.443,1.290,-1.947,-171.875,-1002.441,-75.684,-1.664,-0.573,-0.763,2725,31.68
454860,-132.324,-992.676,-7.812,0.763,0.076,-0.198,-160.156,-1006.836,-67.383,-1.702,-1.076,1.282,3065,31.68
454891,-149.902,-961.426,-12.207,0.038,-2.450,1.328,-165.527,-986.816,-59.570,-2.725,1.389,-0.626,2488,31.68
454922,-147.461,-988.770,-5.371,-0.718,-1.634,4.450,-179.687,-1004.395,-74.219,-0.656,1.237,2.656,2761,31.68
454953,-151.367,-997.559,-13.672,-1.557,2.626,1.183,-174.805,-985.840,-79.102,-0.870,-1.863,1.122,2131,31.68
454984,-145.020,-1014.160,-13.184,-2.527,0.496,-0.481,-159.180,-993.652,-81.543,-1.809,0.649,5.893,1819,31.68
455015,-143.066,-1008.301,9.277,0.710,1.504,1.252,-163.086,-1016.113,-72.754,-1.145,0.092,-0.351,1655,31.68
455046,-153.320,-1024.414,10.742,-0.840,-1.458,4.115,-173.340,-1008.789,-70.801,-0.504,1.595,3.053,1276,31.68
455077,-145.020,-1013.184,14.648,1.771,0.588,1.611,-174.805,-1003.906,-59.082,1.840,0.115,0.000,1949,31.68
455108,-169.922,-975.586,9.277,-0.344,2.107,-1.916,-177.734,-984.375,-50.293,-0.160,-2.069,-0.336,1739,31.68
455139,-162.598,-980.957,4.883,-4.458,0.924,-4.382,-172.852,-979.492,-80.078,-2.656,-2.405,1.443,1596,31.68
455170,-164.062,-1009.766,4.395,-3.321,1.344,-2.405,-191.895,-1009.766,-72.754,-0.351,-1.954,1.336,1715,31.68
455201,-143.555,-980.957,-11.719,-0.802,-1.588,2.305,-171.387,-976.562,-57.129,-2.466,-1.336,1.977,1927,31.68
455232,-143.555,-992.187,-17.090,-1.099,-1.893,3.519,-171.875,-990.723,-81.055,-3.366,-2.221,-1.435,1755,31.68
455263,-166.992,-1007.324,-0.488,-1.855,-1.397,4.038,-179.687,-996.094,-74.219,-0.229,-2.237,-1.702,1800,31.68
455294,-158.203,-1035.645,0.977,-4.107,0.603,-1.695,-181.641,-1020.508,-69.336,-0.336,-0.305,-2.786,1637,31.68
455325,-153.320,-1011.719,-0.488,-0.595,1.565,1.305,-157.715,-996.094,-71.777,-0.824,-1.557,-1.519,1831,31.68
455356,-159.180,-1005.371,-37.109,-2.237,0.924,-1.924,-166.016,-984.863,-69.824,0.198,-0.099,-2.687,1880,31.68
455387,-158.203,-990.234,-19.531,-0.931,-2.084,-0.038,-176.270,-1003.418,-99.609,-1.489,-2.130,-3.504,2143,31.68
455418,-150.391,-1016.113,-5.371,2.947,0.977,-0.229,-176.758,-999.512,-76.660,0.038,0.053,-0.687,1863,31.68
455449,-151.855,-965.820,-21.484,2.534,-1.687,1.931,-166.504,-984.863,-76.172,0.145,-1.626,-1.611,1877,31.68
455480,-166.016,-960.449,-21.484,-4.786,4.000,-0.504,-153.809,-1006.836,-78.613,0.679,0.542,2.328,1643,31.68
455511,-150.879,-970.703,9.277,-3.527,1.527,0.008,-164.551,-984.375,-68.848,-2.107,2.198,1.153,1715,31.68
455542,-149.414,-962.891,-5.371,-5.588,3.008,0.069,-169.434,-984.375,-78.125,-2.145,0.511,7.084,1519,31.68
455573,-140.137,-947.754,-18.066,-2.580,1.656,5.053,-163.086,-969.727,-69.824,-3.374,0.466,3.008,1530,31.68
455604,-161.621,-947.266,-5.371,-5.603,4.122,5.092,-186.035,-1000.000,-81.055,-5.229,0.847,3.519,1415,31.68
455635,-175.781,-981.934,-1.465,-7.176,3.191,5.389,-200.684,-971.191,-83.496,-6.160,2.947,6.443,1763,31.68
455666,-168.945,-1000.977,-5.371,-6.733,1.748,5.466,-201.660,-975.586,-88.379,-6.260,2.809,6.947,1911,31.68
455697,-167.480,-1027.832,-6.348,-9.206,1.931,3.618,-196.289,-987.793,-81.543,-8.809,0.206,5.924,1705,31.68
455728,-188.965,-1110.352,9.766,-0.748,-0.939,6.405,-208.008,-1018.066,-113.281,-5.229,0.267,3.115,1926,31.68
455759,-172.852,-1086.914,-15.625,-1.260,0.351,1.855,-195.801,-992.187,-111.328,-2.893,-0.511,1.489,1899,31.66
455790,-182.129,-1101.563,-26.855,-2.771,-2.641,-1.794,-181.641,-1014.648,-119.629,-1.595,-2.122,-3.107,1415,31.66
455821,-179.687,-1037.109,-32.227,0.924,-0.031,-2.687,-187.500,-1002.930,-107.422,-0.740,-5.740,-4.221,1774,31.66
455852,-187.012,-1026.367,-32.227,0.298,0.008,-5.817,-188.477,-1001.465,-122.070,2.008,-3.069,-5.786,1515,31.66
455883,-178.223,-1015.137,-51.270,2.519,-1.000,-6.618,-190.918,-998.535,-105.469,6.389,-5.786,-4.641,2119,31.66
455914,-159.668,-951.172,-43.945,3.992,-3.191,-3.718,-171.387,-968.262,-98.145,4.176,-2.565,-0.420,1885,31.66
455946,-165.039,-981.445,-44.434,1.389,-0.802,-3.153,-171.875,-1001.953,-86.914,4.053,0.366,-0.595,1983,31.66
455977,-161.133,-958.496,-33.691,6.481,-1.282,-1.244,-187.988,-978.516,-79.102,5.855,-1.275,-0.374,1991,31.66
456009,-158.203,-956.055,-18.066,0.733,1.885,-2.847,-162.598,-958.008,-76.660,4.489,0.038,-2.397,2203,31.66
456040,-170.898,-966.309,-24.414,-0.832,3.893,-2.397,-179.687,-986.816,-69.824,2.405,0.229,1.588,1957,31.66
456071,-172.852,-985.352,-20.996,2.489,-0.908,0.069,-171.875,-1003.418,-83.496,1.435,2.595,1.931,1735,31.66
456102,-175.293,-992.187,-0.977,-1.878,0.366,1.931,-177.734,-971.680,-81.543,1.137,0.740,1.137,1587,31.66
456134,-163.574,-1012.207,15.137,-0.931,2.634,-2.252,-173.828,-1000.000,-79.590,1.763,0.313,1.244,1611,31.66
456165,-165.039,-999.512,4.395,-0.260,-0.412,0.969,-183.105,-957.031,-83.496,-2.954,-2.252,2.466,1519,31.66
456196,-179.199,-1011.230,-5.859,-5.519,-1.061,-1.450,-185.059,-1012.695,-102.539,-3.786,1.321,-1.962,1675,31.66
456227,-165.527,-1030.273,14.648,-0.260,-0.771,-3.542,-191.895,-1004.395,-90.820,0.786,-2.191,-3.435,1875,31.66
456259,-162.598,-988.770,6.836,1.359,-0.992,-2.481,-189.941,-986.328,-86.914,0.176,-4.031,-1.473,2120,31.66
456290,-167.480,-981.934,-18.555,-0.649,-2.122,-1.191,-164.062,-982.422,-77.148,0.031,-1.160,-1.336,2508,31.66
456321,-152.832,-972.168,-14.648,-2.458,0.344,-3.458,-171.875,-1006.348,-89.844,-0.924,-2.160,-3.336,1767,31.66
456352,-153.320,-990.234,-46.875,-1.786,0.763,-0.832,-174.805,-987.305,-95.215,1.420,-0.748,-4.672,1995,31.66
456383,-144.043,-994.141,-47.363,-2.122,3.008,-0.290,-171.875,-1005.859,-92.773,-1.527,0.076,-1.687,1675,31.66
456415,-169.434,-986.816,-20.020,0.359,1.183,-2.458,-177.246,-990.234,-75.684,1.107,1.924,-0.626,1587,31.66
456446,-161.133,-988.770,-30.273,-0.802,0.511,-0.489,-170.410,-1005.371,-86.914,0.038,0.305,-1.985,1619,31.66
456477,-158.691,-998.535,-11.719,1.779,-0.733,1.000,-179.687,-988.770,-88.867,-0.214,1.405,0.351,1587,31.66
456508,-167.969,-1009.766,-17.090,0.153,-1.534,1.702,-181.641,-996.582,-88.867,-0.496,-0.901,4.748,1435,31.66
456539,-164.551,-1022.949,-21.973,1.489,-0.557,-0.046,-186.035,-993.164,-92.285,-1.557,0.588,-0.779,2555,31.66
456571,-165.039,-1036.621,-0.488,1.733,-1.962,1.908,-181.641,-1005.371,-99.121,2.649,-0.832,0.374,2441,31.66
456602,-157.227,-1014.648,-2.930,2.687,-0.618,-0.595,-177.246,-996.582,-97.656,0.924,-0.603,1.603,2065,31.66
456633,-159.180,-1019.531,-11.719,1.603,-0.733,-0.893,-171.387,-968.750,-82.520,0.473,0.611,-0.588,1731,31.66
456664,-168.945,-1005.859,-2.930,-1.496,0.038,-2.183,-178.223,-997.070,-76.172,-1.359,-1.580,-0.412,1415,31.66
456695,-165.527,-962.402,-2.441,-1.924,4.305,-2.527,-183.105,-984.863,-72.754,0.611,-0.725,-2.382,1592,31.66
456726,-170.410,-958.496,-9.277,-2.473,-0.237,-3.542,-179.199,-1008.789,-90.820,-1.740,-0.374,-1.496,1907,31.66
456758,-157.715,-984.863,-18.066,-2.237,1.809,-2.634,-166.992,-991.699,-87.891,-1.496,3.008,0.397,1688,31.66
456789,-160.156,-968.750,-12.207,-2.511,1.885,-2.832,-176.758,-976.074,-92.773,-0.924,-0.176,-0.008,1997,31.66
456820,-161.621,-994.629,-10.742,0.924,-1.611,2.634,-171.875,-1000.977,-89.355,-1.344,-2.122,-1.863,1867,31.66
456851,-168.457,-978.516,-12.207,-3.618,-2.000,3.115,-187.988,-1000.977,-84.961,-1.305,0.725,3.023,1821,31.66
456883,-171.387,-1007.812,1.953,-1.863,-1.008,-0.229,-177.734,-1011.719,-98.145,-1.947,-2.519,1.198,1595,31.66
456915,-164.551,-1011.719,-24.414,-1.389,2.099,0.794,-186.523,-987.793,-90.820,-0.893,1.053,-0.878,1907,31.66
456947,-167.480,-1001.953,-32.227,0.389,-0.832,4.267,-177.246,-989.258,-91.797,-2.107,2.130,0.565,1919,31.66
456978,-179.687,-1033.203,-13.672,-5.344,2.305,-1.061,-183.105,-1009.277,-104.980,-3.710,-1.290,-1.794,1815,31.66
457010,-165.039,-994.141,-4.395,2.931,-0.824,1.130,-184.082,-1011.719,-93.750,-0.870,-3.282,-0.412,1211,31.66
457041,-170.898,-989.746,-18.066,1.496,-0.061,-0.885,-180.176,-982.422,-96.191,-2.061,0.733,0.405,1555,31.66
457072,-153.809,-1001.953,-11.719,-3.046,0.992,-1.015,-186.523,-979.980,-97.168,0.076,-0.366,-0.023,1570,31.66
457104,-168.945,-1012.207,-13.672,-0.282,-1.901,-0.634,-174.805,-991.211,-104.004,-1.053,0.809,0.061,1191,31.66
457136,-162.598,-983.398,-16.602,1.145,-2.137,1.107,-184.570,-977.051,-96.191,-0.420,-1.916,0.885,1171,31.66
457167,-164.551,-993.652,-4.883,-0.809,-0.779,2.672,-172.363,-984.375,-91.309,-1.344,0.756,-3.046,1366,31.66
457199,-162.109,-1004.883,-10.254,-0.206,-0.634,2.939,-164.062,-995.117,-91.309,-0.939,-1.840,0.107,1257,31.66
457230,-166.992,-980.957,-29.297,1.237,-2.748,2.977,-185.059,-991.211,-96.680,0.870,-2.359,2.710,870,31.66
457261,-175.293,-992.187,-21.973,0.550,-1.580,3.786,-188.477,-980.469,-92.773,-1.649,0.679,0.046,977,31.66
457292,-174.805,-1011.719,11.230,-2.053,2.679,0.206,-186.523,-999.023,-90.820,-0.702,-0.542,2.275,1553,31.66
457324,-144.043,-1008.789,-23.437,0.649,-1.924,2.557,-186.523,-989.746,-98.145,0.397,-1.649,1.809,1451,31.66
457355,-158.691,-1002.930,-30.762,-0.038,-0.489,1.191,-180.176,-982.422,-102.539,-1.534,-2.450,-0.939,1275,31.66
457386,-183.105,-1018.066,-15.137,-2.748,3.511,-3.786,-182.617,-1000.977,-109.375,-0.573,-0.336,-3.061,1144,31.66
457417,-170.898,-1008.301,-20.020,-0.527,2.908,-1.687,-177.734,-980.469,-93.750,0.092,-2.519,-1.496,1150,31.66
457448,-168.457,-997.559,-19.531,-4.397,4.466,-1.427,-188.965,-995.605,-92.773,0.191,0.786,0.244,1340,31.66
457479,-158.203,-1008.789,-10.254,3.863,-0.824,-0.420,-183.594,-1011.230,-103.516,2.779,0.885,1.550,1548,31.66
457510,-170.410,-994.141,-24.414,2.504,0.305,-0.626,-185.547,-978.516,-84.961,2.191,0.244,0.023,1207,31.66
457541,-156.250,-1000.488,-9.277,-5.374,3.504,-2.573,-183.594,-990.234,-100.586,0.748,-1.206,-1.000,1631,31.66
457572,-156.250,-1007.324,-1.953,-0.359,2.672,-3.565,-183.594,-1011.230,-98.145,-0.931,-0.122,0.420,1588,31.66
457603,-167.969,-971.191,-16.602,0.626,0.366,-2.481,-171.387,-977.051,-87.891,0.458,-1.015,-4.221,1355,31.66
457634,-170.898,-977.051,-23.926,-0.214,-0.282,-1.542,-171.387,-980.957,-88.379,0.252,-0.901,0.611,1417,31.66
457665,-169.434,-987.793,8.301,0.450,-3.458,-1.550,-177.734,-983.398,-82.520,1.687,-2.038,-0.939,1327,31.66
457696,-160.156,-971.191,-10.742,-0.290,1.221,-0.710,-179.199,-975.586,-100.586,-0.740,0.130,0.183,1122,31.66
457727,-150.879,-991.699,-19.531,-1.290,-0.137,-0.389,-180.176,-1004.883,-91.797,1.305,1.206,1.573,1332,31.66
457758,-161.133,-996.582,-17.090,-3.527,0.008,0.328,-178.223,-988.770,-81.055,-1.260,-2.420,-3.511,1227,31.66
457789,-163.574,-1000.977,-26.367,-4.221,1.321,0.244,-180.664,-1002.441,-102.051,-1.031,-0.687,-0.397,1228,31.66
457821,-169.922,-1035.156,-5.371,-3.130,1.779,0.321,-183.105,-999.512,-100.586,0.916,-0.664,2.931,1285,31.66
457852,-162.109,-1001.465,-14.648,-0.794,1.366,-1.832,-168.945,-996.094,-94.727,2.412,-0.595,-2.565,1199,31.65
457883,-157.715,-990.234,-26.855,0.214,0.267,0.130,-175.781,-986.328,-83.008,0.366,-0.168,-4.160,1127,31.65
457914,-166.992,-1022.461,-3.418,0.092,-1.206,0.389,-193.359,-989.746,-108.887,0.702,-1.649,0.359,1259,31.65
457945,-155.762,-993.652,-17.090,0.885,-0.611,0.504,-187.988,-975.586,-78.613,2.611,0.634,-0.534,1116,31.65
457976,-163.574,-1008.301,-6.836,-2.351,1.847,-3.885,-170.898,-1001.953,-96.680,-0.305,2.672,-0.115,1006,31.65
458008,-155.273,-991.211,2.441,0.298,-0.504,-2.214,-188.477,-978.027,-97.656,0.817,0.901,-1.061,985,31.65
458039,-160.645,-982.422,-8.789,2.412,-0.008,0.244,-179.199,-1004.395,-74.219,0.420,-0.626,-0.489,1061,31.65
458071,-166.016,-975.098,-12.207,0.458,0.298,0.191,-178.223,-1004.883,-94.727,1.153,-0.084,-2.198,1081,31.65
458102,-165.527,-1002.441,-11.230,2.504,-1.565,-1.214,-183.105,-984.863,-83.008,0.557,0.427,-0.489,1075,31.65
458133,-162.598,-990.723,-18.555,-0.985,2.931,-2.916,-182.129,-988.770,-78.613,-1.084,0.519,0.809,1117,31.65
458164,-170.898,-985.352,-39.551,-2.099,0.557,0.023,-177.246,-1000.000,-99.121,-0.595,4.611,1.313,1109,31.65
458195,-169.922,-992.676,-15.625,-4.153,2.130,-0.756,-169.922,-1002.441,-98.633,-1.565,1.252,-1.802,1049,31.65
458226,-175.293,-988.281,-14.160,1.069,2.237,2.397,-180.664,-977.051,-91.797,-1.481,0.733,-1.389,1003,31.65
458258,-151.367,-990.234,-22.461,-1.740,1.183,-1.527,-177.734,-1008.301,-96.680,0.511,1.847,0.802,1395,31.65
458289,-168.457,-993.652,-6.348,-4.069,2.550,0.626,-182.617,-1006.836,-100.098,0.374,0.634,-0.321,1227,31.65
458321,-153.809,-1030.762,-4.883,-1.298,5.092,-2.053,-181.152,-1015.625,-108.398,2.557,-0.405,1.634,1196,31.65
458352,-168.457,-1008.789,-14.648,1.618,2.420,0.336,-180.176,-988.770,-107.422,4.550,0.252,2.099,1031,31.65
458384,-172.363,-1016.113,-6.348,1.107,2.298,-0.076,-187.012,-999.512,-93.262,3.191,1.092,-1.763,1017,31.65
458415,-181.641,-1033.691,9.277,3.573,2.634,-3.427,-189.941,-980.957,-83.496,6.771,-0.718,-0.275,985,31.65
458446,-165.527,-983.398,21.484,1.511,1.397,-2.015,-174.316,-976.074,-67.871,2.779,-3.412,-0.573,1339,31.65
458477,-187.988,-988.770,30.762,1.878,-0.290,-0.809,-181.641,-984.863,-63.965,0.756,1.939,-1.229,1111,31.65
458508,-182.129,-985.840,21.484,-0.298,1.366,1.893,-189.453,-1003.418,-71.289,0.611,-0.099,-1.725,1096,31.65
458539,-163.574,-995.117,17.090,0.000,-2.901,-1.145,-174.316,-981.934,-73.730,-2.198,-3.046,-1.901,1203,31.65
458570,-146.973,-969.727,-9.277,-3.573,-0.389,-1.496,-177.246,-992.676,-84.473,-4.092,0.641,0.969,1189,31.65
458601,-170.410,-986.328,-20.508,-3.504,0.328,-2.000,-165.527,-990.723,-94.238,-4.611,-1.420,1.611,1097,31.65
458633,-158.203,-972.168,-36.133,-6.351,2.542,0.939,-160.645,-989.258,-96.191,-1.977,0.718,2.191,813,31.65
458664,-155.273,-994.141,-36.621,-1.420,3.076,1.107,-172.363,-1011.230,-104.004,-1.519,-1.641,2.229,733,31.65
458695,-156.738,-976.562,-30.273,-3.885,0.573,0.885,-164.551,-987.793,-95.703,-0.275,-0.916,0.641,891,31.65
458727,-159.668,-995.117,-19.043,-2.450,3.015,-1.710,-166.016,-995.117,-80.566,-0.374,1.359,0.473,815,31.65
458758,-172.363,-998.047,-6.836,-2.298,3.130,0.115,-190.430,-980.469,-82.031,-0.618,-0.496,-0.511,871,31.65
458789,-171.875,-1024.902,1.953,-1.962,3.641,-0.786,-176.758,-994.141,-99.609,1.748,0.427,1.466,663,31.65
458820,-187.012,-998.047,11.230,0.122,1.313,3.626,-176.270,-974.609,-93.262,1.084,-0.649,-0.802,831,31.65
458851,-187.988,-992.187,-0.488,-1.809,-0.679,1.794,-183.105,-971.680,-85.938,-1.710,3.450,-1.962,840,31.65
458882,-184.570,-997.559,16.602,-1.893,-0.107,-1.244,-191.895,-998.535,-101.074,-1.969,-0.672,1.718,991,31.66
458913,-179.199,-1008.301,9.277,-2.992,1.473,-2.458,-177.246,-998.535,-95.215,0.206,-3.069,0.260,1112,31.66
458944,-193.848,-1119.629,110.840,-6.313,1.641,0.504,-148.437,-978.027,-68.848,0.977,-1.740,6.366,1177,31.66
458976,-189.453,-936.035,4.395,-1.908,1.710,-4.802,-179.687,-1015.625,-28.320,5.664,-2.542,-0.397,1072,31.66
459008,-186.523,-960.449,-1.465,0.595,-2.481,-3.160,-189.453,-976.074,-67.383,4.802,-2.298,-0.969,1171,31.66
459039,-164.551,-938.965,0.488,-4.725,-1.084,2.092,-176.270,-1036.133,-95.215,-3.023,2.183,-0.489,1159,31.66
459070,-170.410,-957.031,8.301,-1.191,0.794,-1.618,-182.617,-995.605,-83.496,-1.870,-1.420,0.252,903,31.66
459101,-173.340,-970.703,-8.301,-5.565,0.489,3.450,-177.246,-986.328,-78.613,-3.084,-1.511,2.908,687,31.66
459132,-158.691,-974.609,-18.066,-5.374,3.008,1.427,-160.156,-981.445,-83.496,-7.618,1.122,1.466,603,31.66
459163,-155.273,-989.746,-1.953,-3.534,0.450,6.763,-173.828,-1019.531,-107.910,-2.573,-1.924,-0.489,520,31.66
459195,-151.855,-964.844,-83.008,-1.038,1.237,0.817,-131.836,-1011.719,-101.074,-2.450,-3.603,-1.992,806,31.66
459226,-172.852,-1005.859,-45.898,3.229,-1.260,5.420,-165.527,-957.031,-108.887,8.740,-0.351,2.573,717,31.66
459257,-184.082,-998.535,9.766,-3.084,-0.053,6.015,-178.223,-1048.340,-166.504,-0.496,-0.656,2.084,722,31.66
459288,-176.758,-1040.527,-7.324,1.893,-0.786,6.565,-179.199,-990.234,-133.789,2.237,-2.405,0.412,814,31.66
459319,-179.687,-963.867,-27.832,1.191,0.229,0.137,-176.270,-940.430,-94.238,-3.382,-2.168,1.420,701,31.66
459350,-184.570,-966.309,-33.691,-8.649,1.740,0.328,-196.289,-999.023,-105.957,-8.412,0.863,0.481,738,31.66
459381,-394.531,-959.473,55.664,-13.389,4.809,1.786,-166.504,-1153.809,-24.414,-42.412,0.687,32.863,795,31.66
459412,-177.246,-1108.887,-67.383,10.305,-2.366,0.053,-152.344,-1031.738,-102.539,20.618,2.527,1.763,1032,31.66
459443,-186.035,-924.316,-31.738,1.794,0.061,6.649,-168.945,-927.246,-44.434,17.290,-0.435,10.985,1934,31.66
459474,-200.684,-884.766,27.344,-6.015,3.328,10.802,-234.863,-1002.930,-141.113,-2.977,-1.221,-20.603,1779,31.66
459505,-280.762,-756.348,23.926,-7.382,4.565,30.137,-246.582,-1082.520,-146.973,-0.954,-5.672,-14.878,2905,31.66
459536,-380.371,-538.574,-40.527,-20.878,8.855,70.107,-287.109,-994.141,-72.754,-11.771,-9.534,-33.023,3711,31.66
459567,-266.113,-392.090,188.965,-39.924,9.588,100.947,-229.492,-909.180,-89.355,-35.229,-12.405,-36.435,3701,31.66
459599,-529.297,-655.762,-19.531,-50.298,10.466,103.824,-190.430,-1139.648,-304.687,-30.573,-19.313,-34.229,3718,31.66
459631,-875.000,-628.418,-64.941,-35.107,1.313,154.107,-163.086,-1461.426,-253.418,-5.863,-23.664,-48.015,2983,31.66
459663,-1012.695,-610.352,-104.492,-1.435,-1.832,207.779,-43.945,-1270.508,-152.344,14.855,-18.817,-54.427,2581,31.66
459695,-1087.402,-585.937,-135.742,-1.389,-2.802,230.397,-74.219,-1066.895,-221.680,23.992,-17.695,-51.115,1587,31.66
459727,-1094.238,-590.332,-203.125,-13.313,-3.969,233.504,-39.551,-870.117,-173.340,11.237,-13.069,-41.939,1115,31.66
459759,-1058.594,-525.391,-248.047,-13.359,-10.107,235.229,-17.090,-771.484,-80.566,2.863,-7.519,-41.908,1118,31.66
459791,-997.559,-621.094,-276.367,-19.626,0.885,221.313,-14.160,-796.387,-100.098,-4.695,-10.450,-33.573,1053,31.66
459822,-814.453,-584.961,-259.277,-16.756,9.053,197.481,60.059,-794.434,-107.422,-8.275,-8.168,-17.084,1017,31.66
459853,-795.898,-615.723,-260.254,-17.695,19.023,177.733,111.816,-798.828,-43.457,-20.802,-6.198,-5.260,1048,31.66
459884,-803.711,-613.281,-267.578,-12.313,26.031,151.947,134.766,-814.941,-123.047,-22.969,0.588,11.191,985,31.66
459915,-896.973,-578.613,-242.676,-10.229,30.382,128.191,120.605,-877.930,-158.203,-19.740,2.267,22.229,1131,31.69
459946,-954.102,-482.422,-216.309,-7.832,33.458,108.260,76.172,-920.410,-193.359,-22.534,4.084,29.427,798,31.69
459977,-1145.996,-330.566,-210.449,-3.832,32.985,92.656,21.973,-1027.344,-234.863,-24.321,0.313,27.328,783,31.69
460008,-1279.785,-259.766,-155.273,-6.290,28.710,79.420,123.535,-1132.813,-153.809,-23.015,0.802,19.290,596,31.69
460039,-1154.785,-213.379,-85.938,-2.550,20.931,72.282,69.824,-1052.246,-199.219,-24.893,1.710,16.939,329,31.69
460070,-953.125,-111.816,-90.332,-9.863,23.542,59.802,24.902,-956.055,-179.199,-24.351,-4.374,18.847,441,31.69
460101,-796.875,-171.387,-78.613,-18.565,25.786,52.580,25.391,-875.488,-80.078,-27.534,-11.336,23.473,591,31.69
460132,-534.668,-302.246,39.551,-20.557,15.099,41.099,163.086,-800.293,-229.492,-19.824,-15.427,38.626,755,31.69
460163,258.789,-674.805,76.660,-28.282,8.069,12.496,24.902,-744.141,-195.312,-20.595,-26.420,75.191,1612,31.69
460194,-2000.000,1999.939,-1235.352,-7.221,23.588,45.855,-53.711,-2000.000,-1503.418,-18.099,6.573,76.191,1415,31.69
460225,-607.910,483.398,251.465,-3.847,17.603,-2.351,-755.859,-1023.926,-97.656,-38.115,-39.847,-41.626,1001,31.69
460256,125.488,732.910,-409.668,-40.397,22.366,27.847,-25.391,-41.992,-25.879,-25.084,-47.008,77.924,877,31.69
460287,-2000.000,93.262,-265.137,-22.802,12.985,11.130,-1414.551,-2000.000,6.348,-58.939,-10.252,29.031,676,31.69
460318,-348.633,-105.469,-459.961,-24.176,-3.298,27.214,189.941,-932.129,-261.719,-10.504,-19.107,49.878,633,31.69
460349,-1147.949,345.215,-288.574,-5.000,-1.649,22.443,-450.195,-771.973,-396.484,-6.092,-10.656,34.008,735,31.69
460380,-772.461,318.359,-298.828,-12.771,-3.656,13.779,-383.301,-850.098,-349.609,-0.275,-13.191,28.153,885,31.69
460411,-961.914,273.437,-275.391,-4.351,-1.519,9.221,-548.340,-631.836,-355.469,-8.015,-9.611,12.298,1113,31.69
460442,-905.273,430.176,-223.633,-12.458,0.916,0.427,-544.434,-796.875,-233.398,-9.534,-13.321,-3.389,971,31.69
460473,-920.898,336.426,-253.906,-6.779,4.832,-10.916,-566.895,-854.492,-271.484,-2.229,-7.473,-1.412,793,31.69
460504,-907.715,344.727,-247.559,-10.176,3.557,-20.687,-487.305,-737.793,-369.629,-3.603,-8.374,-12.641,677,31.69
460535,-932.617,255.371,-367.187,-5.924,-0.282,-22.221,-230.469,-877.930,-356.934,0.771,-7.664,-16.718,409,31.69
460566,-936.035,210.937,-337.402,1.237,-5.412,-19.977,-150.391,-937.012,-347.656,5.977,1.809,-16.389,423,31.69
460597,-893.555,188.477,-259.766,1.756,-5.748,-19.550,-168.945,-888.184,-342.285,7.275,5.267,-16.962,524,31.69
460628,-1004.883,186.035,-301.758,-1.481,-3.603,-13.718,-63.965,-877.930,-244.141,3.969,3.359,-24.565,503,31.69
460659,-896.484,165.039,-240.234,0.725,-2.069,1.168,-69.824,-877.441,-246.582,6.389,0.260,-30.771,366,31.69
460690,-956.543,201.172,-224.609,-4.344,2.901,9.443,-97.656,-859.863,-189.453,2.244,-6.153,-34.397,395,31.69
460721,-915.527,151.367,-231.934,-7.237,8.947,12.275,-149.902,-951.172,-256.348,0.130,-4.870,-38.573,380,31.69
460752,-915.039,352.051,-284.668,-7.847,11.267,13.031,-415.039,-1079.102,-284.668,0.725,-0.924,-34.519,215,31.69
460783,-923.828,396.973,-337.402,-5.023,12.893,-5.092,-612.793,-1098.145,-431.152,-2.107,0.305,-24.275,127,31.69
460814,-1016.602,573.730,-329.102,-4.618,10.649,-18.962,-543.457,-951.660,-303.711,-5.275,-2.076,-12.000,91,31.69
460845,-832.520,216.309,-311.035,-1.840,7.244,-30.504,-244.141,-916.992,-355.957,3.130,7.511,-8.168,82,31.69
460876,-973.633,212.402,-353.516,-2.626,6.542,-23.321,146.484,-892.090,-300.293,6.412,1.427,-12.069,153,31.69
460907,-962.402,104.004,-354.492,12.695,6.382,-8.611,141.602,-1072.266,-207.520,1.847,9.992,-12.763,157,31.69
460938,-920.898,269.043,-415.527,17.687,6.344,4.550,92.285,-946.777,-169.434,0.916,19.221,-12.992,135,31.69
460969,-712.402,663.086,-420.410,17.244,21.008,30.641,-195.801,-958.496,-276.855,-18.282,13.298,0.931,109,31.72
461000,-610.352,928.223,-646.973,-8.496,62.450,61.718,-275.391,-708.984,-203.613,-59.061,-11.786,15.542,116,31.72
461031,-944.336,869.629,-560.547,-4.817,82.885,103.336,-67.383,-989.258,-419.922,-78.794,-12.557,16.687,103,31.72
461062,-866.211,560.547,-765.137,-7.763,92.748,125.718,-125.000,-746.094,-526.855,-88.618,-12.924,23.817,93,31.72
461093,-1028.320,389.648,-700.684,-1.290,100.786,135.992,-178.223,-872.559,-646.973,-93.924,-10.947,22.046,121,31.72
461124,-997.559,226.562,-433.594,12.550,98.382,125.733,-83.496,-928.711,-642.090,-80.206,1.290,23.603,97,31.72
461155,-1007.812,172.363,-379.883,24.870,72.038,108.656,-213.867,-965.332,-677.734,-59.405,12.962,22.008,99,31.72
461186,-904.297,243.164,-407.227,31.481,48.656,81.832,-84.473,-906.738,-738.770,-34.771,24.504,13.473,133,31.72
461217,-912.109,327.637,-339.844,34.725,24.603,67.221,-185.059,-988.281,-708.984,-22.351,27.420,7.656,152,31.72
461248,-800.781,410.156,-366.699,27.122,5.214,51.046,-184.082,-904.297,-601.562,-2.336,27.160,3.855,109,31.72
461279,-661.621,539.551,-391.602,21.107,-4.489,38.748,-177.734,-901.855,-536.621,6.626,23.969,4.099,173,31.72
461310,-672.852,599.609,-372.559,9.916,-11.977,42.305,-176.758,-893.066,-483.398,12.344,17.763,2.298,151,31.72
461341,-599.121,639.648,-305.176,-3.160,-17.122,38.947,-262.207,-817.871,-630.859,28.786,11.023,5.267,187,31.72
461372,-611.816,604.980,-383.301,-10.168,-30.122,42.435,-145.508,-897.949,-492.676,37.534,3.771,5.824,159,31.72
461403,-568.848,465.820,-530.273,-11.740,-32.710,39.863,-193.848,-758.301,-447.754,38.008,5.870,5.916,109,31.72
461434,-580.566,424.316,-519.531,-12.092,-31.870,30.366,-211.426,-820.312,-498.047,35.481,2.145,5.061,118,31.72
461465,-569.824,441.406,-593.750,-14.023,-29.672,13.832,-172.363,-806.152,-435.059,33.260,0.374,0.145,133,31.72
461496,-597.656,500.488,-633.789,-9.794,-18.718,7.496,-118.164,-846.680,-418.457,21.443,0.412,-1.473,213,31.72
461527,-626.953,564.453,-583.008,-8.435,-14.267,2.718,-140.137,-919.434,-516.602,17.565,-0.756,-6.176,139,31.72
461558,-580.566,484.863,-567.383,-6.626,-11.374,-3.779,-177.246,-840.332,-485.352,13.489,-3.656,-6.939,144,31.72
461589,-540.527,553.223,-598.145,-4.733,-3.000,-8.435,-156.738,-806.641,-419.434,6.053,-5.664,-7.076,157,31.72
461620,-568.848,601.074,-516.113,2.023,6.252,-9.191,-150.879,-843.262,-403.320,-4.885,-4.145,-9.916,137,31.72
461651,-541.504,628.418,-520.020,-1.359,11.847,-9.702,-183.594,-859.375,-469.727,-9.931,-6.557,-7.634,150,31.72
461683,-572.754,626.953,-451.660,-4.511,9.969,-4.260,-145.996,-897.949,-485.352,-5.061,-9.779,-6.580,183,31.72
461715,-604.980,675.293,-447.266,-4.679,5.985,-6.718,-164.551,-940.430,-508.301,1.779,-6.649,-6.580,155,31.72
461747,-608.398,687.012,-449.219,-12.092,1.595,-4.656,-159.668,-940.430,-516.602,5.656,-11.137,-0.069,137,31.72
461779,-597.656,654.297,-437.988,-14.260,-5.084,-2.275,-176.758,-909.668,-510.742,16.267,-7.908,-4.023,155,31.72
461811,-596.191,688.477,-482.422,-13.366,-11.939,2.176,-157.227,-946.289,-485.840,18.290,-8.031,-2.344,109,31.72
461843,-616.211,622.070,-503.418,-16.580,-13.496,-1.344,-140.137,-895.508,-459.473,23.466,-4.992,-1.206,185,31.72
461875,-595.703,597.168,-518.066,-15.275,-20.198,-1.565,-142.090,-894.043,-475.098,24.130,-0.641,-5.595,171,31.72
461907,-583.496,618.652,-533.203,-11.985,-20.336,0.099,-170.898,-892.578,-426.758,19.191,0.191,-3.260,125,31.72
461939,-554.687,591.797,-561.035,-9.702,-14.496,-0.107,-168.457,-831.543,-402.832,14.344,0.130,-3.489,153,31.72
461970,-546.875,639.648,-567.383,-1.229,-7.718,-0.344,-166.992,-869.629,-359.375,7.389,1.649,-0.870,151,31.72
462002,-562.012,605.469,-522.949,0.443,-4.626,1.947,-175.781,-880.371,-365.234,0.748,3.656,-3.031,121,31.73
462033,-536.133,586.426,-505.859,2.275,0.511,2.412,-132.324,-831.543,-386.719,-4.878,-1.237,-1.000,119,31.73
462065,-548.828,648.926,-479.004,1.679,8.794,-0.405,-155.762,-875.977,-387.207,-8.145,0.878,4.214,94,31.73
462096,-571.777,683.105,-444.824,5.878,5.595,7.687,-149.902,-927.734,-395.996,-5.626,0.863,4.183,82,31.73
462127,-595.215,619.141,-459.961,3.176,5.076,11.924,-175.293,-880.371,-419.922,-6.160,1.290,7.389,118,31.73
462158,-586.914,635.742,-484.375,1.870,9.649,5.122,-164.551,-885.254,-421.387,-7.626,1.191,6.756,137,31.73
462189,-581.055,648.926,-479.004,2.168,10.244,6.802,-172.363,-910.156,-424.316,-8.084,-0.863,5.870,122,31.73
462220,-629.883,712.402,-464.844,5.198,11.954,11.611,-186.523,-951.660,-440.918,-9.718,2.389,6.107,111,31.73
462251,-635.254,674.805,-471.680,6.099,5.580,8.725,-166.504,-932.617,-443.848,-6.664,1.573,6.832,105,31.73
462282,-615.723,642.578,-474.121,3.672,2.481,9.305,-185.547,-900.391,-457.031,-2.107,0.527,9.389,90,31.73
462313,-612.305,615.234,-466.797,2.160,1.015,6.969,-186.035,-891.602,-425.293,-2.084,0.305,1.969,121,31.73
462344,-569.336,621.582,-455.078,0.023,1.489,-0.878,-181.152,-884.277,-443.848,-1.115,3.008,1.603,117,31.73
462375,-569.336,650.879,-435.059,-0.244,2.198,1.954,-182.617,-900.391,-437.988,1.038,-1.824,1.481,168,31.73
462406,-550.293,676.270,-447.266,-5.122,1.237,2.420,-207.520,-878.418,-416.504,3.374,-2.435,2.832,136,31.73
462437,-535.645,687.012,-489.746,-1.992,1.107,6.359,-200.195,-862.793,-419.434,-0.786,-3.771,6.893,123,31.73
462468,-561.523,636.230,-510.742,-1.450,2.366,7.366,-171.387,-887.207,-407.715,-0.756,-4.473,5.962,107,31.73
462499,-538.086,619.141,-504.395,0.023,0.870,7.985,-196.777,-873.047,-476.074,-2.611,-1.069,6.145,119,31.73
462530,-562.500,690.430,-500.000,-4.824,6.107,6.809,-189.453,-899.902,-440.918,-1.786,-2.420,5.084,107,31.73
462561,-616.211,663.574,-486.816,-2.489,3.069,5.702,-195.312,-928.711,-454.590,-0.901,-1.595,4.519,111,31.73
462592,-613.770,628.418,-458.008,-1.893,-2.389,1.344,-202.637,-917.969,-458.008,2.504,0.656,3.527,87,31.73
462623,-570.801,683.105,-483.887,-2.725,-4.046,1.183,-220.703,-926.758,-471.191,4.969,2.282,-0.305,139,31.73
462654,-596.191,678.223,-491.699,0.267,-3.435,1.031,-219.727,-917.969,-448.242,4.405,5.153,-0.824,112,31.73
462685,-572.266,670.410,-485.352,1.275,-5.282,-1.023,-218.750,-911.133,-432.129,4.527,2.649,0.389,111,31.73
462716,-560.059,634.766,-493.164,-1.229,-2.969,-7.840,-197.266,-877.930,-398.437,2.466,1.740,-5.168,93,31.73
462747,-549.805,643.555,-487.793,0.092,-1.298,-9.885,-204.590,-873.047,-452.148,2.344,3.931,-1.359,93,31.73
462778,-555.664,666.992,-454.102,0.809,-6.847,-4.168,-198.730,-911.133,-422.852,4.053,2.420,-4.695,99,31.73
462809,-574.707,678.223,-491.699,0.000,-6.702,-4.458,-173.828,-922.852,-426.270,3.176,3.176,-3.511,95,31.73
462840,-580.078,673.340,-506.836,1.435,-5.076,-3.107,-189.941,-904.785,-424.805,3.885,2.252,-1.954,92,31.73
462871,-575.684,690.430,-493.652,-0.824,-1.939,-4.496,-207.520,-932.129,-448.242,4.260,4.618,-2.137,80,31.73
462902,-591.309,648.926,-467.285,-0.626,-4.695,-3.725,-173.828,-893.066,-429.199,2.122,3.885,0.198,89,31.73
462933,-580.566,641.113,-459.961,0.588,-6.115,-7.420,-205.566,-904.785,-436.035,4.389,2.237,-7.771,101,31.73
462965,-588.867,657.227,-476.074,-1.489,-1.466,-10.084,-181.641,-907.227,-377.441,3.962,1.397,-3.847,76,31.73
462997,-589.355,669.434,-460.449,1.420,-4.031,-4.718,-190.430,-916.016,-406.250,2.305,1.489,-3.580,83,31.73
463028,-598.145,673.828,-453.125,-1.382,0.962,-10.206,-180.664,-935.547,-411.133,0.206,0.634,-9.023,71,31.74
463059,-604.004,642.578,-456.543,-1.000,0.267,-8.046,-165.527,-905.273,-397.461,1.725,-0.641,-5.374,83,31.74
463090,-591.309,660.156,-456.055,-1.252,-1.489,-8.122,-174.805,-908.691,-438.965,2.702,1.046,-5.313,63,31.74
463121,-591.309,639.160,-451.172,1.046,-3.275,-6.122,-168.945,-892.090,-400.879,2.748,-0.351,-6.420,141,31.74
463152,-595.703,620.605,-461.914,0.603,-1.771,-6.160,-164.062,-892.578,-416.504,1.756,-0.397,-4.939,115,31.74
463183,-580.078,646.973,-489.258,4.244,-3.252,-2.649,-143.555,-898.926,-414.551,1.000,1.305,-4.542,85,31.74
463214,-593.262,613.281,-467.773,-0.557,-1.519,-4.458,-142.090,-907.715,-415.039,1.061,0.649,-4.756,107,31.74
463245,-590.332,621.582,-454.102,-1.534,-0.855,-5.115,-152.344,-900.391,-416.992,1.840,1.183,-1.664,117,31.74
463276,-588.379,638.184,-463.867,-2.702,2.168,-1.649,-151.855,-904.297,-388.672,1.641,-0.534,-0.511,95,31.74
463308,-587.891,626.465,-456.055,-1.031,2.962,-3.206,-170.410,-884.766,-403.320,0.328,0.420,-1.099,77,31.74
463339,-583.008,626.465,-475.098,-3.710,4.481,0.397,-164.062,-886.719,-386.230,-3.992,-3.153,2.076,77,31.74
463371,-591.797,618.652,-458.496,-1.939,5.557,0.176,-139.160,-901.367,-382.324,-3.527,-1.565,0.137,89,31.74
463402,-603.516,624.512,-439.941,-1.504,7.344,-1.985,-144.043,-909.180,-426.270,-5.802,1.061,1.763,86,31.74
463433,-614.746,633.301,-469.727,-0.740,4.015,-2.550,-137.207,-914.062,-442.871,-2.321,-2.947,2.847,88,31.74
463464,-613.770,611.816,-481.934,-0.038,-2.366,1.145,-140.625,-913.086,-447.266,-0.374,2.107,3.267,106,31.74
463495,-620.117,635.742,-481.934,0.267,-2.038,1.527,-140.137,-937.012,-449.219,-1.450,-0.160,-1.344,91,31.74
463526,-617.187,633.789,-503.906,-1.076,-1.626,1.405,-143.066,-922.852,-429.687,1.344,1.252,-0.786,85,31.74
463557,-631.348,617.187,-494.629,-1.481,-1.313,-4.771,-152.344,-924.805,-441.406,3.603,3.168,-3.496,75,31.74
463588,-625.000,610.840,-462.402,-1.107,-2.733,-4.107,-149.902,-915.039,-414.062,0.542,2.916,-6.069,62,31.74
463619,-612.793,621.094,-459.961,-2.305,0.504,-6.840,-164.551,-898.437,-387.695,2.542,2.924,-1.023,118,31.74
463650,-627.930,632.812,-459.961,3.252,-3.321,-7.031,-179.199,-928.223,-383.301,1.313,3.542,-2.954,75,31.74
463681,-627.930,663.574,-434.570,2.779,-5.336,-6.069,-158.691,-937.988,-397.949,2.649,2.221,-7.244,79,31.74
463712,-633.789,644.531,-459.473,1.252,-1.893,-5.076,-171.387,-913.086,-406.738,0.359,2.115,-4.618,118,31.74
463743,-654.785,660.645,-449.219,-3.466,0.947,-8.855,-149.902,-955.566,-411.621,1.534,-5.130,-5.137,119,31.74
463774,-661.133,622.559,-458.008,-3.305,-2.061,-6.595,-127.930,-937.500,-382.324,3.031,-2.511,-7.153,117,31.74
463805,-648.926,602.051,-462.891,0.046,-3.015,-6.282,-148.926,-907.227,-415.527,3.435,-0.832,-4.656,91,31.74
463836,-634.766,593.750,-456.543,-0.061,-3.511,-7.191,-121.582,-907.715,-380.859,5.084,-2.992,-10.397,101,31.74
463867,-622.070,611.816,-444.824,-1.389,-3.366,-8.214,-135.742,-899.414,-391.602,2.130,-0.771,-9.458,124,31.74
463898,-596.191,611.816,-445.312,-2.840,0.153,-11.779,-113.770,-904.785,-383.789,2.672,-1.771,-9.191,127,31.74
463929,-593.262,623.535,-469.238,-3.313,3.206,-9.229,-143.555,-896.973,-376.953,0.275,-4.267,-8.214,119,31.74
463960,-612.793,604.004,-474.609,-4.298,7.137,-9.893,-123.535,-901.855,-404.785,-1.992,-4.527,-9.115,99,31.74
463991,-624.023,607.422,-448.242,-0.015,5.252,-5.908,-80.078,-903.320,-406.250,-3.924,-3.618,-4.603,85,31.74
464022,-603.516,613.770,-462.402,-1.641,4.366,0.809,-110.840,-890.137,-425.781,-2.099,-7.870,-2.496,78,31.74
464053,-657.227,569.824,-466.309,-1.046,4.588,-1.153,-90.332,-907.715,-426.758,-3.008,-7.084,-3.962,87,31.74
464084,-605.957,580.078,-468.750,-0.664,2.672,-2.534,-117.676,-895.996,-442.871,1.008,-0.618,0.168,92,31.75
464115,-619.141,616.699,-477.539,-3.458,3.985,-2.702,-101.074,-926.758,-440.430,2.214,-1.702,-0.672,93,31.75
464146,-658.203,583.496,-469.727,-0.611,-1.069,-2.603,-105.957,-940.430,-414.062,3.115,0.588,-0.206,89,31.75
464177,-652.832,600.098,-477.051,-0.450,-5.069,0.313,-106.934,-943.848,-403.320,3.107,3.145,2.695,81,31.75
464208,-641.113,636.719,-461.426,-1.351,-4.992,1.122,-125.488,-937.500,-421.387,6.466,3.008,0.702,91,31.75
464239,-686.035,600.586,-454.102,-0.099,-4.344,-1.092,-125.000,-934.570,-376.465,7.244,2.099,1.916,78,31.75
464270,-673.828,602.051,-443.359,-2.466,-4.580,-3.176,-109.863,-943.359,-397.461,4.015,4.092,-1.710,77,31.75
464301,-668.945,615.234,-435.059,-4.412,-3.473,-4.336,-127.930,-945.312,-426.270,5.595,-0.412,-3.878,108,31.75
464332,-667.480,608.398,-437.988,-4.115,-5.405,-5.237,-115.723,-947.754,-411.621,9.252,1.763,-3.191,115,31.75
464363,-699.707,583.984,-449.707,-1.511,-9.137,-1.985,-113.281,-932.617,-383.301,7.427,0.794,-3.466,119,31.75
464394,-661.621,575.195,-477.051,-0.771,-7.565,-4.282,-145.508,-858.887,-399.902,5.618,1.473,-5.702,88,31.75
464425,-654.785,569.336,-464.844,-1.542,-1.092,-7.214,-105.469,-909.180,-378.418,5.336,0.328,-8.328,83,31.75
464456,-651.855,577.637,-455.566,-1.863,-0.695,-8.305,-108.887,-913.086,-396.973,1.092,1.504,-9.160,75,31.75
464487,-646.484,611.816,-462.891,-3.076,-0.855,-12.313,-77.148,-934.082,-403.320,2.160,0.214,-8.023,87,31.75
464518,-663.574,604.980,-433.594,0.931,-1.550,-5.840,-94.238,-926.758,-375.977,3.748,2.817,-6.740,87,31.75
464549,-669.434,602.539,-411.133,1.916,-5.038,1.153,-89.355,-943.359,-383.301,1.290,2.252,-0.107,71,31.75
464580,-653.320,591.797,-421.387,0.550,-4.008,-1.489,-91.797,-923.828,-364.258,2.305,0.710,-3.458,123,31.75
464611,-661.133,583.008,-413.574,-2.779,-1.534,-2.351,-90.332,-905.762,-369.141,4.557,0.267,-1.786,137,31.75
464642,-655.762,582.520,-416.992,-1.824,-2.443,-3.969,-82.520,-921.387,-385.254,5.573,-1.557,-0.832,111,31.75
464673,-673.340,593.262,-418.457,-4.908,1.382,-3.557,-64.453,-959.473,-350.098,5.229,-1.252,-0.305,106,31.75
464704,-673.340,562.500,-435.547,-0.763,-3.634,1.382,-109.375,-923.340,-368.164,2.969,-0.695,0.160,118,31.75
464735,-663.574,589.355,-441.406,-4.321,0.870,-0.710,-73.242,-927.246,-330.078,0.573,-4.366,0.061,91,31.75
464766,-666.992,570.801,-437.012,-0.061,-1.458,1.420,-104.004,-923.828,-367.187,1.557,-0.794,0.824,79,31.75
464797,-678.711,596.191,-427.734,-5.504,1.901,-1.870,-105.469,-942.383,-379.395,0.725,-3.099,0.832,111,31.75
464828,-695.312,589.844,-438.965,-2.740,0.504,-2.198,-67.383,-940.918,-346.191,-0.916,-2.740,0.458,76,31.75
464859,-692.383,580.078,-433.594,-1.565,1.092,-1.092,-93.750,-949.219,-387.695,2.214,0.084,3.092,87,31.75
464890,-670.898,600.098,-423.340,0.038,-1.901,0.672,-112.793,-940.918,-394.043,0.634,0.389,-2.405,78,31.75
464921,-680.176,608.398,-430.664,-1.191,-3.542,1.405,-85.938,-955.566,-351.562,3.489,-0.969,0.137,77,31.75
464952,-679.199,579.102,-434.082,1.702,-4.969,1.000,-99.121,-944.336,-359.375,1.084,2.672,2.000,94,31.75
464983,-670.410,573.242,-428.223,-1.832,-1.550,-2.389,-100.098,-928.711,-354.492,0.962,2.008,-1.031,99,31.75
465014,-679.199,573.730,-420.410,-0.603,1.321,-0.977,-92.285,-934.570,-355.469,0.397,-0.840,0.427,85,31.75
465045,-665.039,577.637,-435.059,1.252,-2.672,0.237,-87.891,-929.199,-369.629,1.267,0.771,2.313,108,31.75
465076,-666.016,603.516,-406.250,1.382,-0.351,-0.603,-101.563,-937.500,-338.867,0.519,-0.718,-1.908,139,31.75
465107,-694.336,599.609,-422.363,1.527,0.687,0.290,-77.148,-963.379,-352.539,-1.137,-2.748,-2.481,107,31.75
465138,-694.336,609.375,-428.711,0.321,4.130,-2.069,-87.891,-965.820,-367.187,-1.366,-1.069,3.038,88,31.75
465169,-716.797,593.262,-415.527,-1.817,1.359,-0.794,-64.941,-943.359,-360.840,-0.626,0.275,-0.313,75,31.75
465200,-696.777,587.402,-417.969,-1.580,-1.511,-1.313,-83.008,-947.754,-369.629,2.992,2.450,1.977,86,31.75
465231,-678.223,593.262,-417.969,1.702,-3.122,0.992,-86.426,-936.035,-349.609,1.336,2.763,0.137,87,31.75
465262,-682.129,573.730,-413.574,0.656,-1.534,-0.344,-95.215,-913.086,-355.957,-0.656,-0.130,2.519,87,31.75
465294,-671.387,605.957,-418.945,-1.397,-0.618,-4.924,-95.703,-936.035,-375.488,-0.153,-3.260,-2.176,115,31.75
465326,-681.641,612.305,-431.641,-0.702,2.397,-1.802,-81.543,-962.891,-349.609,0.336,0.603,-0.947,88,31.75
465358,-687.988,606.445,-427.734,0.969,0.611,1.336,-100.586,-963.379,-351.562,-1.153,-0.641,0.115,89,31.75
465390,-692.383,570.801,-432.129,-1.626,1.305,2.870,-85.938,-946.777,-365.723,-0.542,-0.137,1.626,108,31.75
465422,-681.641,581.543,-413.574,0.061,3.763,-4.183,-74.707,-938.965,-352.539,-2.435,-0.443,1.015,116,31.75
465453,-693.359,566.895,-405.273,4.573,-0.603,1.252,-76.660,-931.152,-354.980,-2.008,0.176,-0.198,105,31.75
465484,-671.875,590.820,-408.203,1.557,-1.618,-3.069,-95.215,-927.734,-361.816,2.198,1.718,-0.015,85,31.75
465515,-682.129,588.867,-407.227,0.947,-0.534,-1.275,-83.008,-938.477,-356.445,0.046,1.183,-0.824,109,31.75
465546,-675.293,592.285,-405.273,0.832,2.893,-0.191,-80.566,-943.848,-360.352,0.450,1.221,3.924,100,31.75
465577,-672.363,598.145,-406.738,-1.847,0.695,-0.916,-86.914,-949.219,-362.305,0.954,0.382,-0.565,77,31.75
465608,-666.504,608.398,-429.687,-2.611,2.382,0.282,-82.031,-944.336,-356.934,1.000,-2.511,-0.649,111,31.75
465639,-671.875,587.402,-433.594,-0.405,-1.374,4.450,-84.961,-931.641,-367.187,-2.359,-0.733,1.115,120,31.75
465670,-687.012,558.594,-428.223,-1.244,0.237,1.153,-87.402,-919.434,-363.770,-0.832,-0.985,-0.527,140,31.75
465701,-682.129,574.707,-428.711,2.313,1.641,2.382,-83.984,-941.406,-367.676,-1.061,-0.046,0.534,141,31.75
465732,-681.641,587.402,-412.598,-1.534,3.473,1.687,-78.613,-938.477,-365.723,-0.145,1.466,2.397,104,31.75
465763,-689.453,580.078,-413.574,-1.763,2.198,-3.031,-89.355,-939.453,-378.418,-1.206,2.992,1.191,81,31.75
465794,-684.570,591.797,-423.828,0.565,0.275,0.840,-87.402,-957.031,-361.328,-0.031,0.359,1.008,79,31.75
465825,-683.594,598.145,-412.598,2.939,0.046,1.290,-87.891,-956.543,-362.793,0.389,0.130,3.969,87,31.75
465856,-680.664,584.473,-419.434,0.863,-3.031,2.481,-101.563,-933.594,-353.027,0.282,2.267,-0.901,103,31.75
465887,-679.687,574.707,-419.434,0.763,2.489,1.237,-110.840,-939.453,-363.281,-0.656,1.710,2.015,91,31.75
465918,-695.312,595.215,-408.203,-1.237,0.420,-1.107,-82.031,-943.848,-349.609,-0.359,-0.298,-0.084,105,31.75
465949,-701.172,569.336,-414.551,-2.053,3.481,-2.450,-70.801,-948.730,-340.820,0.664,-0.664,-1.534,79,31.75
465980,-685.547,581.055,-415.039,1.130,-1.214,3.489,-83.496,-946.777,-373.535,-1.229,2.679,-0.435,73,31.75
466011,-661.621,589.355,-425.293,2.191,-2.481,1.504,-99.121,-955.566,-358.398,-1.656,-0.901,0.198,60,31.75
466042,-680.664,593.262,-416.016,1.542,-2.305,2.710,-75.195,-941.895,-352.051,-2.282,-0.908,-0.511,60,31.75
466073,-687.012,591.309,-415.039,-2.924,-0.557,-1.015,-104.004,-938.477,-363.770,-0.763,3.344,-0.496,89,31.75
466104,-675.293,594.727,-416.992,-2.382,0.336,-4.313,-103.027,-944.824,-366.211,0.008,-0.198,-2.405,109,31.75
466135,-679.687,596.680,-409.668,-4.344,0.000,-3.137,-93.750,-962.891,-364.746,0.511,-2.038,-1.412,93,31.75
466166,-696.289,568.359,-420.410,0.496,-1.672,0.206,-91.309,-928.223,-355.957,0.183,1.397,2.313,87,31.76
466197,-674.316,589.355,-431.641,0.328,-0.687,0.168,-90.820,-926.270,-379.883,-0.504,1.076,-3.374,107,31.76
466228,-681.152,578.125,-401.855,1.282,-3.076,-0.969,-85.449,-938.965,-349.609,0.191,0.893,-1.061,85,31.76
466259,-688.477,600.098,-418.457,-0.733,-0.466,-2.191,-76.172,-941.406,-384.277,1.824,2.870,-2.336,139,31.76
466290,-676.758,582.520,-406.250,-1.641,0.885,-2.588,-76.660,-932.129,-345.703,-0.794,2.763,1.557,105,31.76
466321,-677.734,583.984,-419.434,-2.817,-0.847,-0.992,-80.078,-935.547,-351.074,-0.252,0.122,-2.336,89,31.76
466352,-678.223,598.633,-407.227,-0.275,-2.443,2.092,-110.840,-937.012,-372.070,0.221,-1.015,2.137,77,31.76
466383,-662.598,565.430,-419.922,-0.275,-0.046,0.664,-99.609,-924.805,-343.262,0.733,-0.107,1.580,88,31.76
466414,-679.199,588.379,-414.551,-2.099,3.137,-0.214,-89.844,-924.805,-329.102,-1.298,1.260,1.863,88,31.76
466445,-689.453,589.355,-407.227,-0.840,4.145,-0.916,-104.980,-935.547,-358.887,-1.244,-0.466,-0.023,77,31.76
466476,-678.223,583.496,-424.316,-1.504,3.710,0.344,-96.680,-943.848,-361.328,-3.763,1.328,1.939,74,31.76
466507,-702.637,585.937,-427.734,1.611,3.282,3.435,-96.680,-932.617,-388.184,-2.863,-1.809,4.206,104,31.76
466538,-685.547,595.215,-422.852,2.305,-0.611,3.443,-86.426,-948.730,-362.305,-0.656,0.397,1.893,82,31.76
466569,-706.055,586.914,-424.805,1.290,1.527,4.817,-87.891,-961.914,-359.375,-0.450,2.145,0.565,109,31.76
466600,-691.406,583.984,-421.387,-0.389,2.366,1.366,-92.285,-944.824,-369.629,0.366,-0.908,3.359,100,31.76
466631,-713.867,593.750,-414.551,-0.908,0.107,1.115,-98.633,-959.473,-368.652,0.992,2.130,-0.557,103,31.76
466662,-696.777,556.641,-414.062,-0.786,-1.237,-2.275,-109.375,-931.641,-354.492,0.931,1.962,-2.626,88,31.76
466693,-678.223,616.699,-407.227,1.870,-2.450,-0.069,-123.047,-946.777,-373.047,4.046,0.908,-1.023,88,31.76
466724,-679.199,608.398,-407.715,0.649,-2.122,0.710,-113.281,-944.336,-343.262,0.466,0.137,-2.809,103,31.76
466755,-702.148,589.355,-421.875,0.725,-2.588,1.626,-97.656,-932.617,-323.242,-0.282,1.031,-4.290,83,31.76
466786,-681.641,583.984,-420.898,-0.511,2.473,-2.878,-94.238,-933.594,-353.027,0.405,0.160,-0.382,78,31.76
466817,-690.430,589.355,-396.484,-0.748,1.053,-4.092,-81.543,-949.707,-374.023,-2.359,1.420,-2.519,92,31.76
466848,-664.551,565.430,-409.668,-0.924,1.870,-3.084,-81.543,-922.852,-363.281,-0.527,1.481,2.412,79,31.76
466879,-677.246,589.355,-425.293,0.450,-1.321,-0.557,-83.008,-930.176,-362.305,0.840,-0.756,-0.366,68,31.76
466910,-685.547,584.961,-406.738,1.580,-0.466,-0.397,-80.566,-923.828,-354.492,-1.931,1.252,-0.756,76,31.76
466941,-674.805,566.895,-416.992,1.763,0.595,0.313,-83.008,-931.152,-372.559,1.137,-1.450,1.840,48,31.76
466972,-678.711,575.195,-434.082,-1.053,3.832,-0.450,-96.191,-934.082,-393.066,-1.275,0.176,-0.229,86,31.76
467003,-704.102,585.937,-420.898,-0.779,2.893,-1.015,-104.492,-955.566,-380.859,-0.412,-1.305,-1.427,57,31.76
467034,-707.520,569.824,-432.617,-2.115,-2.473,-0.137,-83.984,-946.289,-386.719,1.237,-0.771,3.229,71,31.76
467065,-707.031,586.914,-419.922,0.847,-1.519,0.809,-84.961,-960.937,-374.023,1.534,0.427,0.702,84,31.76
467096,-717.285,593.262,-417.480,-0.053,-3.679,-2.099,-84.473,-954.590,-365.234,1.817,1.504,-1.099,99,31.76
467127,-681.641,574.707,-413.574,-0.344,0.504,-4.588,-87.402,-946.289,-349.121,1.336,1.092,-0.405,88,31.76
467158,-696.289,588.379,-414.551,1.664,-2.015,-4.855,-98.633,-943.359,-348.633,0.710,3.069,-4.908,102,31.76
467189,-678.711,605.957,-396.973,0.511,0.397,-5.137,-106.445,-932.129,-341.309,1.412,1.519,-2.985,87,31.76
467220,-679.687,577.637,-390.625,2.191,-2.000,-4.260,-82.520,-942.383,-335.937,0.504,0.542,-1.580,71,31.76
467251,-667.480,573.730,-383.789,2.519,-3.076,-0.412,-70.313,-928.711,-333.008,-1.183,-0.328,-2.321,77,31.76
467282,-685.059,581.543,-386.719,0.427,-1.366,-0.443,-86.426,-939.453,-364.746,1.015,1.206,-1.931,82,31.76
467313,-685.059,577.148,-400.391,-4.435,1.641,-4.672,-73.242,-949.707,-348.145,-0.725,-1.870,-1.542,83,31.76
467344,-685.547,571.289,-419.922,-3.710,3.458,-3.718,-68.359,-921.875,-351.562,-0.046,-1.779,3.534,104,31.76
467375,-690.430,562.012,-455.566,-1.679,2.221,-2.053,-70.801,-914.062,-379.883,1.221,-1.450,3.290,77,31.76
467406,-691.406,571.289,-427.734,-0.145,1.435,-0.679,-70.801,-934.570,-371.094,-1.588,-1.084,1.489,78,31.76
467437,-685.059,565.430,-430.664,3.794,2.977,-0.771,-70.313,-935.547,-369.141,-1.321,-0.214,3.290,77,31.76
467468,-694.824,554.199,-421.387,1.962,0.809,3.366,-66.895,-931.641,-359.375,-1.435,-0.412,2.603,75,31.76
467499,-672.363,581.543,-428.223,-0.504,-0.130,-2.718,-86.426,-938.477,-387.207,0.443,3.137,4.351,101,31.76
467530,-703.125,598.145,-412.109,-1.099,3.504,-0.931,-91.797,-945.312,-366.211,-0.061,1.229,0.641,99,31.76
467561,-695.801,599.609,-396.973,0.924,3.580,-3.275,-74.219,-948.730,-345.215,0.809,2.893,2.565,101,31.76
467592,-712.402,597.168,-405.762,1.733,-2.992,2.473,-96.680,-957.031,-364.746,0.458,0.031,1.260,83,31.76
467623,-704.102,580.566,-411.133,0.557,-0.519,2.443,-88.379,-963.379,-368.652,1.198,1.221,0.374,135,31.76
467654,-723.145,551.758,-424.316,-2.626,2.771,0.282,-68.359,-930.176,-321.777,-0.893,-1.595,-0.611,115,31.76
467685,-644.531,465.332,-401.855,-9.260,3.832,-2.977,-62.500,-783.691,-282.227,11.687,-4.420,49.031,92,31.76
467716,-695.312,547.852,-432.129,0.664,-1.122,-0.244,-51.758,-915.527,-316.406,-2.145,13.076,16.466,117,31.76
467747,-692.383,557.617,-415.527,9.359,-3.802,0.687,-219.238,-1163.574,-270.996,-9.771,21.473,17.061,88,31.76
467778,-672.363,640.625,-374.512,5.718,-3.008,-0.313,-145.996,-951.660,-402.832,-1.656,0.145,-1.885,70,31.76
467809,-673.828,577.637,-408.691,1.710,3.115,1.221,-83.008,-940.918,-360.840,-2.557,-4.443,-0.176,63,31.76
467840,-681.152,585.449,-390.137,-1.634,7.008,0.168,-64.453,-943.359,-372.559,-3.855,-2.595,1.763,78,31.76
467871,-709.473,574.707,-402.832,-3.679,6.725,-2.473,-59.570,-963.867,-390.625,-4.435,-4.641,1.229,69,31.76
467902,-709.961,584.473,-410.156,-4.916,6.649,0.748,-75.195,-955.566,-378.906,0.435,-2.756,1.336,60,31.76
467933,-722.656,559.570,-415.039,-0.160,-0.053,2.031,-79.102,-957.031,-377.441,-0.550,-2.435,1.947,89,31.76
467964,-690.918,669.922,-466.309,-8.366,-4.718,-2.847,-65.918,-1004.395,-428.711,1.122,-16.939,104.878,119,31.76
467995,-714.844,574.219,-449.219,1.298,-6.237,0.130,-23.926,-945.312,-261.719,4.435,13.206,3.740,106,31.76
468026,-679.199,580.566,-434.082,7.611,-3.931,0.176,-166.504,-1000.977,-643.066,-4.214,3.313,-6.458,96,31.76
468057,-693.848,568.359,-389.160,-2.015,4.153,-1.931,-74.707,-922.363,-345.215,-2.366,-3.405,-0.824,86,31.76
468088,-685.059,550.781,-402.344,0.198,3.878,-0.748,-77.637,-911.621,-361.328,-1.863,-2.580,1.076,90,31.76
468119,-679.687,577.148,-387.695,-0.420,4.794,0.969,-90.820,-931.152,-396.973,-3.603,-5.389,1.466,91,31.76
468150,-693.359,547.363,-413.086,-0.908,3.863,3.962,-73.730,-955.566,-376.953,-1.611,-2.595,-0.519,87,31.76
468181,-713.867,599.121,-395.020,-0.031,-1.527,1.855,-93.262,-954.590,-388.672,-2.038,-3.305,0.878,78,31.76
468212,-718.750,593.262,-415.527,-2.947,-0.771,-2.153,-79.590,-968.262,-375.977,0.412,-3.191,1.855,68,31.76
468243,-703.613,597.168,-435.059,-3.214,0.885,-1.466,-86.426,-981.934,-382.324,2.855,-0.450,2.893,72,31.77
468274,-927.246,590.820,-359.375,-11.084,-3.954,-0.565,45.410,-959.961,-274.902,5.695,-25.473,34.985,75,31.77
468305,-758.301,525.391,-470.215,2.183,-7.664,-0.092,-6.348,-939.453,-184.082,7.000,22.046,-2.496,62,31.77
468336,-687.012,571.289,-437.988,9.695,-11.557,-0.237,-230.469,-931.641,-386.230,-7.115,30.710,32.573,57,31.77
468367,-694.824,563.965,-412.109,7.435,-1.359,-6.817,-148.926,-932.617,-386.719,-17.290,21.427,-4.908,117,31.77
468398,-670.410,576.172,-389.160,1.359,3.710,-7.107,-57.617,-921.875,-310.059,-2.137,-1.634,-2.206,91,31.77
468429,-702.148,571.289,-410.156,-0.435,5.802,-5.229,-94.238,-936.035,-356.445,-4.084,-0.649,-4.748,97,31.77
468460,-721.680,581.055,-405.273,1.359,2.962,-3.168,-65.918,-967.773,-384.277,-2.740,-5.496,-3.519,107,31.77
468491,-724.121,568.848,-400.391,-0.863,2.267,-3.366,-81.543,-957.520,-404.297,2.565,-3.695,-5.427,121,31.77
468522,-744.141,596.191,-394.531,-5.443,-0.366,-1.916,-53.711,-986.816,-368.652,4.061,-4.183,-5.244,103,31.77
468553,-735.840,548.828,-385.254,-3.359,-3.359,-8.183,-90.332,-944.336,-343.750,5.786,1.542,-7.305,117,31.77
468584,-740.723,578.613,-403.809,-5.412,-2.527,-9.122,-78.125,-971.680,-347.656,6.779,-3.534,-7.405,148,31.77
468615,-750.000,550.293,-403.809,-5.000,-4.763,-11.901,-66.895,-967.773,-315.430,8.244,0.511,-11.458,108,31.77
468646,-729.980,555.176,-408.203,-2.794,-9.130,-11.183,-82.031,-943.359,-399.902,9.466,1.038,-13.115,117,31.77
468677,-732.910,555.664,-413.086,-1.595,-7.183,-10.740,-50.781,-947.266,-307.129,6.672,0.641,-9.374,119,31.77
468708,-738.281,531.250,-433.594,0.443,-5.260,-9.519,-36.133,-948.242,-324.219,5.321,-0.198,-9.977,89,31.77
468739,-766.602,486.816,-387.207,-4.511,-2.870,-17.870,-78.125,-925.781,-335.449,2.641,-2.611,-14.443,79,31.77
468770,-769.043,500.000,-332.520,-12.664,-1.786,-25.344,-73.730,-966.797,-335.449,8.275,-7.290,-17.115,94,31.77
468801,-790.527,540.039,-333.984,-11.328,-4.832,-33.969,0.000,-976.562,-355.957,13.992,-8.221,-19.588,165,31.77
468832,-851.562,559.570,-345.703,-8.695,-11.229,-26.008,70.313,-1078.125,-270.508,13.954,-5.740,-19.756,121,31.77
468863,-888.672,474.121,-280.273,-10.252,-15.931,-28.412,-16.113,-961.426,-326.660,18.603,-4.328,-21.412,107,31.77
468894,-874.023,336.426,-242.187,-22.198,-19.763,-41.305,-52.246,-1003.906,-294.922,24.244,-12.901,-30.382,85,31.77
468925,-730.469,354.004,-262.207,-31.718,-24.511,-55.748,-81.543,-880.859,-200.684,27.420,-15.298,-25.992,89,31.77
468956,-671.387,355.469,-244.629,-24.511,-25.031,-54.107,55.664,-849.121,-128.906,30.931,-5.580,-19.847,73,31.77
468987,-754.395,242.187,-143.555,-21.710,-36.687,-53.321,81.055,-936.035,-238.770,33.565,-8.015,-10.634,88,31.77
469018,-825.195,163.574,-176.270,-26.359,-40.206,-63.000,66.406,-831.543,-270.508,38.023,-13.985,-9.817,135,31.77
469049,-734.863,329.590,-222.168,-26.435,-41.069,-67.809,103.027,-818.359,-196.777,41.763,-15.649,-9.695,127,31.77
469080,-740.723,424.316,-306.641,-27.076,-33.756,-61.573,69.336,-1067.383,-101.563,29.977,-10.702,6.954,120,31.77
469111,-814.941,427.734,-307.129,-24.130,-24.374,-53.420,62.012,-902.344,-192.383,21.145,-16.038,14.954,127,31.77
469142,-948.242,476.562,-270.020,-21.748,-16.229,-46.076,-6.348,-963.379,-166.016,9.763,-20.275,16.885,135,31.77
469173,-865.723,500.000,-320.801,-19.260,-7.588,-29.344,66.895,-967.285,-103.027,8.588,-14.969,18.534,125,31.77
469204,-889.648,536.133,-314.941,-13.450,-0.702,-17.710,-3.418,-1000.977,-175.781,-1.763,-11.618,21.427,103,31.77
469235,-932.129,450.684,-260.742,-13.542,2.260,-3.496,-40.527,-1008.789,-189.453,-7.763,-12.893,20.344,87,31.77
469266,-879.395,385.742,-237.305,-14.626,7.382,-3.252,-61.035,-951.172,-248.047,-9.687,-12.107,21.145,85,31.76
469297,-859.863,861.816,-189.453,-8.198,9.405,7.840,0.488,-1014.648,-188.965,-12.107,-11.008,24.641,71,31.76
469329,-978.516,99.609,-307.617,-4.122,1.710,15.260,-54.199,-994.141,-177.246,-6.916,-0.031,26.580,60,31.76
469360,-889.648,238.281,-173.340,-3.779,3.557,16.473,-64.453,-999.512,-230.957,-4.458,2.076,33.595,61,31.76
469391,-883.301,369.141,-185.059,-3.649,2.206,12.740,-94.238,-971.680,-244.141,-4.252,-2.969,32.366,59,31.76
469422,-869.141,354.004,-164.062,-6.008,-4.252,18.748,-80.078,-948.242,-162.598,-5.878,-1.641,37.588,56,31.76
469453,-832.031,350.586,-143.555,-1.305,-2.099,22.870,-100.586,-972.168,-151.367,-0.748,0.122,40.313,55,31.76
469484,-949.707,367.676,-118.652,-3.718,-6.130,27.656,-167.969,-1023.437,-233.398,5.153,-1.733,41.672,52,31.76
469515,-1152.832,237.305,-314.453,-14.000,-3.031,16.924,-162.109,-1188.965,-223.633,4.015,-4.611,34.069,53,31.76
469546,-2000.000,-256.348,-243.164,-10.198,12.542,-2.183,-72.754,-1163.574,40.039,-11.649,-8.351,-17.733,40,31.76
469577,-436.523,479.492,-107.422,1.756,3.969,1.076,-138.184,-805.176,-184.082,-4.733,6.290,10.794,52,31.76
469608,-606.934,352.539,-214.355,1.710,5.382,9.427,-205.078,-697.266,-184.570,-7.160,2.634,21.382,53,31.76
469639,-1090.332,366.211,-158.203,-3.160,6.046,9.977,-227.051,-994.141,-256.348,-10.046,-1.595,4.252,53,31.76
469670,-1075.195,388.184,-208.008,2.427,1.718,5.969,-139.160,-1089.355,-204.102,0.687,1.603,-4.794,53,31.76
469701,-773.926,408.691,-206.055,1.351,9.099,10.557,-162.598,-909.180,-205.566,-10.389,0.092,10.626,63,31.76
469732,-940.430,352.051,-162.109,-2.191,7.267,6.695,-228.027,-958.008,-294.434,-11.328,-1.641,5.756,58,31.76
469763,-878.906,433.594,-146.484,-7.305,7.374,4.718,-247.559,-1004.883,-334.961,-4.718,-14.550,4.992,199,31.76
469794,-931.641,356.445,-126.465,-18.511,2.130,9.893,-159.180,-1144.531,-227.051,13.214,-17.206,8.084,958,31.76
469825,-918.945,229.004,-159.180,-12.779,-3.458,0.122,-139.648,-1293.457,-270.996,18.672,-15.267,37.229,1389,31.76
469856,-872.559,443.848,-248.535,-14.840,-3.198,3.740,-53.711,-1194.824,-391.602,2.534,-25.611,57.656,1234,31.76
469887,-898.926,375.000,-269.531,-23.611,-0.061,14.641,-61.035,-975.586,-148.437,-10.160,-29.267,65.473,1109,31.76
469918,-867.187,496.094,-175.293,-19.160,4.137,18.344,-417.969,-1224.609,-302.734,-11.313,-21.802,82.237,1017,31.76
469949,-907.715,488.770,-218.750,-19.725,-1.214,11.901,-446.289,-926.758,-265.137,-10.344,-26.695,90.076,717,31.76
469980,-914.062,477.051,-177.734,-18.931,-3.931,10.000,-482.422,-876.953,-315.918,-12.893,-26.603,89.733,728,31.76
470012,-891.602,451.660,-158.691,-17.473,-2.939,-0.023,-616.699,-920.410,-210.937,-6.160,-22.183,91.267,601,31.76
470044,-883.789,494.141,-149.414,-17.832,-5.878,-10.870,-585.937,-832.031,-178.223,-7.496,-22.351,92.420,697,31.76
470075,-847.656,437.500,-97.168,-19.969,-2.962,-18.710,-533.203,-902.344,-104.004,-13.038,-22.374,96.328,843,31.76
470106,-954.590,545.410,-71.777,-19.038,0.282,-25.237,-741.699,-799.316,-210.937,-12.550,-16.305,102.145,739,31.76
470137,-870.117,467.285,-97.168,-20.107,-3.351,-32.847,-766.113,-632.324,-237.793,-17.687,-19.924,112.466,701,31.76
470168,-1007.812,457.031,-231.934,-15.664,-6.435,-39.389,-677.246,-1052.734,-180.664,-18.901,-20.389,108.496,729,31.76
470199,-923.828,375.488,-166.504,-11.130,-1.695,-48.038,-795.410,-818.848,-245.605,-13.084,-20.000,113.092,887,31.76
470230,-217.773,535.645,-132.324,-17.153,2.229,-52.756,-645.020,-583.496,-197.754,-20.305,-12.725,112.969,888,31.76
470261,-895.020,279.297,-99.609,-11.542,-0.832,-61.542,-751.953,-574.219,-209.473,-18.183,-10.198,110.504,810,31.76
470292,-1008.789,294.922,-172.852,1.908,-5.870,-61.191,-409.668,-1134.766,75.684,-6.969,2.260,113.595,763,31.76
470323,-893.555,140.625,-147.461,9.626,-6.809,-64.779,-750.000,-375.000,-145.508,-8.115,3.053,110.267,866,31.76
470354,-930.664,50.781,-129.395,11.679,-7.496,-62.214,-700.195,-233.398,-154.297,-3.947,2.985,101.847,1739,31.76
470385,-981.934,178.223,-217.285,14.115,-2.153,-65.618,-895.020,-274.902,-74.707,-1.382,6.389,104.466,1116,31.76
470416,-957.031,60.059,-11.230,10.954,1.954,-66.183,-767.578,-126.953,-44.922,-6.779,1.550,93.855,1501,31.76
470447,-971.191,226.562,-173.340,-10.328,5.809,-69.672,-973.633,-52.734,-114.258,-21.053,-7.344,103.298,999,31.76
470478,-910.645,41.504,-163.086,-24.595,3.786,-68.344,-719.238,-176.758,-253.418,-40.824,-4.000,80.107,1107,31.76
470509,-1033.691,62.500,-158.691,-15.977,-0.183,-56.527,-865.723,-374.023,-335.449,-25.901,-7.092,77.489,1129,31.76
470540,-940.918,-162.109,-233.887,19.069,-1.229,-43.489,-777.832,-288.086,-191.895,-1.198,4.397,53.023,1459,31.76
470571,-978.027,-189.941,60.059,16.092,3.931,-17.656,-914.062,-321.289,-124.512,12.267,0.534,22.824,2553,31.76
470602,-982.422,-2.441,-98.145,14.481,2.863,-3.382,-937.012,-43.457,-121.582,15.130,0.397,12.824,3707,31.76
470633,-1031.250,28.320,-100.586,-0.763,4.740,-0.099,-990.723,38.574,-213.867,-4.252,5.481,1.824,2789,31.76
470664,-982.422,-42.969,-100.098,-1.710,3.901,2.328,-957.520,-141.602,-168.457,-4.107,7.099,-2.244,1911,31.76
470695,-987.793,-45.410,-103.027,-1.229,3.977,8.962,-940.430,-107.910,-215.332,1.099,6.618,-14.664,2079,31.76
470726,-971.680,16.602,-134.277,1.718,3.237,14.511,-942.383,-32.715,-205.078,4.718,4.420,-22.840,1448,31.76
470757,-964.355,47.363,-150.391,-8.252,8.863,14.237,-917.480,-37.109,-244.141,-4.412,5.672,-31.626,1335,31.76
470788,-985.840,62.500,-99.121,-11.916,8.779,19.252,-919.434,-66.895,-261.719,-0.977,5.344,-47.771,941,31.76
470819,-979.004,23.437,-153.809,-9.802,5.443,27.656,-901.855,-112.305,-290.527,-3.107,6.809,-60.878,1343,31.76
470850,-984.863,-157.715,-182.129,-14.374,4.145,37.176,-822.266,-123.535,-310.059,-1.962,6.954,-81.351,967,31.76
470881,-996.582,82.520,-179.687,-13.786,1.206,40.550,-870.117,-184.082,-276.855,0.359,4.962,-86.458,850,31.76
470912,-1023.926,52.246,-209.473,-10.649,4.160,45.519,-742.187,-375.488,-294.434,7.733,4.977,-102.977,823,31.76
470943,-861.816,-166.016,-53.223,-15.206,6.298,52.496,-875.977,-98.145,-113.770,11.076,-9.031,-116.183,767,31.76
470974,-1022.949,425.293,-159.180,-16.046,4.366,59.527,-824.219,-553.223,-179.687,12.763,-6.366,-112.809,743,31.76
471005,-1064.941,215.820,-193.359,-4.397,4.557,71.107,-581.543,-458.496,-145.508,22.481,2.206,-123.137,809,31.76
471036,-808.105,116.211,-25.879,1.603,3.038,73.969,-536.621,-702.637,-242.187,21.183,2.336,-136.916,667,31.76
471067,-1056.641,392.578,-232.422,2.115,2.496,74.511,-987.793,-491.699,-68.359,14.908,-0.817,-123.443,925,31.76
471098,-987.305,180.664,-212.891,6.718,2.160,54.893,-782.227,-411.621,-328.613,5.580,10.427,-130.061,1324,31.76
471129,-891.602,276.367,-218.750,9.023,-0.550,51.458,-572.266,-872.070,-141.113,21.336,10.756,-116.618,1264,31.76
471160,-1048.828,471.680,-187.988,24.305,-6.679,38.985,-916.016,-783.203,-273.437,28.855,21.718,-102.603,1243,31.76
471191,-942.871,512.207,-195.801,26.313,-11.053,32.786,-729.980,-579.102,-174.316,25.878,25.557,-105.916,1103,31.76
471222,-824.219,402.344,-67.871,26.015,-10.878,19.725,-581.055,-870.117,-162.598,26.710,26.481,-110.198,1032,31.76
471253,-930.176,368.652,-81.055,21.198,-7.023,14.282,-557.617,-1004.395,-241.699,24.748,26.351,-101.435,1499,31.76
471284,-896.973,430.664,-241.211,16.565,-6.878,8.420,-411.133,-917.480,-242.676,23.863,24.763,-97.023,1103,31.76
471315,-917.969,399.414,-188.965,17.824,-10.634,8.160,-253.418,-896.973,-206.543,26.344,22.038,-89.382,1096,31.76
471346,-926.758,422.363,-125.000,17.908,-11.359,15.565,-339.355,-1098.633,-203.125,24.305,21.473,-84.931,1086,31.75
471377,-903.809,425.293,-140.137,15.573,-6.214,11.710,-368.652,-936.035,-165.527,21.015,15.389,-76.115,878,31.75
471408,-843.750,444.824,-206.543,10.168,-4.771,8.656,-384.766,-1203.125,-244.141,25.198,26.282,-69.870,714,31.75
471439,-857.910,558.105,-210.449,8.076,-1.832,-0.817,-573.730,-1436.035,-442.871,5.733,15.565,-47.244,547,31.75
471470,-976.074,614.258,-184.082,6.198,-1.489,-17.985,-450.195,-1238.281,-191.895,3.527,5.008,-5.817,296,31.75
471501,-907.227,347.656,-128.906,8.359,-10.290,-25.130,-136.230,-977.539,-190.918,8.107,12.183,5.473,172,31.75
471532,-983.398,194.824,-120.605,8.153,-11.382,-18.221,169.434,-801.270,-0.977,7.542,8.618,-1.542,383,31.75
471563,-894.531,226.562,-166.992,17.092,-11.489,-5.183,93.750,-1074.219,-62.012,7.550,10.565,-1.718,465,31.75
471594,-925.293,316.406,-122.559,16.031,-9.702,7.252,-71.777,-855.469,-72.266,5.458,19.916,-8.489,542,31.75
471625,-799.805,352.051,-99.609,10.435,-3.725,10.405,-16.602,-1574.219,-238.281,10.221,7.450,-22.580,419,31.75
471656,-791.504,481.445,-92.773,5.550,7.733,2.794,-717.773,-1064.941,32.227,-10.427,-1.672,-17.977,287,31.75
471687,-894.043,573.242,-68.359,-2.832,15.443,-11.511,-805.176,-906.250,-160.156,-14.328,-7.656,-7.664,185,31.75
471718,-848.145,545.410,-191.895,-9.206,16.794,-13.595,-389.648,-996.582,-107.910,-18.710,-16.550,-5.092,127,31.75
471749,-931.641,360.352,-140.137,-11.473,23.221,-14.916,-67.383,-940.430,-147.461,-17.802,-19.076,-6.489,90,31.75
471781,-904.785,249.023,-179.687,-10.740,23.832,-10.015,23.926,-957.520,-182.617,-17.908,-15.817,-4.893,71,31.75
471812,-902.832,250.977,-219.238,-10.534,17.870,-1.076,17.578,-1017.090,-214.844,-17.809,-10.824,-5.069,60,31.75
471843,-895.508,340.332,-216.797,-4.244,15.924,3.191,-90.820,-1019.043,-274.414,-16.573,-5.489,0.160,150,31.75
471874,-918.945,346.680,-235.840,-8.550,13.702,2.115,-234.863,-909.180,-324.707,-13.443,-6.191,-3.107,459,31.75
471905,-961.914,195.312,-58.105,-22.580,8.916,-5.069,-17.090,-1261.719,-482.910,9.405,-22.565,-0.015,2616,31.75
471936,-858.887,155.762,-280.273,-30.115,1.389,-2.221,269.043,-1489.746,24.902,8.214,-24.305,39.336,3711,31.75
471967,-769.531,566.895,-223.145,-4.160,-0.847,23.298,-208.496,-764.648,-338.867,-7.405,-9.977,54.374,3708,31.75
471998,-902.344,399.414,-267.090,-17.038,2.481,24.557,-227.051,-1158.691,-149.414,-16.321,-21.481,70.427,3067,31.75
472029,-899.902,496.094,-190.918,-10.382,5.038,23.802,-371.582,-1229.492,-289.062,-6.603,-11.122,89.290,2219,31.75
472060,-911.621,459.473,-209.961,-12.794,4.618,16.305,-514.648,-932.617,-270.020,-14.786,-12.916,99.008,1973,31.75
472091,-894.043,518.555,-187.988,-13.626,3.534,3.023,-623.047,-907.227,-292.969,-18.298,-20.756,98.450,1447,31.75
472123,-916.992,504.883,-175.781,-13.298,1.359,-3.809,-541.016,-1124.512,-280.273,-19.313,-18.260,103.153,1319,31.75
472154,-919.922,436.035,-222.168,-11.740,1.656,-21.550,-735.352,-660.156,-291.992,-9.168,-17.718,106.695,1235,31.75
472185,-847.168,468.262,-218.750,-15.626,-3.901,-35.466,-601.562,-1003.906,-366.699,-15.557,-17.420,105.359,1051,31.75
472216,-844.238,429.687,-175.293,-11.099,-7.817,-40.229,-541.992,-395.996,-250.000,-25.015,-16.366,111.115,943,31.75
472247,-999.512,407.227,-70.313,-6.489,-7.267,-54.130,-961.914,-1062.012,-369.629,-9.580,-10.550,122.450,742,31.75
472278,-893.555,306.152,-176.270,-6.511,-8.107,-62.183,-728.027,-539.062,-193.848,-3.481,-12.015,130.206,1000,31.75
472310,-940.918,277.344,-157.227,-3.794,-8.099,-70.008,-729.004,-439.453,-174.805,-12.542,-9.092,125.618,995,31.75
472341,-927.246,154.297,-98.145,-3.634,-6.351,-71.542,-676.758,-449.707,-241.699,-12.557,-11.160,129.145,1015,31.75
472372,-886.719,237.305,-175.781,-4.489,-5.305,-76.214,-811.523,-449.219,-175.781,-13.916,-14.153,118.511,1715,31.75
472403,-963.379,126.953,-152.344,0.115,-1.985,-87.053,-674.805,-330.566,-188.965,-13.214,-4.023,115.038,1959,31.76
472434,-929.199,128.906,-96.191,9.260,-0.160,-84.351,-722.168,-325.684,-142.090,-10.672,1.313,111.977,2185,31.76
472465,-1038.574,227.051,-57.129,6.794,1.924,-85.786,-797.852,-258.301,-154.297,-7.260,-5.679,111.321,1629,31.76
472496,-970.215,-77.148,-70.313,-6.878,2.809,-72.954,-689.453,-205.566,-115.723,-22.725,-8.282,87.313,1629,31.76
472527,-970.703,-11.719,-160.156,-20.397,-0.038,-61.351,-754.395,-292.969,-217.773,-34.840,-9.359,68.252,1337,31.76
472558,-974.121,-267.090,-208.008,-16.588,3.191,-41.603,-751.465,-461.426,-308.105,-24.893,-8.260,40.176,1559,31.76
472589,-976.562,-208.496,-185.059,-3.855,3.267,-16.916,-828.125,-529.297,-247.070,-2.458,-3.359,16.748,1143,31.76
472620,-988.770,-131.836,-73.730,13.634,1.595,2.359,-930.176,-213.379,-136.230,15.038,1.435,9.733,1418,31.76
472651,-967.285,11.719,-123.535,11.427,2.962,1.229,-967.285,20.996,-199.707,5.053,3.916,1.244,1420,31.76
472682,-978.516,174.316,-152.344,-17.580,1.794,6.397,-946.777,110.352,-285.156,-25.031,2.130,-17.725,826,31.76
472713,-980.469,-76.660,-147.949,-21.443,4.687,5.046,-954.102,-155.273,-281.738,-24.611,-0.656,-27.489,569,31.76
472745,-1000.000,-92.285,-175.781,-16.626,3.298,3.962,-943.848,-302.734,-212.891,-13.756,0.046,-27.588,345,31.76
472776,-983.887,-158.203,-197.266,-3.191,4.687,9.427,-890.137,-284.180,-248.047,-6.053,8.702,-43.496,589,31.76
472807,-964.844,-62.500,-172.363,0.389,2.336,20.023,-809.082,-288.574,-301.758,2.954,8.427,-54.962,359,31.76
472838,-964.844,13.672,-177.246,-1.084,2.290,25.450,-809.082,-307.129,-292.480,9.641,6.282,-69.557,435,31.76
472869,-910.645,-99.609,-54.199,-9.809,6.748,38.832,-744.629,-344.238,-316.406,9.000,4.763,-88.344,455,31.76
472900,-979.492,-146.973,-214.355,-12.771,1.969,48.092,-685.059,-410.156,-265.625,8.931,2.176,-88.885,355,31.76
472931,-1068.848,73.730,-244.141,-3.336,-3.038,64.573,-493.164,-687.012,-204.102,16.221,8.573,-103.947,358,31.76
472962,-1078.613,-52.246,-428.223,23.542,-4.802,78.969,-334.961,-937.988,-270.508,48.763,7.847,-117.611,413,31.76
472993,-997.070,199.219,-113.281,30.122,-5.427,84.969,-810.547,-481.445,-247.559,53.916,8.382,-111.527,537,31.76
473024,-1035.156,342.773,-257.324,11.137,-4.756,78.458,-906.738,-240.723,-212.891,24.763,8.527,-101.962,667,31.76
473055,-960.449,249.512,-45.410,13.664,-0.511,64.053,-744.629,-718.750,-221.680,21.008,4.832,-114.863,853,31.76
473086,-948.730,248.535,-139.648,19.962,-7.817,61.000,-892.090,-695.801,-234.863,27.084,14.618,-100.328,702,31.76
473117,-1031.250,402.832,-211.914,16.160,-3.962,46.870,-703.613,-440.430,-109.863,19.244,16.443,-101.870,743,31.76
473148,-1151.367,92.773,17.578,28.076,-6.046,43.397,-660.156,-833.984,-217.285,27.565,16.153,-100.679,735,31.76
473179,-903.809,276.855,-72.754,14.298,-2.389,29.275,-723.633,-686.035,-296.875,18.542,16.000,-97.924,637,31.76
473210,-942.871,336.426,-140.625,9.954,-0.679,22.710,-487.305,-895.020,-189.453,18.046,18.664,-104.649,789,31.76
473241,-900.391,382.324,-156.738,18.725,-3.847,20.519,-425.293,-941.406,-226.562,23.740,21.229,-94.878,1259,31.76
473272,-907.227,423.828,-176.270,22.000,-9.771,15.313,-547.363,-994.141,-228.516,24.351,21.015,-86.214,1221,31.76
473303,-958.984,426.270,-133.789,20.679,-7.656,9.626,-536.621,-953.125,-230.957,23.817,21.618,-84.084,1125,31.76
473334,-938.965,407.715,-166.504,13.969,-7.580,3.969,-328.125,-990.723,-227.051,21.153,15.817,-78.824,1305,31.76
473365,-907.715,392.578,-154.297,9.000,-3.382,1.679,-268.555,-1018.066,-223.633,19.282,14.366,-70.321,827,31.76
473396,-927.246,363.281,-215.820,11.130,-6.191,0.679,-208.008,-1180.664,-28.809,29.885,30.542,-57.237,551,31.76
473427,-995.117,562.500,-68.848,14.458,-0.641,-3.107,-490.723,-1503.418,-470.703,14.198,17.656,-42.634,390,31.76
473458,-924.316,432.617,-142.578,1.298,5.038,-11.695,-478.516,-1341.309,-109.375,-2.527,-2.832,-22.290,217,31.76
473489,-817.871,197.266,-126.465,-0.534,1.802,-19.305,-311.523,-1193.359,-138.184,4.168,1.061,-5.863,134,31.76
473520,-945.312,232.422,-127.930,6.382,0.908,-24.374,-0.488,-826.660,-118.652,-0.290,2.824,-4.931,111,31.76
473551,-858.887,251.953,-232.910,5.916,1.405,-13.947,402.832,-1208.984,-21.484,-6.809,12.443,-7.412,124,31.76
473582,-1085.938,214.355,-112.793,8.977,0.817,-2.374,45.898,-692.383,-155.762,-0.435,9.992,-9.153,136,31.76
473613,-932.129,339.355,-129.883,12.954,-0.519,9.473,-207.031,-975.098,-214.844,-3.573,7.748,-7.641,92,31.76
473644,-912.109,347.168,-157.227,4.344,0.534,8.389,-385.742,-982.910,-219.238,-7.038,0.863,-9.573,165,31.76
473676,-928.223,416.504,-130.859,-4.046,8.618,-3.977,-361.816,-1035.645,-196.289,-6.489,-6.420,-2.809,137,31.76
473708,-901.855,344.727,-168.457,-7.740,10.947,-9.893,-219.727,-952.637,-166.016,-6.466,-7.695,-3.901,120,31.76
473740,-892.090,302.734,-218.750,-5.977,8.466,-5.695,-129.883,-956.055,-182.129,-6.374,-7.618,-6.198,116,31.76
473771,-920.898,273.926,-201.172,-4.756,7.336,-6.290,-71.289,-982.910,-208.984,-8.031,-7.542,-5.534,82,31.76
473802,-921.387,285.156,-210.937,-5.137,6.588,-3.992,-77.148,-1009.277,-211.914,-4.130,-4.183,-0.863,71,31.76
473833,-935.059,300.781,-198.730,-3.542,0.924,-2.893,-109.375,-1001.465,-231.445,-0.817,-0.878,1.931,58,31.76
473864,-925.781,291.016,-214.355,4.618,-2.153,3.580,-103.516,-1008.301,-182.129,0.359,3.145,3.809,56,31.76
473895,-955.566,292.480,-191.895,4.145,-6.130,7.985,-76.172,-1004.395,-170.410,1.931,6.489,5.092,191,31.76
473926,-917.480,290.039,-152.344,7.145,-3.511,8.756,-134.277,-867.187,-168.945,2.405,5.122,6.237,759,31.76
473957,-939.453,127.930,5.859,-4.802,-2.725,-1.466,19.531,-1351.074,-239.258,13.779,-6.099,7.916,2083,31.76
473988,-813.477,227.539,-102.539,-24.565,-0.321,8.061,133.301,-1455.566,30.762,1.344,-22.504,48.298,3707,31.76
474019,-856.934,462.402,-189.453,-23.580,10.496,24.489,-200.195,-901.855,-159.668,-19.229,-32.656,67.855,3711,31.76
474050,-937.988,454.590,-254.883,-28.626,16.924,28.588,-299.316,-1293.457,-192.383,-30.366,-36.817,85.649,3066,31.76
474081,-889.160,422.852,-261.230,-24.160,13.015,26.641,-406.250,-1135.254,-320.801,-19.916,-28.069,111.527,2295,31.76
474112,-911.133,487.793,-228.516,-20.817,5.244,17.084,-666.992,-719.727,-494.629,-22.397,-33.649,106.687,1455,31.76
474143,-967.285,401.367,-196.289,-26.969,2.214,-0.695,-562.500,-965.820,-304.199,-25.595,-32.466,104.282,1129,31.76
474174,-851.562,456.543,-185.547,-17.817,0.840,-10.718,-589.355,-847.656,-246.094,-12.489,-26.374,112.427,873,31.76
474205,-956.055,447.266,-169.922,-17.855,-5.069,-23.840,-751.465,-721.191,-190.918,-16.794,-24.092,113.122,917,31.76
474236,-871.094,466.797,-137.207,-16.519,-3.542,-32.244,-727.539,-753.418,-142.578,-18.733,-23.237,122.718,1000,31.76
474267,-893.555,386.230,-101.074,-16.634,-3.221,-45.534,-817.383,-686.523,-185.547,-23.115,-22.160,124.916,903,31.76
474298,-956.055,402.344,-155.762,-22.962,0.573,-57.779,-758.301,-602.051,-114.746,-23.015,-19.115,135.565,1135,31.76
474329,-1005.371,345.215,-100.098,-20.176,2.069,-67.832,-698.242,-500.000,-163.086,-25.221,-17.893,138.092,1065,31.76
474360,-959.473,164.551,-158.203,-19.061,5.115,-76.336,-720.703,-434.082,-157.227,-27.122,-9.710,137.023,1851,31.76
474391,-987.793,291.992,-226.074,-11.321,-2.672,-79.542,-736.816,-303.223,-153.809,-30.084,-7.305,125.000,1245,31.76
474423,-981.934,53.711,-69.336,-7.481,3.382,-91.008,-693.359,-588.379,-252.930,-18.695,-4.634,124.618,1380,31.76
474455,-1001.953,143.066,-180.664,7.863,-0.359,-86.351,-745.117,-334.961,-98.145,-14.023,-2.794,128.107,1311,31.76
474486,-1028.320,86.914,-111.816,3.824,0.504,-82.244,-663.574,-323.730,-192.383,-14.695,0.779,110.481,1198,31.77
474517,-952.637,117.676,-49.316,-0.092,2.511,-67.107,-680.664,-285.645,-189.941,-14.443,-4.756,87.542,989,31.77
474548,-979.492,-215.820,-96.680,-1.336,2.481,-41.511,-782.227,-287.109,-219.727,-12.168,-4.214,58.153,1018,31.77
474579,-948.242,-136.719,-166.016,-5.137,2.481,-21.595,-841.309,-353.516,-260.254,-9.252,-1.573,34.244,1259,31.77
474610,-972.656,-39.551,-135.254,6.756,2.855,-7.611,-931.641,-203.125,-190.430,3.824,0.137,24.725,1111,31.77
474641,-1003.906,-44.434,-176.270,11.313,4.771,-9.756,-933.105,-46.387,-246.582,7.840,5.756,11.664,1051,31.77
474672,-979.980,-62.988,-101.074,4.260,3.885,-2.282,-959.961,-69.336,-226.074,1.687,2.168,-1.824,1170,31.77
474703,-992.187,36.133,-152.344,-6.824,3.832,-4.458,-940.918,-94.238,-223.145,-5.252,2.634,-8.954,1335,31.77
474734,-966.797,-110.352,-177.734,-7.802,2.099,6.206,-915.039,-185.059,-255.371,-6.771,4.924,-24.031,1247,31.77
474765,-963.379,-16.113,-140.137,-5.374,3.031,13.443,-890.137,-222.168,-255.371,-0.947,3.351,-35.038,1257,31.77
474796,-984.863,29.297,-160.645,2.947,2.695,18.382,-932.129,-144.043,-270.020,6.115,1.908,-43.366,915,31.77
474827,-972.656,-25.391,-183.105,-2.069,5.076,20.252,-862.793,-136.230,-291.016,3.962,6.206,-53.908,1019,31.77
474858,-983.398,-9.766,-117.676,-15.198,5.786,26.908,-838.867,-275.391,-268.066,-6.542,3.916,-73.420,632,31.77
474889,-993.652,-55.176,-152.832,-8.725,2.954,35.275,-773.437,-388.672,-255.859,8.519,3.580,-77.969,509,31.77
474920,-1027.832,87.402,-204.590,7.275,-2.977,46.137,-713.379,-505.859,-259.277,17.557,8.588,-86.916,869,31.77
474951,-937.500,47.363,-87.402,9.573,-2.489,58.237,-676.270,-558.105,-256.348,27.275,8.389,-100.847,633,31.77
474982,-964.844,55.664,-141.113,21.038,-6.534,65.000,-727.539,-490.723,-187.988,41.305,5.802,-103.656,571,31.77
475013,-1006.348,-31.738,-179.199,13.611,-0.802,70.840,-636.719,-366.699,-120.117,36.557,11.687,-110.046,679,31.77
475044,-941.406,175.293,-81.543,4.603,0.382,72.611,-690.430,-562.012,-202.637,24.580,3.618,-118.122,658,31.77
475075,-998.535,264.160,-185.059,9.687,1.504,75.115,-874.023,-398.926,-132.324,16.992,5.038,-110.725,743,31.77
475106,-1021.973,341.797,-139.648,-4.137,1.153,63.458,-782.715,-396.484,-261.230,2.695,-0.969,-115.931,1117,31.77
475137,-979.004,358.398,-173.340,1.527,5.466,55.802,-590.820,-744.141,-106.934,9.901,6.061,-114.473,861,31.77
475168,-907.715,247.559,-130.859,12.809,5.137,47.969,-656.250,-751.465,-349.121,18.779,11.954,-114.137,1141,31.77
475199,-919.922,406.250,-145.996,5.817,5.779,39.649,-689.453,-676.270,-208.984,12.672,9.916,-110.802,1197,31.77
475230,-961.914,462.402,-216.309,11.985,3.221,25.153,-622.559,-809.570,-243.164,22.359,18.435,-110.863,1381,31.77
475261,-764.648,393.066,-234.863,24.008,-5.893,26.244,-452.637,-983.887,-287.598,28.832,18.275,-102.969,1845,31.77
475292,-876.953,284.668,-227.051,29.565,-12.550,23.878,-411.133,-926.758,-370.605,29.221,33.328,-98.290,1717,31.77
475323,-920.898,477.539,-163.574,24.679,-13.756,16.740,-521.484,-902.344,-193.359,29.252,31.153,-92.466,1421,31.77
475354,-856.445,467.773,-181.152,17.359,-7.885,5.634,-167.969,-941.895,-87.891,25.000,27.275,-92.870,1071,31.77
475385,-878.418,493.164,-188.965,12.115,-2.275,7.298,-40.039,-1011.719,-178.223,30.092,36.244,-81.130,764,31.77
475416,-971.191,420.898,-192.871,18.908,-1.076,8.069,-397.461,-1253.418,-488.281,10.313,29.565,-54.023,491,31.77
475447,-867.187,581.543,-166.992,6.351,-0.221,-0.664,-717.773,-1720.703,-348.145,-4.397,0.595,-16.458,269,31.77
475478,-824.707,334.961,-110.840,5.351,0.420,-20.748,-481.445,-1136.230,-37.598,4.870,4.153,4.893,164,31.77
475509,-875.000,372.559,-138.184,5.771,-6.916,-24.076,-49.316,-754.883,-190.918,5.779,4.817,2.405,147,31.76
475540,-934.570,154.297,-216.797,3.641,2.420,-16.420,122.070,-552.734,-110.840,1.794,4.893,-10.969,115,31.76
475571,-910.645,246.582,-142.578,9.802,0.351,-8.290,364.258,-1342.285,-83.496,-0.122,9.069,-6.275,99,31.76
475602,-926.270,351.562,-169.922,8.489,0.802,2.092,-169.922,-933.105,-162.109,0.351,7.191,-12.244,126,31.76
475633,-898.437,481.445,-118.652,3.252,3.160,1.405,-389.648,-1006.348,-238.770,0.305,4.137,-15.756,126,31.76
475664,-934.570,445.801,-193.359,1.962,2.443,-5.214,-474.121,-378.418,-141.113,4.588,-6.130,-3.733,109,31.76
475695,-903.809,369.629,-167.969,-3.771,7.137,-12.794,-313.965,-992.187,-233.887,-1.252,-1.595,-5.527,93,31.76
475727,-898.437,307.129,-146.484,-3.511,5.351,-14.588,-54.199,-954.590,-135.742,4.168,0.053,-8.221,166,31.76
475758,-881.836,273.437,-185.059,-1.740,5.145,-7.481,0.488,-1008.301,-172.363,-1.305,-0.809,-6.634,109,31.76
475789,-903.809,288.574,-182.617,-4.840,10.313,-0.817,-19.531,-968.750,-189.453,-5.351,-3.550,-0.969,79,31.76
475820,-902.344,301.270,-163.574,-9.443,9.145,-0.298,-99.609,-963.379,-179.199,-5.733,-9.351,-0.695,70,31.76
475851,-910.156,342.285,-181.152,-9.611,10.374,4.527,-142.578,-961.426,-141.602,-9.527,-6.153,2.573,325,31.76
475882,-915.039,329.590,-182.129,-3.458,7.931,6.695,-251.465,-854.004,-151.367,-10.565,-5.954,0.969,1325,31.76
475913,-1011.719,289.551,39.551,-18.870,2.924,-5.160,-52.246,-1740.234,-589.844,-0.779,-31.092,5.229,2708,31.76
475944,-878.418,323.242,-301.270,-26.000,0.466,6.198,322.266,-1100.098,64.453,6.015,-18.550,65.443,3711,31.76
475975,-991.699,499.512,-155.273,-24.573,10.641,22.412,-152.832,-1282.227,-429.687,-20.702,-29.573,56.183,3707,31.76
476006,-892.090,376.465,-302.246,-22.084,3.412,26.137,-158.203,-1228.516,-144.043,-12.267,-24.122,81.779,3711,31.76
476037,-906.738,503.418,-246.582,-15.458,1.076,26.008,-517.090,-1150.879,-410.645,-10.733,-15.626,103.832,2701,31.76
476068,-892.578,503.418,-166.504,-20.313,-0.008,16.954,-655.762,-867.676,-338.379,-20.992,-28.542,111.290,3062,31.76
476100,-883.301,514.160,-201.172,-24.099,4.038,-1.038,-681.641,-946.777,-223.633,-26.389,-33.160,105.107,2571,31.76
476131,-863.281,513.672,-153.320,-26.038,0.366,-12.687,-781.738,-852.051,-184.082,-18.565,-34.450,113.977,2096,31.76
476162,-792.969,470.215,-171.387,-29.382,-0.374,-24.466,-652.344,-572.266,-311.523,-18.794,-28.031,118.321,1912,31.76
476193,-758.301,365.234,-248.535,-20.221,-3.809,-42.481,-738.281,-799.805,-279.297,-24.786,-23.366,124.901,1353,31.76
476225,-961.914,335.449,-64.941,-18.618,-8.198,-56.840,-610.840,-606.934,-226.074,-19.122,-23.382,133.405,1765,31.76
476256,-976.562,478.027,-50.293,-12.725,-9.939,-66.145,-771.973,-680.176,-213.379,-17.511,-17.977,134.916,2024,31.76
476288,-1097.656,217.285,-191.406,-12.847,-9.130,-80.290,-762.695,-374.512,-147.461,-20.046,-12.260,141.832,1701,31.76
476319,-981.445,371.094,-147.461,-3.321,-7.473,-91.786,-729.004,-422.363,-190.430,-20.092,-10.992,133.382,2015,31.76
476351,-977.539,152.832,-167.969,2.321,-2.924,-96.290,-577.148,-472.168,-152.832,-11.183,-2.931,130.351,2099,31.76
476383,-895.020,265.137,-106.445,16.542,-5.840,-99.153,-743.164,-464.355,-222.168,-4.443,-3.702,130.878,2554,31.76
476415,-1039.551,111.328,-121.582,15.252,-6.107,-97.580,-741.211,-283.203,-43.945,-14.069,0.725,141.046,2454,31.76
476446,-916.992,46.875,23.437,2.313,1.122,-89.580,-681.152,-298.340,-52.734,-14.267,-7.099,113.260,2851,31.76
476477,-941.895,-208.984,-19.531,-2.557,2.061,-70.847,-706.543,-317.871,-143.555,-12.450,-7.412,89.099,3719,31.76
476508,-906.738,-181.641,-250.000,-6.916,2.298,-42.405,-701.660,-341.309,-345.215,-18.779,-5.931,48.351,3213,31.76
476539,-961.914,-250.488,-260.254,-9.985,-0.328,-10.947,-865.234,-507.324,-299.316,-9.908,-3.695,24.405,3606,31.76
476570,-987.793,-36.133,-73.730,22.977,-4.214,1.656,-963.379,-128.418,-128.418,16.611,1.527,16.328,3525,31.77
476601,-1002.930,43.945,-84.473,13.427,-0.374,0.473,-984.863,148.437,-208.008,1.885,0.466,6.679,3711,31.77
476632,-1000.977,59.082,-145.996,-21.053,2.450,-5.168,-989.746,27.344,-243.652,-13.603,-0.031,-5.244,3716,31.77
476663,-1002.441,-83.008,-125.000,-20.565,4.443,-3.687,-963.379,-209.961,-227.539,-16.473,-0.931,-4.252,3663,31.77
476694,-975.098,-173.828,-131.836,-2.176,2.916,-5.099,-925.293,-352.051,-188.965,0.939,1.351,-3.885,3131,31.77
476726,-980.469,23.926,-156.250,8.305,3.771,2.985,-902.344,-163.086,-198.242,10.939,3.672,-7.000,2449,31.77
476757,-976.074,24.414,-88.867,5.260,4.748,10.802,-923.340,-47.363,-187.988,3.229,1.099,-24.977,1846,31.77
476788,-956.543,-82.520,-77.148,-14.466,3.962,20.412,-932.129,-93.750,-203.125,-12.740,3.305,-43.015,2079,31.77
476819,-957.520,-65.918,-133.301,-24.443,4.595,31.069,-836.914,-206.055,-205.078,-18.481,4.893,-58.779,1807,31.77
476850,-949.219,-110.352,-110.840,-18.435,4.809,45.137,-785.156,-301.758,-285.645,-6.290,5.427,-78.038,1195,31.77
476882,-981.934,-100.586,-217.285,-11.985,1.595,52.458,-761.719,-376.465,-258.301,0.244,5.702,-90.511,885,31.77
476914,-1025.879,8.301,-162.598,-11.282,3.160,59.115,-713.867,-321.777,-248.535,13.237,5.244,-98.595,824,31.77
476946,-973.145,-35.645,-155.762,0.794,1.824,71.214,-649.902,-445.801,-208.008,26.809,6.267,-113.618,789,31.77
476977,-949.707,91.797,-107.910,12.847,2.847,73.847,-703.613,-475.586,-254.883,40.198,7.756,-120.641,805,31.77
477008,-951.172,-6.348,-153.320,12.855,0.405,76.153,-740.234,-367.676,-166.992,31.122,7.588,-124.534,1245,31.77
477039,-1062.988,587.891,-263.184,17.435,-3.794,73.359,-922.852,-480.469,-211.914,19.328,12.916,-112.817,869,31.77
477070,-951.660,319.336,-161.621,22.359,-2.450,66.473,-439.941,-451.660,-87.891,31.954,22.771,-125.527,1309,31.77
477101,-812.500,433.594,60.547,32.122,-3.840,63.679,-750.000,-881.348,-308.594,33.939,18.504,-126.870,1391,31.77
477132,-1025.879,407.715,-102.051,2.137,6.725,53.466,-1133.301,-468.262,-194.824,4.160,12.855,-114.198,1430,31.77
477163,-994.141,345.703,-154.785,-0.313,13.252,30.641,-595.215,-545.898,-87.891,7.389,9.115,-123.748,1423,31.77
477194,-843.750,468.750,-233.398,11.603,7.817,33.000,-566.895,-841.309,-218.750,12.611,11.634,-114.275,2015,31.77
477225,-898.926,393.555,-212.402,15.282,3.267,23.664,-581.055,-972.168,-291.992,16.061,14.733,-105.176,1567,31.77
477256,-903.320,420.410,-143.555,16.099,-0.588,13.130,-647.461,-890.137,-353.027,21.542,20.847,-103.420,1507,31.77
477287,-930.664,390.137,-216.309,14.046,-2.130,-0.321,-431.152,-1004.883,-329.102,21.534,22.130,-98.580,1709,31.77
477318,-932.617,429.687,-223.145,14.924,-6.099,-2.145,-349.121,-1101.563,-311.523,22.282,22.992,-91.824,1784,31.77
477349,-938.477,409.668,-218.262,17.695,-11.863,-5.053,-307.617,-992.676,-224.121,27.481,26.649,-82.137,1353,31.77
477380,-880.371,382.812,-202.637,20.443,-18.351,-1.351,-234.863,-1212.891,-101.563,32.160,38.275,-77.718,1033,31.77
477411,-868.652,474.121,-185.547,20.244,-13.214,-6.221,-426.758,-1234.863,-306.641,23.870,32.466,-54.359,563,31.77
477442,-893.066,479.492,-118.652,14.107,-6.443,-14.244,-520.508,-1414.063,-241.211,5.580,11.321,-24.702,299,31.77
477473,-821.777,234.863,-128.906,9.702,-5.267,-26.435,-435.059,-1148.926,-94.238,5.893,10.489,-5.863,169,31.77
477504,-999.023,233.398,-58.594,7.870,-4.412,-32.267,-16.113,-797.852,-65.918,15.305,16.153,-8.656,148,31.77
477535,-885.254,300.781,-178.711,6.557,-0.511,-18.763,156.250,-990.234,-75.684,0.779,3.840,-9.099,178,31.77
477566,-957.031,145.508,-118.164,12.290,-0.366,-6.634,21.973,-976.562,-89.844,3.267,6.214,-9.672,266,31.77
477597,-933.105,317.383,-141.602,7.137,1.580,4.534,-82.520,-979.004,-97.656,0.252,6.076,-20.076,388,31.76
477628,-939.941,299.316,-114.258,2.145,3.802,3.443,-264.160,-1073.730,-185.059,-2.466,0.931,-11.298,307,31.76
477659,-912.598,394.043,-181.641,-0.733,2.977,-3.573,-274.414,-1118.652,-129.883,1.710,-1.550,-2.496,373,31.76
477690,-938.477,311.523,-165.039,-0.046,0.985,-5.321,-177.734,-962.402,-177.734,0.450,3.221,-5.672,563,31.76
477721,-928.223,294.434,-185.547,1.008,4.206,-5.527,-78.613,-988.281,-156.250,3.221,2.328,-2.053,1039,31.76
477752,-905.273,226.074,-161.133,-2.061,0.580,1.107,-36.621,-961.426,-144.043,2.008,2.496,0.214,651,31.76
477783,-886.230,185.547,-160.645,1.634,4.076,1.863,-59.082,-933.105,-130.859,-4.137,-1.802,3.214,365,31.76
477814,-907.715,369.629,-106.445,-8.664,6.527,6.908,-200.195,-959.961,-151.855,-5.618,-7.397,0.817,231,31.76
477845,-906.738,360.840,-166.016,-13.153,13.450,9.053,-168.457,-981.445,-89.844,-4.855,-8.099,3.557,237,31.76
477876,-936.523,301.270,-106.445,-12.695,10.611,11.031,-121.094,-965.820,-80.566,-11.359,-6.099,3.389,539,31.76
477907,-925.781,81.543,-146.973,-12.137,14.992,10.718,-169.434,-952.637,-270.996,-15.115,-19.710,-1.779,2765,31.76
477938,-1005.859,130.371,86.914,-32.969,12.107,-8.168,86.914,-1810.059,-87.402,-12.763,-43.084,25.611,2951,31.76
477969,-589.844,285.156,-522.949,-23.626,7.473,25.992,29.785,-681.152,-204.102,-22.695,-30.504,55.008,3719,31.76
478000,-1073.242,456.055,-183.105,-29.183,12.527,30.656,-101.563,-1423.828,-264.648,-27.794,-36.718,67.489,3717,31.76
478031,-870.117,353.027,-302.734,-19.344,7.710,33.573,-104.980,-1196.289,-325.684,-12.198,-16.206,88.550,3711,31.76
478062,-854.492,510.254,-205.078,-16.489,2.168,32.305,-507.324,-1071.289,-351.562,-21.160,-18.229,105.855,3609,31.76
478093,-922.852,509.766,-209.961,-17.504,-0.450,22.588,-554.687,-948.242,-292.480,-18.718,-22.954,110.252,2839,31.76
478124,-877.441,541.016,-180.176,-16.397,-3.634,9.618,-736.328,-997.070,-297.852,-24.443,-24.870,119.809,2571,31.76
478156,-908.203,485.352,-189.453,-20.275,-0.679,-8.198,-690.918,-832.031,-235.840,-14.557,-25.168,129.847,1599,31.76
478187,-892.090,465.332,-117.188,-18.061,-4.130,-23.641,-788.086,-769.043,-254.883,-17.985,-24.458,131.023,2349,31.76
478218,-864.258,496.582,-146.973,-14.244,-5.389,-41.511,-926.758,-759.766,-250.000,-18.534,-24.550,137.710,2439,31.76
478250,-889.160,573.730,-129.395,-17.740,-4.282,-61.252,-953.125,-517.090,-211.914,-22.466,-20.153,145.435,2539,31.76
478282,-917.969,424.805,-119.141,-15.359,-3.893,-89.168,-834.473,-539.062,-186.035,-19.916,-15.458,153.427,2796,31.76
478313,-992.676,327.148,-184.570,-10.664,-2.443,-105.931,-815.430,-350.098,-135.254,-20.351,-11.397,161.198,2019,31.76
478345,-910.645,77.148,-164.551,-4.206,-1.573,-120.557,-685.059,-246.582,-220.215,-18.046,-4.992,157.198,2635,31.76
478376,-927.734,82.520,-261.230,6.084,-4.611,-129.351,-558.594,-196.289,-112.793,-27.710,0.939,158.076,3705,31.76
478407,-969.238,94.238,15.137,5.489,-4.901,-127.427,-655.762,-303.223,-162.109,-26.908,-6.153,148.206,3707,31.76
478438,-1018.555,-180.176,-22.461,-3.008,0.145,-109.687,-601.562,-377.930,-9.766,-27.656,-10.824,129.580,3709,31.76
478469,-915.039,-301.270,-20.996,6.985,2.298,-90.237,-627.441,-509.766,-159.668,-8.893,-10.038,105.763,3711,31.76
478500,-871.582,-359.863,-275.391,0.878,-1.160,-50.046,-739.746,-498.535,-349.609,-11.855,-2.878,57.099,3710,31.76
478532,-945.312,-376.465,-222.168,5.504,1.206,0.099,-872.559,-604.004,-343.262,0.382,1.885,9.176,3288,31.76
478563,-1073.730,-55.664,95.703,20.313,1.504,12.168,-997.070,-44.434,-72.266,20.916,-3.038,5.130,3709,31.76
478594,-998.535,182.129,-204.590,-2.328,2.176,5.557,-996.582,406.250,-309.570,-6.115,-1.229,4.031,3725,31.76
478625,-1029.297,-18.555,-249.023,-36.191,1.450,-5.771,-986.816,99.609,-372.070,-40.137,-3.321,-11.061,3711,31.77
478656,-962.402,-188.965,-42.480,-26.679,-3.183,1.702,-916.992,-351.074,-198.730,-27.168,-3.656,-21.557,3333,31.77
478687,-950.684,-196.777,-139.648,-11.137,-2.992,16.489,-889.648,-378.906,-178.711,-2.802,-4.435,-28.313,3705,31.77
478718,-939.941,-62.012,-141.113,-2.382,-1.931,29.885,-881.348,-155.273,-208.984,1.031,5.053,-38.473,3701,31.77
478749,-956.055,-159.668,-138.184,-17.099,2.893,43.824,-782.715,-133.789,-200.195,-11.626,6.076,-71.427,2745,31.77
478780,-868.652,-48.828,-165.527,-34.588,6.443,63.924,-688.477,-225.586,-268.555,-16.634,1.985,-99.824,2404,31.77
478811,-1018.555,9.277,-93.262,-25.176,7.786,76.412,-837.402,-336.914,-198.730,-2.863,-0.244,-113.626,1973,31.77
478842,-1067.871,-74.707,-254.395,-0.168,-1.382,83.397,-641.602,-424.805,-206.055,23.802,8.649,-121.786,1147,31.77
478873,-927.246,-108.398,-176.758,5.191,0.275,95.191,-484.863,-455.566,-154.297,39.489,10.542,-140.221,1194,31.77
478904,-1000.000,367.187,-180.664,20.733,-1.298,99.771,-667.969,-520.020,-100.586,45.893,5.382,-129.382,1267,31.77
478935,-979.980,463.867,-216.309,29.473,1.687,92.565,-805.176,-390.625,-225.098,40.183,21.939,-134.870,1925,31.77
478966,-915.527,115.723,20.508,14.496,1.122,76.580,-625.000,-565.430,-327.148,29.214,20.137,-144.847,2459,31.77
478997,-997.559,554.199,-296.387,22.496,-0.382,71.458,-1050.293,-714.355,-116.211,22.015,18.947,-122.237,2731,31.77
479028,-987.305,548.828,-166.504,29.718,-5.756,51.557,-841.309,-412.598,-135.254,27.573,28.305,-125.122,2004,31.77
479059,-868.164,301.270,-118.652,28.366,-2.916,38.557,-665.527,-737.793,-206.055,24.252,23.107,-133.809,2302,31.77
479090,-903.809,345.703,-131.836,22.573,-2.656,27.344,-758.301,-938.477,-238.281,23.374,27.168,-119.954,2374,31.77
479121,-919.434,460.937,-153.809,20.145,1.382,9.321,-653.809,-888.672,-220.703,20.672,28.450,-115.550,1804,31.77
479152,-897.949,466.309,-187.500,21.076,0.183,-1.847,-463.379,-927.734,-270.508,26.931,26.817,-115.901,1661,31.77
479183,-782.715,257.812,-100.586,20.382,1.290,-3.443,-351.074,-1163.574,-261.230,21.389,29.641,-110.275,1383,31.77
479214,-939.453,438.477,-253.906,19.389,-8.176,-4.443,-337.891,-992.187,-326.172,21.695,27.305,-96.885,1230,31.77
479245,-932.129,390.625,-210.937,19.748,-11.534,-9.992,-140.625,-1290.039,-129.883,37.382,35.771,-94.183,952,31.77
479276,-849.121,458.984,-290.039,22.565,-10.931,-10.649,-389.160,-1343.750,-390.137,21.740,35.176,-61.511,498,31.77
479307,-913.086,454.590,-165.527,13.336,-6.496,-20.748,-569.336,-1598.145,-360.840,13.931,13.046,-21.924,281,31.77
479338,-919.434,163.574,-6.348,15.145,-10.305,-35.710,-492.676,-1053.711,-55.176,25.366,21.947,-19.015,175,31.77
479369,-884.766,429.199,-131.836,12.504,-12.756,-35.847,85.938,-902.832,-14.160,22.115,19.214,-10.115,111,31.77
479400,-903.320,73.242,-58.594,8.038,-7.221,-16.466,169.434,-999.512,-120.117,9.397,4.885,-11.626,287,31.77
479431,-807.617,65.430,-185.059,14.908,-0.496,-5.496,280.762,-916.992,-98.145,2.802,14.183,-9.733,312,31.77
479462,-1017.578,346.191,-28.809,8.099,1.748,-0.198,-143.555,-911.133,-95.703,-0.626,9.557,-19.023,356,31.77
479493,-1147.949,368.652,-175.781,-0.397,3.802,6.809,-261.230,-1158.203,-45.410,1.748,2.069,-12.420,456,31.77
479524,-776.855,445.312,-144.043,-1.992,7.679,3.000,-287.598,-1024.902,-154.785,-8.344,4.115,-0.718,379,31.77
479555,-864.746,495.117,-146.484,-2.992,11.015,4.626,-201.660,-953.613,-127.441,-10.290,-7.298,3.023,287,31.77
479586,-730.469,682.617,-155.762,-9.427,17.779,28.695,-70.313,-901.855,-131.836,-14.885,-9.260,12.260,233,31.77
479617,-666.016,438.965,-172.852,-11.748,17.397,51.840,9.277,-868.652,-115.234,-17.786,-8.809,20.168,143,31.77
479648,-693.848,58.594,-179.199,-13.908,19.229,58.382,-53.711,-779.785,-62.012,-23.656,-10.137,36.191,751,31.77
479679,-2000.000,-1441.406,-173.340,-3.061,13.076,-8.489,-76.172,-1622.559,-411.621,-15.756,-5.771,-24.053,3708,31.77
479711,-221.191,875.977,-97.656,-39.481,9.420,-2.252,34.180,-1387.207,-38.086,-25.244,-51.985,47.695,3717,31.77
479742,-1352.539,178.223,-219.238,-25.710,15.359,18.275,170.410,-888.184,-100.586,-26.107,-26.885,45.031,3710,31.77
479773,-759.277,427.734,-157.227,-34.618,20.183,27.153,-163.574,-1399.414,-286.621,-20.885,-42.458,82.397,3731,31.77
479804,-927.246,451.660,-319.824,-21.374,10.458,33.229,-338.379,-1212.402,-289.062,-17.015,-19.687,94.221,3775,31.77
479835,-866.211,557.129,-312.500,-17.435,5.122,25.557,-530.762,-983.398,-417.480,-23.099,-23.229,111.084,3705,31.77
479866,-866.211,610.352,-251.465,-18.305,-3.893,14.702,-731.445,-908.203,-290.527,-24.672,-30.527,115.176,3315,31.77
479897,-871.094,579.590,-206.543,-18.053,-4.107,-3.084,-714.844,-921.387,-325.195,-25.389,-25.282,123.664,2791,31.77
479928,-876.953,564.941,-244.629,-19.580,-4.176,-19.183,-894.531,-624.023,-227.539,-16.076,-24.344,128.153,2479,31.77
479959,-796.387,651.855,-210.937,-19.588,-6.679,-38.198,-966.309,-928.711,-573.730,-12.412,-19.023,139.412,1799,31.77
479990,-825.684,427.246,-211.914,-18.321,-7.206,-55.321,-818.848,-683.594,-173.828,-18.817,-25.206,144.000,2514,31.77
480021,-853.516,506.348,-126.953,-16.267,-5.809,-74.847,-840.820,-519.531,-179.687,-20.076,-22.076,152.962,2398,31.77
480052,-922.363,437.500,-115.234,-9.695,-7.183,-90.321,-756.348,-414.551,-142.578,-21.481,-14.336,161.580,3237,31.77
480084,-979.004,486.816,-201.172,4.878,-10.565,-100.191,-824.707,-346.191,-198.242,-18.435,-3.160,152.435,3707,31.77
480115,-962.402,153.809,-195.312,20.534,-13.863,-112.664,-606.934,-280.762,-160.645,-2.710,3.878,160.931,3517,31.77
480146,-908.203,14.160,-130.859,29.168,-9.382,-114.321,-501.465,-326.172,-88.379,3.679,8.053,151.878,3719,31.77
480177,-1005.371,361.328,36.133,17.725,-2.985,-104.748,-739.258,-259.766,0.000,-5.191,-4.931,138.908,3708,31.77
480208,-931.152,-143.066,101.074,-5.069,3.130,-87.084,-637.207,-215.332,30.273,-17.290,-15.061,103.847,3711,31.77
480239,-921.387,27.344,-117.188,-35.634,3.534,-60.427,-658.203,-169.434,-322.754,-38.870,-16.076,74.321,3719,31.77
480271,-941.895,-378.418,-527.344,-39.046,3.321,-26.061,-710.937,-534.180,-450.684,-40.275,-1.985,28.443,3717,31.77
480302,-1005.371,-229.004,-66.895,4.046,1.840,6.977,-923.828,-576.660,-197.266,6.466,-2.626,9.603,3702,31.77
480333,-1011.719,100.586,-36.133,36.725,-2.168,11.763,-1036.133,207.031,-36.621,28.847,1.374,8.840,3719,31.77
480364,-996.582,240.234,-128.418,-15.832,2.015,9.779,-979.492,300.781,-259.277,-23.725,1.748,-15.038,3709,31.77
480395,-983.887,-7.812,-148.437,-32.046,1.840,9.504,-929.199,-164.551,-254.395,-31.191,0.527,-31.328,2763,31.77
480426,-982.422,-62.012,-192.383,-16.359,6.214,10.977,-875.488,-325.195,-211.426,-11.412,1.282,-30.458,2995,31.77
480457,-943.359,-104.004,-85.938,-0.198,4.008,28.191,-803.711,-266.602,-225.586,6.214,7.443,-44.809,3158,31.77
480488,-927.734,-59.570,-148.437,7.214,1.824,45.832,-783.691,-219.727,-237.305,15.366,5.656,-68.725,2300,31.77
480519,-1030.273,125.000,-161.133,-1.947,2.130,52.779,-820.312,-197.754,-244.141,7.290,10.290,-83.168,2027,31.77
480550,-994.141,110.352,-76.660,-6.527,2.145,69.679,-663.574,-327.148,-251.953,10.748,5.313,-103.931,1333,31.77
480581,-874.512,-111.328,-144.043,-0.916,4.092,78.214,-710.937,-513.184,-136.719,27.435,3.947,-109.473,939,31.77
480612,-1038.574,212.402,-151.367,-3.244,5.656,77.977,-924.805,-236.328,-191.406,23.015,5.832,-113.595,1381,31.77
480643,-971.680,340.820,-143.555,-10.237,13.321,71.603,-750.488,-265.137,-184.570,5.824,1.824,-119.504,1135,31.77
480674,-984.375,253.906,-168.945,-4.107,7.573,77.519,-692.871,-350.586,-256.348,18.160,1.756,-127.344,1787,31.77
480705,-928.711,460.449,-121.582,5.878,6.053,70.588,-835.937,-488.770,-230.957,12.290,5.443,-125.458,1693,31.76
480736,-952.637,418.945,-167.969,8.901,1.206,58.084,-812.012,-681.641,-336.914,11.817,12.550,-121.573,2217,31.76
480767,-1164.551,134.277,-288.086,16.382,-5.939,51.962,-546.387,-850.098,-291.504,24.496,20.649,-121.397,2063,31.76
480798,-806.152,592.773,-137.207,27.015,-3.618,44.298,-855.469,-741.699,-309.570,32.809,20.466,-111.710,2156,31.76
480829,-924.805,472.168,-130.859,12.603,-0.305,27.427,-776.855,-785.156,-277.344,20.802,20.954,-108.969,1709,31.76
480860,-857.422,345.215,-171.875,21.221,-6.885,23.084,-537.598,-892.090,-291.992,25.168,18.878,-107.840,2456,31.76
480891,-827.637,431.641,-181.641,18.664,-10.282,17.275,-486.816,-927.734,-292.969,26.015,24.099,-107.244,2288,31.76
480922,-966.797,597.168,-232.422,25.840,-16.748,12.450,-575.195,-961.914,-209.961,30.443,26.832,-92.954,1848,31.76
480953,-891.113,521.973,-152.832,17.618,-12.427,1.840,-406.738,-905.273,-179.687,30.397,24.870,-89.031,1719,31.76
480984,-795.898,435.059,-176.758,14.855,-10.344,0.053,-246.582,-1112.305,-209.961,26.107,22.550,-79.695,1469,31.76
481015,-790.527,450.195,-151.855,13.618,-8.420,-2.855,-259.766,-1227.051,-49.316,28.664,28.145,-71.221,1176,31.76
481046,-827.637,518.555,-162.109,19.534,-8.366,1.931,-394.043,-1092.285,-251.953,20.374,25.015,-54.046,659,31.76
481077,-870.605,469.727,-213.379,13.298,-2.588,-0.481,-546.875,-1373.535,-259.766,3.473,12.939,-29.237,350,31.76
481108,-983.398,519.043,-128.906,7.351,7.618,-16.977,-488.281,-1105.957,-132.812,8.366,4.794,-11.641,204,31.76
481139,-854.980,433.594,-182.617,-0.046,3.870,-23.527,-241.699,-1062.500,-107.910,5.924,-0.595,-9.412,143,31.76
481170,-933.105,253.906,-165.039,5.519,2.740,-18.855,104.980,-906.250,-51.758,5.046,9.718,-16.580,151,31.76
481201,-923.340,227.539,-156.250,11.420,-0.916,-9.115,15.137,-1018.066,-94.727,5.084,9.756,-10.084,265,31.76
481232,-843.262,230.957,-106.445,9.908,0.115,-5.916,-229.004,-859.375,-98.145,0.458,11.275,-13.344,314,31.76
481263,-927.246,712.891,-297.363,4.214,-4.145,3.687,-329.102,-1088.379,-155.762,-0.137,2.130,-10.130,203,31.76
481294,-1005.859,376.953,-141.113,3.908,2.809,-4.481,-287.598,-1207.520,-173.828,-0.985,2.855,-4.565,149,31.76
481325,-913.574,455.078,-183.594,-1.695,5.557,-7.038,-152.344,-948.730,-297.363,-4.420,1.382,-1.649,95,31.76
481356,-914.062,327.637,-162.598,-2.740,8.122,-6.298,-296.875,-1410.645,-32.227,-3.740,-12.107,2.733,75,31.76
481387,-911.621,337.402,-182.129,-3.664,5.611,-0.290,-109.863,-946.777,-176.270,-9.603,-6.344,-0.420,124,31.76
481418,-898.437,327.148,-204.590,-1.076,4.893,5.573,-138.184,-956.055,-127.441,-10.366,-2.443,-1.053,463,31.76
481450,-983.398,268.066,-97.656,-5.214,8.565,0.244,-245.117,-921.387,-390.625,-9.588,-10.511,-6.458,1440,31.76
481481,-916.504,500.488,44.434,-18.191,-0.679,-11.366,-280.762,-1698.730,-142.090,3.061,-30.458,15.947,2411,31.76
481512,-672.363,283.203,-480.469,-15.840,5.153,1.802,85.449,-639.160,-238.770,-16.626,-23.588,44.702,3710,31.76
481543,-966.797,392.090,-170.410,-22.275,6.504,13.214,-113.770,-1403.320,-201.172,-26.435,-28.832,50.206,3717,31.76
481574,-899.902,420.898,-208.496,-18.038,8.115,16.206,-269.531,-1156.250,-143.066,-13.695,-17.496,73.534,3525,31.76
481605,-815.918,426.758,-241.699,-15.046,6.969,13.527,-499.023,-1046.875,-253.906,-17.198,-18.206,89.519,3067,31.76
481636,-859.375,535.645,-191.406,-16.557,8.511,6.137,-658.203,-1001.953,-338.867,-21.458,-20.710,95.397,2782,31.76
481667,-911.621,539.062,-229.004,-18.275,3.702,-10.947,-667.480,-972.168,-316.406,-20.611,-24.237,100.298,2475,31.76
481698,-851.074,447.266,-246.582,-16.824,0.115,-22.611,-687.012,-972.168,-291.992,-16.565,-23.794,110.412,2446,31.76
481729,-915.527,471.191,-173.340,-15.275,-1.878,-37.855,-736.328,-831.543,-253.418,-12.824,-19.977,114.382,1580,31.76
481761,-891.602,294.434,-160.156,-14.718,-4.229,-48.023,-708.984,-633.301,-290.039,-13.473,-15.611,118.313,1209,31.77
481792,-1018.555,415.527,-17.090,-14.863,-5.092,-59.756,-736.328,-706.543,-209.473,-18.473,-17.580,127.878,1311,31.77
481823,-914.551,288.574,-17.578,-20.275,4.908,-78.313,-815.430,-466.797,-166.992,-28.336,-23.305,134.832,1363,31.77
481854,-1036.133,250.977,-213.379,-20.679,0.359,-84.947,-685.547,-529.785,-184.082,-24.061,-13.344,134.557,1423,31.77
481885,-953.613,81.543,-173.340,-9.328,-2.069,-93.908,-711.914,-442.383,-240.234,-17.603,-7.611,139.229,2053,31.77
481916,-895.508,43.457,-196.289,0.252,-3.366,-99.588,-732.422,-308.105,-266.113,-17.519,-7.122,136.267,2919,31.77
481947,-936.523,82.520,-150.879,8.588,-4.183,-106.229,-588.379,-375.000,-244.629,-16.427,1.702,133.389,2891,31.77
481978,-1021.973,-52.734,-131.348,11.969,-0.473,-100.260,-629.395,-459.473,-217.773,-13.099,0.267,118.954,3465,31.77
482010,-1028.809,159.180,-90.820,18.924,-6.397,-78.656,-663.574,-510.254,-131.836,3.405,-5.183,109.534,3711,31.77
482041,-950.684,-247.559,25.879,28.771,-2.015,-56.534,-701.172,-412.109,-68.359,17.244,-4.313,85.672,3717,31.77
482072,-882.324,-240.234,-53.223,14.405,2.748,-36.351,-738.281,-155.762,-161.133,6.427,-8.038,46.954,3711,31.77
482103,-938.965,-65.918,-214.355,-13.802,3.458,-26.031,-811.035,-203.125,-256.348,-18.473,-2.595,15.740,3704,31.77
482135,-998.535,-151.855,-134.766,-28.863,6.366,-2.420,-907.715,-422.363,-273.437,-19.244,-5.328,0.840,3173,31.77
482166,-987.793,-181.152,-189.941,2.504,4.344,0.626,-942.383,-361.816,-257.812,6.969,1.244,-0.550,2570,31.77
482197,-983.887,-130.371,-171.875,8.466,1.748,15.763,-925.293,-179.687,-227.539,12.664,3.458,-13.489,1898,31.77
482228,-927.734,-11.719,-97.656,-5.023,1.634,20.634,-918.457,-128.906,-221.680,-5.641,0.580,-26.015,1783,31.77
482260,-999.512,-95.215,-153.320,-16.305,3.794,26.962,-820.801,-319.824,-228.027,-8.962,3.542,-41.015,2277,31.77
482291,-911.621,-277.344,-111.328,-14.244,8.573,35.000,-818.848,-391.113,-261.719,1.282,4.160,-55.053,1689,31.77
482323,-1030.273,125.977,-265.625,8.618,0.130,45.893,-796.875,-351.562,-276.367,15.992,6.015,-63.702,1827,31.77
482354,-1064.453,71.777,-187.988,3.267,0.366,65.321,-658.691,-441.406,-238.770,13.496,11.229,-81.679,1323,31.77
482385,-789.551,-38.574,-82.520,13.481,-1.412,72.527,-705.566,-391.602,-215.332,32.023,9.672,-91.702,1813,31.77
482416,-1042.480,540.039,-213.867,18.290,-0.748,71.321,-1103.516,-175.293,-268.066,35.176,0.603,-83.603,1428,31.77
482447,-1050.781,595.215,-252.930,-3.321,-0.885,71.351,-697.754,-165.039,-222.168,5.695,7.122,-102.695,1419,31.77
482478,-755.371,-301.270,61.035,-8.221,6.153,69.962,-635.742,-901.367,-206.543,8.450,1.618,-114.305,1123,31.77
482509,-1002.930,46.387,-110.840,5.870,1.733,65.519,-772.461,-649.414,-187.012,22.756,3.679,-97.397,1087,31.77
482540,-1038.086,586.426,-170.410,-5.084,6.069,54.977,-805.664,-486.328,-187.988,-0.031,0.107,-88.176,1210,31.77
482571,-921.387,150.879,-79.102,3.489,2.061,46.496,-686.523,-482.910,-213.867,8.435,2.229,-98.702,2148,31.77
482602,-910.156,493.652,-141.602,3.107,0.260,45.160,-861.328,-768.066,-194.336,8.641,2.656,-101.130,1763,31.77
482633,-948.242,548.828,-167.969,3.702,5.580,39.252,-891.602,-385.254,-185.547,7.489,8.809,-92.832,1231,31.77
482664,-972.168,282.227,-196.777,0.626,6.870,25.618,-455.078,-673.828,-189.453,9.748,3.656,-113.511,1183,31.77
482695,-867.676,374.023,-214.844,12.985,1.641,23.489,-522.949,-1026.855,-216.309,19.641,16.542,-101.282,1738,31.77
482726,-947.266,382.812,-223.633,21.168,-4.756,19.107,-84.473,-833.008,-223.633,15.672,25.176,-105.244,1592,31.77
482757,-912.598,435.059,-147.461,17.664,-7.901,16.328,-445.312,-662.598,-195.801,25.038,19.947,-103.901,1779,31.77
482788,-879.883,491.211,-185.547,21.221,-8.916,10.687,-518.066,-1039.551,-169.922,24.374,19.076,-96.313,1591,31.77
482819,-901.367,434.082,-231.934,15.420,-10.267,2.099,-510.254,-854.004,-263.184,25.550,18.603,-86.954,1117,31.77
482850,-910.156,367.187,-172.852,11.168,-8.725,-1.885,-278.320,-914.551,-190.918,25.206,19.992,-92.290,1087,31.77
482881,-912.109,375.977,-234.863,13.641,-11.580,1.084,-31.738,-1317.871,-119.629,37.183,38.107,-76.557,978,31.77
482912,-905.273,440.430,-204.102,23.626,-14.397,3.595,-270.020,-1180.176,-406.738,31.626,43.282,-57.519,520,31.77
482943,-866.699,480.469,-182.129,23.198,-13.878,3.634,-547.852,-1522.949,-272.949,14.481,27.794,-22.137,279,31.77
482974,-946.777,373.047,-96.680,17.038,-19.038,-5.107,-452.148,-1212.891,-220.215,16.374,22.473,5.679,165,31.77
483005,-961.914,376.465,-62.500,13.443,-17.397,-23.695,50.293,-841.797,-126.953,18.466,17.435,6.878,105,31.77
483036,-717.285,240.234,-164.062,16.305,-21.244,-7.992,289.551,-1130.859,-76.660,17.076,20.771,-2.664,111,31.77
483067,-931.152,186.523,-117.676,21.687,-18.893,1.908,745.117,-786.621,244.629,22.916,30.542,4.473,93,31.77
483098,-942.383,358.398,-82.520,22.718,-23.198,11.687,-175.781,-896.484,-125.000,22.107,28.290,-6.908,115,31.77
483129,-892.578,419.434,-109.863,17.244,-18.809,11.420,-319.336,-1062.500,-148.926,13.206,21.046,-8.061,85,31.77
483160,-923.828,416.992,-73.242,12.305,-13.160,4.847,-455.566,-1117.188,-58.594,8.214,14.947,1.840,71,31.77
483191,-892.090,429.199,-81.543,4.733,-3.977,-3.168,-431.152,-965.332,-134.277,7.145,9.031,-0.519,58,31.77
483222,-903.320,326.172,-76.660,-0.695,-1.107,-11.863,-194.824,-932.129,-83.008,1.420,4.511,-0.137,55,31.77
483253,-947.754,321.289,-109.375,-0.824,-1.664,-12.840,-150.391,-990.234,-103.516,3.588,1.290,-5.427,51,31.77
483284,-930.664,331.055,-87.402,1.351,-1.565,-6.252,-111.816,-999.023,-131.836,1.901,-2.351,-3.420,48,31.77
483315,-949.219,324.219,-114.258,-1.336,-3.786,-3.244,-114.746,-1000.977,-112.793,2.656,-1.069,-3.473,57,31.77
483346,-925.781,325.195,-116.211,-1.298,-2.107,0.153,-163.574,-1005.859,-114.746,3.015,1.351,-2.527,51,31.77
483377,-950.195,334.473,-101.074,-2.061,-1.580,-3.855,-196.777,-974.609,-83.496,2.092,3.191,1.115,51,31.77
483408,-934.570,354.980,-83.984,-4.015,1.069,-3.916,-195.312,-988.281,-107.910,0.061,-3.290,-2.359,47,31.77
483440,-930.664,349.121,-97.168,-2.695,0.687,-2.046,-171.875,-983.398,-92.285,1.695,-0.618,-0.466,47,31.77
483471,-935.059,331.543,-92.285,-1.710,-1.275,-2.969,-170.898,-1001.953,-71.289,3.885,-0.947,1.649,49,31.77
483502,-930.176,346.191,-70.313,-1.229,2.153,-1.695,-217.285,-973.633,-86.914,2.504,1.565,0.473,53,31.77
483533,-932.129,349.121,-83.496,-0.992,-0.023,1.069,-204.102,-980.957,-68.848,-1.069,-4.580,-2.702,49,31.77
483564,-938.477,325.195,-74.219,-3.061,1.344,1.321,-186.035,-986.816,-71.289,-2.275,-2.519,-0.794,39,31.77
483595,-939.453,337.891,-88.379,-2.008,0.649,-1.244,-200.684,-989.258,-72.754,-3.992,-4.237,-2.229,47,31.77
483626,-934.570,350.098,-74.707,-4.908,5.489,-3.534,-218.750,-971.191,-86.426,-4.168,-4.573,-1.046,51,31.77
483657,-926.758,363.281,-86.914,-5.878,7.473,-4.817,-196.777,-971.680,-99.121,-5.344,-2.542,-2.053,50,31.77
483688,-937.500,319.824,-92.773,-7.809,8.695,-4.947,-160.156,-1003.418,-112.305,-5.053,-4.015,-2.504,51,31.77
483719,-939.941,324.707,-99.121,-3.466,3.603,-1.183,-172.852,-993.164,-91.309,-5.947,-4.412,-1.275,51,31.77
483751,-927.246,321.289,-108.887,-4.260,8.061,-3.885,-170.410,-979.004,-103.027,-3.519,-3.840,2.504,50,31.77
483782,-941.895,341.797,-87.891,-2.206,7.534,-1.924,-186.523,-995.605,-115.723,-5.275,-3.824,0.176,47,31.77
483813,-926.270,329.102,-106.445,-3.527,3.046,2.405,-154.785,-985.840,-101.074,-5.817,-4.435,-1.603,51,31.77
483844,-959.961,318.848,-183.105,-16.702,4.031,-1.267,-126.465,-958.984,-178.711,8.382,-17.962,-11.305,158,31.78
483875,-938.477,325.195,-170.898,-2.756,1.794,-2.496,-80.078,-1070.801,92.285,-9.237,-4.038,11.611,101,31.78
483906,-953.125,319.336,-118.652,10.321,-4.702,1.130,-60.059,-1091.797,-36.133,-14.580,18.107,-11.397,77,31.78
483937,-912.598,372.070,-70.313,7.252,-0.412,0.435,-313.477,-898.926,-258.301,-2.168,7.809,1.763,69,31.78
483968,-911.133,358.398,-85.938,-1.947,1.603,0.344,-213.379,-958.008,-87.402,-4.076,-5.603,-0.847,56,31.78
484000,-938.477,343.750,-94.727,-4.153,5.962,-1.176,-214.355,-986.328,-73.730,-1.534,-3.519,-0.748,60,31.78
484032,-934.570,344.727,-95.215,-3.893,4.901,-2.244,-211.426,-981.445,-105.469,-2.809,-2.588,2.305,55,31.78
484064,-921.875,326.660,-114.746,-3.115,5.504,0.023,-190.430,-965.332,-129.395,-5.794,-6.733,-4.313,51,31.78
484095,-1099.121,481.445,-70.313,-19.427,8.336,4.359,-243.652,-1187.012,2.930,-104.969,-52.756,149.313,69,31.78
484126,-974.609,300.293,-190.918,-9.061,4.702,-1.389,-123.047,-1022.461,139.648,-3.641,-12.229,35.321,95,31.78
484158,-938.965,301.758,-151.367,11.496,-4.824,-0.641,-169.922,-1006.348,-43.945,4.908,24.618,-1.061,77,31.78
484189,-932.129,356.934,-91.309,9.611,-8.580,1.603,-285.645,-994.629,-390.137,33.191,26.840,-5.473,79,31.78
484220,-937.988,322.754,-92.773,-0.466,-0.985,-4.977,-217.773,-939.453,-163.086,-1.817,-3.359,-3.603,85,31.78
484251,-915.039,332.520,-110.352,-5.534,4.618,-4.076,-156.738,-997.070,-69.336,-2.313,-4.015,-2.076,69,31.78
484282,-939.453,323.242,-105.469,0.832,-0.389,-0.794,-139.648,-1000.000,-92.285,1.084,-0.298,-3.374,59,31.78
484313,-914.551,328.125,-116.211,0.221,-2.076,-0.756,1999.939,1999.939,-2000.000,-250.137,-250.137,250.130,136,31.78
484344,-888.672,209.473,-124.512,-24.763,-0.099,1.473,-126.465,-895.020,222.168,27.137,-54.061,7.344,231,31.78
484375,-930.176,247.070,-209.473,1.397,-7.977,-3.466,-15.137,-1013.184,252.930,-4.802,23.489,-2.435,221,31.78
484406,-948.730,318.359,-100.586,24.275,-17.489,0.695,-142.578,-1000.000,-64.941,7.191,57.153,2.733,168,31.78
484437,-906.738,384.277,-48.828,21.740,-14.191,-3.237,-328.125,-929.199,-332.031,31.878,48.420,6.061,115,31.78
484468,-929.687,360.352,-39.551,0.809,-7.916,-2.313,-297.852,-916.992,-129.395,-0.145,-2.053,3.053,85,31.78
484499,-918.457,342.773,-70.313,-3.313,-2.076,-3.679,-189.453,-983.887,34.180,-0.595,-6.397,-4.344,70,31.78
484530,-941.895,335.937,-59.570,-1.260,2.962,-3.267,-189.453,-1014.160,-67.383,2.634,0.664,-5.031,61,31.78
484561,-919.434,345.703,-73.242,-4.611,5.992,-6.061,-178.223,-1010.742,-110.352,-2.847,-5.786,-3.458,60,31.78
484592,-937.012,303.223,-84.473,-7.527,10.137,-4.084,-136.230,-962.891,-67.383,-4.374,-5.656,-3.534,61,31.78
484623,-948.242,299.805,-111.816,-4.466,7.305,-3.809,-125.488,-1010.742,-53.711,0.183,-3.313,-2.382,57,31.78
484654,-934.570,325.195,-99.121,-2.160,5.198,-0.595,-167.969,-999.512,-94.238,-5.443,-2.672,-1.824,57,31.78
484685,-949.219,323.242,-108.398,-2.626,4.237,-0.603,-211.426,-978.516,-109.863,-2.153,-2.420,-1.481,73,31.78
484716,-961.914,348.145,-109.863,-0.534,3.405,-4.015,-202.148,-998.047,-75.195,3.084,-3.641,-7.221,76,31.78
484747,-1020.020,400.391,-99.609,-4.084,6.000,-4.863,-221.191,-964.355,-172.852,5.053,-3.870,-14.664,87,31.78
484778,-974.609,407.227,-100.586,-2.206,7.382,-1.061,-162.109,-1091.309,-120.605,0.145,-4.756,-12.908,102,31.78
484809,-1030.273,796.875,-103.027,0.908,1.916,15.107,-152.832,-1149.902,-88.379,1.763,-4.695,-8.069,111,31.78
484840,-1048.828,723.145,-149.414,-0.298,3.183,39.962,-178.711,-1115.234,-134.277,-0.275,-3.824,-7.450,110,31.78
484871,-1039.063,517.090,-110.840,-2.992,0.496,55.237,-170.410,-1077.148,-135.254,-1.328,-4.916,-8.748,93,31.78
484902,-979.004,319.824,-106.934,-5.214,-0.763,51.328,-143.066,-985.352,-115.723,1.473,-5.336,-11.954,84,31.78
484933,-874.512,170.410,-114.746,-2.977,-2.969,41.229,-98.633,-922.363,-143.066,8.076,-0.130,-10.817,99,31.78
484964,-817.871,47.852,-93.750,1.145,-4.435,25.588,-59.570,-866.699,-119.141,9.847,2.824,-11.237,150,31.78
484995,-756.836,48.828,-123.047,4.160,-7.252,10.198,-61.523,-835.449,-91.797,12.992,2.916,-10.809,107,31.78
485026,-740.723,169.434,-118.164,7.053,-7.794,-1.718,-59.082,-931.152,-24.902,8.267,8.023,-5.015,88,31.78
485057,-783.203,356.445,-171.387,3.061,-5.672,-7.229,-94.727,-967.773,-32.227,1.489,6.061,-4.130,149,31.78
485088,-911.621,474.609,-130.371,-0.275,6.198,-8.885,-115.723,-1025.391,-69.824,-3.008,-2.115,-0.885,116,31.78
485120,-1019.043,374.512,-84.961,5.740,2.802,-5.405,-73.730,-1060.059,21.484,-9.931,3.847,-3.244,398,31.78
485151,-1105.469,144.043,-62.500,13.466,-1.496,-19.740,-121.582,-1042.480,-116.699,-6.351,13.626,-18.031,811,31.78
485182,-1078.613,-176.758,-103.516,11.725,-3.519,-54.756,-142.090,-1084.961,-201.172,-4.794,12.321,-19.992,973,31.78
485213,-1120.117,-387.695,-179.687,14.847,-4.725,-99.687,-78.613,-1021.484,-52.246,-10.695,12.466,-25.687,1013,31.78
485245,-1205.566,-503.906,-156.738,19.344,-9.038,-155.878,-44.922,-887.207,-122.070,-1.626,21.076,-34.137,935,31.78
485276,-1264.160,-467.285,-164.062,22.160,-6.679,-199.763,-26.367,-861.816,-173.828,-0.565,15.336,-44.573,1164,31.78
485308,-1362.793,-373.047,-204.590,19.916,-5.504,-226.771,56.152,-970.215,-113.281,0.924,10.527,-42.092,2155,31.78
485339,-1404.297,-473.145,-187.012,17.641,-2.298,-250.137,78.613,-1122.070,-21.484,-7.130,18.397,-27.542,2136,31.78
485370,-1402.832,-596.680,-173.340,23.824,-1.084,-250.137,41.992,-928.711,-63.965,0.626,27.389,-3.977,2067,31.78
485401,-1482.910,-525.879,-157.227,21.336,1.969,-250.137,14.648,-755.859,-90.332,2.786,21.947,1.611,3082,31.78
485432,-1532.715,-630.859,-151.855,19.260,7.031,-250.137,-12.207,-780.762,-94.727,-10.275,14.466,8.008,3712,31.78
485463,-1505.859,-602.051,-171.387,12.282,13.840,-250.137,7.324,-874.023,-37.598,-28.313,14.557,11.031,3717,31.78
485494,-1553.223,-504.883,-105.469,-5.443,24.130,-250.137,8.789,-878.418,7.812,-38.031,18.466,27.412,3705,31.78
485525,-1561.523,-378.418,-16.602,-10.489,20.847,-250.137,118.652,-1046.875,-232.422,-43.389,23.160,2.282,2761,31.78
485556,-1145.020,-305.664,134.277,-18.809,11.221,-225.466,25.879,-1850.586,-466.797,-28.626,6.817,-38.771,2139,31.78
485587,-612.305,-511.230,-142.090,19.420,-1.702,-135.344,121.582,-1967.285,-116.211,34.038,-7.916,-28.817,1673,31.78
485619,-348.145,-219.238,-62.500,70.038,-1.924,-60.198,-79.102,-940.430,-146.973,73.069,2.305,-30.153,1869,31.78
485650,-215.820,32.715,-42.480,33.389,-1.496,-27.771,-136.230,-423.340,-38.086,26.565,1.137,-27.885,1769,31.78
485681,-194.336,36.621,-17.090,-26.641,0.725,11.855,-60.059,-588.867,-90.820,-35.679,-1.275,-30.427,1517,31.78
485712,-223.145,-28.809,-15.625,-47.641,6.298,58.389,13.184,-1081.543,-81.055,-50.809,-1.267,-38.244,1618,31.78
485743,-460.937,-103.516,40.527,-32.023,-1.588,122.206,112.793,-1437.500,-199.707,-25.313,-2.191,-18.786,1945,31.78
485774,-647.949,-203.613,22.949,0.130,-5.733,170.809,55.664,-1386.230,-215.820,15.000,-14.176,4.725,2107,31.78
485805,-818.359,-238.281,16.113,22.397,-13.321,220.069,151.855,-1097.168,-138.672,54.023,-20.626,19.519,1246,31.78
485836,-1123.047,-298.828,-28.809,20.802,-19.382,250.130,139.648,-958.008,-67.383,55.069,-10.244,15.305,1103,31.78
485867,-1348.145,-387.207,-67.383,18.328,-22.763,250.130,113.281,-805.176,-67.383,37.748,0.214,6.313,773,31.78
485898,-1532.715,-346.191,-109.375,1.725,-19.366,250.130,-18.066,-808.594,-158.203,21.000,-9.168,2.115,669,31.78
485929,-1559.570,-416.504,-106.934,-21.863,-13.008,250.130,-0.977,-973.145,-140.137,9.725,-20.366,10.023,838,31.78
485960,-1619.141,-624.023,-71.289,-14.992,-15.267,250.130,46.875,-932.129,-75.684,16.733,-14.733,12.618,575,31.78
485991,-1517.090,-588.379,-137.207,-16.099,-13.649,250.130,35.645,-981.445,48.828,12.336,-15.992,15.893,431,31.78
486022,-1499.512,-288.574,-144.043,-19.634,-8.504,248.672,71.777,-1022.461,-95.215,21.809,-16.656,17.901,273,31.78
486053,-1505.859,-139.160,-112.305,-22.947,-4.924,236.748,68.848,-1083.496,0.000,6.496,-23.420,27.504,302,31.78
486084,-1571.289,-154.297,-102.051,-28.977,3.206,221.305,113.770,-985.840,10.254,14.802,-24.267,20.679,251,31.78
486115,-1276.367,-231.445,-148.437,-24.336,9.420,201.824,75.684,-1093.750,0.000,23.107,-24.183,21.985,163,31.78
486146,-1233.887,-346.680,-53.711,-23.229,7.267,168.679,53.711,-950.195,-10.254,15.298,-14.618,21.160,122,31.78
486177,-1122.559,-556.152,-61.035,-15.328,1.679,118.099,9.766,-895.508,9.766,9.672,-8.794,9.573,93,31.78
486208,-937.012,-754.395,-90.332,-2.023,-3.969,49.679,79.102,-874.512,63.477,2.069,1.542,0.313,84,31.78
486239,-974.609,-512.207,-111.816,5.817,-3.901,-19.214,85.938,-657.227,10.254,-11.092,15.107,-11.641,213,31.78
486270,-915.039,-596.191,-140.137,19.855,0.214,-82.634,96.191,-772.461,77.637,-16.771,18.664,-23.672,424,31.78
486301,-892.578,-491.699,-153.320,23.557,7.450,-134.519,155.273,-875.488,-35.645,-21.183,17.603,-21.954,675,31.78
486332,-976.074,-380.859,-155.762,20.962,17.557,-174.908,80.566,-904.297,-59.082,-35.023,12.122,-8.809,839,31.78
486363,-1149.902,-376.953,-79.590,14.893,21.275,-211.046,60.547,-859.863,-69.336,-28.740,7.824,-2.916,909,31.78
486394,-1290.527,-461.914,-77.148,12.718,16.786,-244.351,47.363,-917.969,-108.887,-24.916,6.504,2.656,1992,31.78
486425,-1459.961,-657.227,-137.695,14.824,15.412,-250.137,30.273,-940.918,-117.676,-20.099,9.183,16.695,1843,31.78
486456,-1583.984,-707.031,-153.809,16.992,15.206,-250.137,-38.086,-939.453,-73.242,-23.832,19.931,40.237,1607,31.78
486487,-1887.695,-574.219,-219.727,10.115,22.443,-250.137,-3.418,-819.824,-88.379,-26.580,14.725,55.176,1517,31.78
486518,-2000.000,-410.645,-215.332,-6.557,34.145,-250.137,-47.363,-855.957,-67.871,-45.099,18.802,55.840,2460,31.78
486549,-1894.043,-559.082,-28.809,-11.649,36.359,-250.137,-109.375,-1121.094,-201.172,-51.130,26.008,48.519,2637,31.78
486580,-1867.188,-539.551,-37.598,-9.954,22.901,-250.137,-34.180,-1064.453,-439.453,-58.015,34.053,42.916,1823,31.78
486611,-1392.578,-106.445,85.449,-17.382,7.733,-244.061,-115.234,-1677.246,-473.633,-39.557,12.626,-28.718,1196,31.78
486642,-843.262,-158.691,-39.063,-7.580,3.382,-124.344,-103.027,-1947.754,-291.504,1.771,-6.206,-59.939,1010,31.78
486673,-521.973,50.293,-70.313,21.840,-2.328,-26.092,-91.309,-1510.254,-190.430,39.527,-2.954,-52.618,595,31.78
486704,-414.551,80.566,-56.152,28.496,-2.916,40.687,-203.125,-770.020,-88.867,36.573,-3.137,-48.244,314,31.78
486735,-541.504,186.523,-45.410,9.794,-0.412,91.450,-230.957,-670.898,-125.977,11.176,-9.244,-51.099,300,31.78
486766,-592.773,63.477,-55.176,-15.275,-1.885,135.298,-125.488,-940.430,-211.914,4.061,-15.855,-51.099,225,31.78
486797,-786.133,-29.785,48.340,-13.031,-2.427,175.557,-49.805,-1239.258,-228.516,10.649,-21.595,-28.237,199,31.78
486828,-959.961,-101.074,60.059,5.122,-16.687,208.260,31.250,-1208.984,-93.750,39.954,-20.008,0.412,157,31.78
486859,-1101.074,-161.621,-50.781,21.878,-23.550,243.412,12.207,-870.605,-74.219,53.305,-10.382,9.092,294,31.78
486890,-1313.477,-114.746,-136.230,8.359,-25.038,250.130,-21.973,-721.191,-146.484,36.511,-8.237,1.191,255,31.78
486921,-1474.609,-104.492,-208.008,-11.435,-20.786,250.130,-73.242,-838.867,-177.734,11.870,-14.756,-2.214,189,31.78
486952,-1552.246,-224.121,-165.527,-24.733,-10.588,250.130,-43.945,-951.172,-122.559,1.305,-30.191,0.977,507,31.78
486983,-1730.469,-425.781,-167.480,-25.191,-11.374,250.130,116.211,-928.223,-46.875,14.305,-16.458,5.740,535,31.78
487014,-1599.121,-308.105,-227.539,-13.351,-12.122,250.130,69.336,-1095.703,-191.406,27.885,-12.076,9.840,367,31.78
487046,-1532.227,-72.266,-178.223,-22.656,-10.496,250.130,60.547,-1082.520,0.000,18.061,-16.191,30.443,294,31.78
487078,-1564.453,-56.152,-151.855,-25.427,-3.366,250.130,26.367,-904.785,-101.563,24.595,-20.992,32.893,233,31.78
487110,-1545.898,-133.789,-182.617,-19.740,4.466,235.000,226.074,-947.266,33.203,23.183,-13.672,27.015,191,31.78
487141,-1270.508,-583.496,-161.133,-16.031,2.763,198.687,48.828,-1046.387,0.488,13.580,-8.489,30.176,132,31.78
487173,-869.629,-1215.820,-105.957,-2.427,16.031,113.664,-18.066,-1023.926,-37.109,17.511,-14.603,41.061,112,31.78
487204,-1070.801,-1061.523,-62.500,-3.183,-3.092,15.405,95.215,-485.352,77.148,-2.107,8.901,0.282,93,31.78
487236,-1023.437,-798.828,-137.207,8.023,-12.947,-77.618,122.070,-559.570,-46.387,-10.031,21.786,-37.214,107,31.78
487268,-907.715,-570.312,-205.566,18.221,-5.969,-140.809,163.086,-1038.574,68.359,-20.344,14.595,-45.206,475,31.78
487300,-1047.363,-312.012,-91.797,21.359,1.389,-180.382,200.684,-1047.363,64.941,-33.008,16.260,-28.519,499,31.78
487331,-1200.195,-181.641,-95.703,20.794,11.298,-214.412,49.316,-966.797,-65.430,-25.573,12.931,-8.901,1124,31.78
487363,-1321.777,-234.375,-98.633,13.023,13.733,-240.947,59.570,-925.293,-17.578,-22.427,12.168,1.435,1147,31.78
487394,-1400.879,-399.414,-114.258,16.824,13.321,-250.137,-36.621,-856.445,-124.023,-18.763,11.061,10.695,1741,31.78
487426,-1573.730,-602.539,-138.184,12.008,17.924,-250.137,3.906,-1016.113,-156.738,-18.901,13.718,21.015,2039,31.78
487457,-1662.598,-522.949,-229.004,18.099,10.137,-250.137,-23.437,-989.746,-150.879,-18.351,14.878,40.511,2072,31.78
487489,-1923.340,-398.926,-209.961,7.313,21.130,-250.137,-35.645,-854.004,30.273,-28.832,13.794,61.069,2460,31.78
487520,-1895.996,-355.469,-174.805,4.069,30.672,-250.137,-139.648,-953.125,-84.961,-36.458,27.733,51.076,2173,31.78
487551,-1831.543,-387.207,-102.539,-4.275,26.763,-250.137,108.887,-928.223,-310.059,-64.580,34.863,46.969,2085,31.78
487582,-1634.277,-275.391,-15.625,-24.351,15.160,-250.137,-36.133,-1378.418,-536.133,-58.603,15.855,12.282,2190,31.78
487613,-1149.414,-272.461,50.293,-26.679,7.023,-173.504,-152.344,-1925.781,-401.367,-22.863,-2.901,-39.588,1141,31.78
487644,-694.336,-174.316,-68.359,12.000,0.672,-61.824,-138.184,-1872.070,-208.008,30.427,-4.176,-49.947,1235,31.78
487675,-459.473,10.254,-89.844,31.450,-2.321,4.366,-162.598,-917.480,-160.645,42.855,-5.947,-38.344,1059,31.78
487706,-482.910,130.859,-13.672,21.359,-7.756,54.702,-229.492,-626.953,-145.508,16.725,-2.908,-41.947,1478,31.78
487737,-528.320,98.633,-28.809,-6.626,-3.916,96.122,-182.617,-831.543,-136.230,-2.473,-9.527,-45.405,1955,31.78
487768,-615.723,-47.363,-48.340,-11.763,-4.519,139.565,-165.527,-1068.848,-209.473,4.718,-21.527,-32.916,1253,31.78
487800,-855.957,-188.477,66.895,-0.038,-16.183,176.725,-3.418,-1321.777,-217.773,30.565,-22.954,-7.565,859,31.78
487831,-1029.297,-293.945,-32.715,25.824,-29.008,216.137,83.984,-1185.547,-70.313,56.435,-11.710,8.458,573,31.78
487862,-1426.270,-139.648,-131.348,33.366,-30.214,250.130,-57.617,-797.363,-120.117,54.183,-2.008,2.115,423,31.78
487893,-1502.930,-64.453,-159.180,-1.573,-17.038,250.130,-124.023,-721.680,-134.277,23.221,-10.626,-10.664,703,31.78
487924,-1535.645,-322.266,-154.297,-23.618,-8.504,250.130,-17.578,-943.848,-158.691,1.885,-17.977,-13.656,959,31.78
487955,-1576.172,-366.699,-126.953,-16.855,-8.481,250.130,-2.930,-1053.223,-160.156,11.237,-20.366,-13.702,599,31.78
487987,-1532.227,-395.996,-129.883,-20.176,-5.954,250.130,-1.465,-1028.809,58.594,9.794,-14.840,3.511,441,31.77
488019,-1450.195,-249.512,-187.500,-16.718,-8.588,250.130,82.520,-1031.738,-41.504,22.527,-7.191,12.191,466,31.77
488050,-1449.707,-37.598,-150.391,-15.687,-3.076,245.695,-20.996,-925.293,-169.434,23.733,-11.908,21.504,357,31.77
488081,-1361.816,-48.340,-158.203,-25.183,5.153,233.855,132.812,-1031.738,-40.039,12.305,-21.786,24.672,265,31.77
488113,-1416.992,-98.145,-102.051,-24.305,11.908,223.641,166.504,-999.023,60.059,11.435,-17.084,34.435,164,31.77
488144,-1243.652,-497.070,-58.105,-19.924,5.992,185.885,30.762,-865.723,-7.324,15.748,-11.382,29.664,136,31.77
488175,-1036.133,-898.926,-87.891,-10.847,-0.527,120.359,-86.426,-1450.684,-19.043,9.420,-10.031,18.031,200,31.77
488206,-1199.707,-1151.367,-66.406,-6.382,-9.817,21.969,12.695,-459.961,19.531,-2.092,7.275,6.779,339,31.77
488237,-1061.035,-890.137,-170.898,4.450,-15.695,-68.847,96.680,-610.840,22.461,-7.405,22.435,-36.527,637,31.77
488268,-923.828,-709.473,-212.402,21.664,-9.832,-141.878,118.164,-1012.207,-13.184,-16.038,21.954,-46.641,640,31.77
488300,-1152.344,-409.668,-182.129,17.969,5.504,-192.252,67.383,-996.094,-3.906,-33.443,9.420,-26.183,874,31.77
488331,-1286.621,-362.793,-163.574,19.863,15.130,-235.450,55.664,-929.687,-17.090,-26.229,6.237,-18.351,1097,31.77
488363,-1457.520,-421.875,-182.129,16.573,21.557,-250.137,60.547,-849.121,-113.770,-18.947,11.336,-19.504,1384,31.77
488394,-1662.598,-451.172,-166.016,17.603,16.756,-250.137,25.879,-917.480,-183.105,-22.389,8.542,-11.565,2227,31.77
488425,-1755.371,-538.574,-163.574,16.237,14.061,-250.137,-86.914,-1149.902,-118.164,-28.000,11.924,5.275,1991,31.77
488456,-1839.844,-588.379,-212.891,11.290,15.336,-250.137,61.523,-955.566,-61.035,-21.183,14.443,36.763,2262,31.77
488488,-1995.117,-570.312,-305.176,18.427,23.679,-250.137,58.105,-879.883,-25.391,-20.374,21.107,41.244,1578,31.77
488519,-1875.977,-311.523,-250.000,13.252,27.160,-250.137,-37.109,-656.250,-69.336,-31.740,30.687,40.053,1317,31.77
488550,-2000.000,-293.457,-128.906,-18.244,31.733,-250.137,-79.102,-1018.555,-435.059,-71.130,29.534,7.206,1863,31.77
488581,-1421.875,-426.270,115.234,-53.427,23.031,-250.137,-6.836,-1731.445,-482.422,-70.053,6.840,-13.382,1478,31.77
488613,-958.008,-458.008,-26.367,-6.344,10.847,-184.489,16.602,-2000.000,-229.004,5.328,-0.374,-36.260,2193,31.77
488644,-529.785,-429.687,-88.867,59.542,5.710,-75.588,-143.066,-1624.512,-249.512,80.473,-1.573,-44.443,2598,31.77
488675,-276.855,-426.758,-136.230,62.305,-1.595,-46.565,-181.641,-354.004,-66.895,63.511,-2.870,-23.641,3334,31.77
488707,-193.848,-276.367,-104.980,16.931,3.725,-57.534,-139.160,-322.266,-84.961,13.008,-0.794,-29.382,2840,31.77
488739,-214.355,-405.762,-37.598,-11.939,2.695,-46.618,-12.695,-1002.441,-193.359,-2.695,-2.901,-20.191,3708,31.77
488771,-240.234,-588.379,-16.602,6.702,0.435,-25.664,33.203,-1031.738,-140.625,5.046,5.137,-0.855,3188,31.77
488802,176.270,-371.582,-22.461,23.817,3.672,4.618,-337.402,-1409.180,-26.367,27.046,-10.099,10.275,3176,31.77
488833,-283.691,-368.652,-13.672,-6.885,-0.275,21.450,469.238,-320.801,-130.859,-15.305,8.168,12.885,2297,31.77
488864,-154.785,-590.820,-74.707,-31.397,6.863,32.336,-53.711,-854.492,-69.824,-30.221,-2.908,11.863,2072,31.77
488895,-250.977,-517.090,-55.664,-37.481,3.695,56.847,67.383,-1154.297,-138.672,-36.977,-3.137,15.351,1491,31.77
488926,-439.941,-304.199,-87.402,-43.863,2.412,118.786,99.121,-1257.324,-195.801,-52.061,-5.939,-1.511,1402,31.77
488957,-779.785,-351.074,-95.215,-53.840,-1.229,204.824,173.340,-1576.660,-320.801,-40.748,-13.847,-27.038,1459,31.77
488988,-1171.875,-562.988,-70.313,-7.260,-13.115,250.130,174.316,-1756.348,-217.285,24.847,-19.260,-24.305,1147,31.77
489019,-1537.109,-561.523,148.437,39.412,-24.992,250.130,254.883,-1192.383,-187.012,79.504,-2.351,-7.947,828,31.77
489050,-1342.773,-297.852,-98.633,37.336,-29.702,250.130,-132.812,-599.121,-232.910,65.885,6.046,5.092,719,31.77
489081,-1338.867,-349.609,-180.176,-9.099,-18.290,250.130,-138.184,-506.348,-179.687,17.023,-15.573,3.519,985,31.77
489112,-1430.176,-616.211,-132.812,-26.588,-13.779,250.130,246.582,-997.070,-283.691,9.382,-17.366,1.443,853,31.77
489143,-1332.031,-454.590,-175.781,-7.725,-19.733,250.130,-11.719,-1028.320,-174.316,12.420,-17.748,5.351,485,31.77
489174,-1316.406,-305.176,-231.445,-26.802,-12.725,250.130,35.645,-1024.414,158.203,11.069,-22.305,27.031,655,31.77
489205,-1565.918,-395.996,-202.148,-14.473,-7.481,239.183,157.715,-1066.406,-237.793,26.206,0.908,29.458,435,31.77
489236,-1336.426,-94.238,-204.102,-10.336,-9.626,222.893,-57.617,-980.469,-141.602,21.626,-8.122,28.053,350,31.77
489268,-1581.543,-129.883,-189.941,-22.649,0.794,208.473,58.594,-963.379,-40.039,7.954,-10.481,22.336,529,31.77
489299,-1372.559,-314.453,-128.906,-14.260,-0.771,176.290,100.586,-1141.602,-181.152,18.641,-6.786,16.153,381,31.77
489330,-1259.766,-247.070,-100.098,-8.687,-3.840,142.817,7.812,-1104.980,-122.559,21.008,-3.015,18.908,237,31.77
489361,-1113.770,-232.422,-98.633,-11.046,-4.328,102.344,-11.230,-892.578,-10.742,17.015,-10.641,7.473,215,31.77
489392,-1091.309,-192.383,-66.895,-7.733,-5.679,62.397,54.199,-985.840,24.902,16.344,-4.718,-10.748,153,31.77
489424,-962.402,-134.277,-68.848,-1.687,-3.740,18.359,43.457,-934.570,11.719,12.168,1.290,-22.718,151,31.77
489455,-905.762,21.973,-86.914,1.863,-4.115,-13.695,31.250,-989.746,4.883,5.511,1.954,-24.366,115,31.77
489486,-926.758,155.762,-26.367,1.061,-4.626,-36.031,42.480,-865.723,-28.320,2.649,-0.099,-34.351,109,31.77
489517,-879.395,304.687,-15.625,4.992,-7.534,-47.542,71.289,-1052.246,1.465,2.863,1.466,-28.534,87,31.77
489548,-817.871,306.641,-3.418,-5.527,-7.786,-59.374,-23.437,-960.937,-1.953,3.641,2.924,-22.061,90,31.77
489579,-815.918,239.258,-5.371,-7.237,-3.802,-63.359,64.941,-947.266,3.906,-0.771,-3.084,-19.962,355,31.77
489610,-902.832,22.461,-16.602,-2.374,-6.466,-75.977,94.238,-928.711,81.055,-11.458,4.672,-17.290,584,31.77
489641,-845.215,-229.492,-108.887,7.336,-10.878,-98.130,89.844,-878.906,-46.387,-10.450,10.191,-12.557,857,31.77
489673,-924.316,-318.848,-131.836,4.008,2.374,-133.908,15.137,-903.809,-38.086,-10.977,4.519,-6.443,887,31.77
489704,-1093.262,-561.035,-103.516,5.198,6.802,-170.885,103.516,-826.172,-26.367,-16.725,4.962,1.595,1276,31.77
489735,-1229.492,-671.875,-107.910,5.710,9.603,-216.603,98.633,-894.043,-87.891,-20.084,1.649,-0.603,1339,31.77
489766,-1256.836,-809.082,-166.016,8.473,15.176,-250.137,130.371,-865.723,-18.555,-18.427,4.076,11.328,1144,31.77
489797,-1270.020,-712.402,-168.945,7.885,24.412,-250.137,77.148,-750.977,-46.875,-28.198,0.771,25.832,1719,31.77
489828,-1491.699,-775.879,-158.691,-4.107,33.427,-250.137,165.527,-936.035,-40.039,-39.588,3.840,42.092,1717,31.77
489859,-1834.473,-482.422,-101.563,2.000,31.702,-250.137,82.031,-919.922,-14.648,-46.786,10.947,56.893,1581,31.77
489891,-1858.887,-407.227,51.758,1.267,33.649,-250.137,-62.988,-1032.227,-257.324,-45.160,15.336,44.985,2539,31.77
489923,-1907.227,-282.715,3.906,14.985,1.901,-250.137,104.980,-1418.457,-437.500,-23.725,21.687,33.664,2185,31.77
489955,-1252.930,-154.297,-205.078,0.634,-7.405,-213.626,-144.043,-1601.074,-352.051,-11.931,5.313,-9.000,2187,31.77
489986,-838.379,-401.855,-92.773,-35.092,5.519,-139.870,-154.297,-1243.164,-3.906,-21.137,-13.053,-26.405,1653,31.77
490018,-569.824,-767.578,11.719,-29.267,8.221,-87.481,-61.035,-1260.742,-280.273,-16.977,-2.053,-39.328,2141,31.77
490050,-428.223,-792.480,-43.457,16.069,-1.092,-74.260,-74.219,-1087.891,-204.102,31.977,-7.832,-31.794,1526,31.77
490081,-352.051,-521.973,-72.754,41.695,-8.061,-65.908,-111.328,-847.168,-74.707,43.214,-2.962,-19.458,1523,31.79
490113,-255.371,-312.988,-92.773,14.542,-1.031,-45.313,29.297,-812.500,-186.523,13.947,-3.695,-19.153,1998,31.79
490144,-201.660,-447.754,-89.844,-13.053,-1.924,-20.870,22.461,-1006.348,-170.898,-7.893,-9.336,-11.908,1572,31.79
490176,-161.133,-645.020,-122.559,-6.725,-1.282,-1.313,58.105,-1033.203,-110.352,-0.168,-4.450,1.519,1259,31.79
490207,-137.207,-641.602,-110.840,11.916,-3.893,10.321,45.898,-842.285,-117.676,14.099,-3.160,12.565,1562,31.79
490239,-129.395,-583.984,-135.254,-2.206,-2.481,18.313,45.898,-705.566,-168.457,-7.504,-3.695,14.046,1194,31.79
490271,-227.539,-586.914,-88.867,-20.557,-2.786,31.611,33.691,-1010.254,-139.648,-22.565,-8.298,11.359,1707,31.79
490303,-333.496,-555.664,-121.094,-21.710,-0.466,60.313,45.898,-1355.957,-217.285,-20.763,-5.069,10.550,1799,31.79
490334,-578.125,-363.770,-126.953,-17.382,-2.405,130.092,100.098,-1344.727,-245.605,-20.977,-7.466,-12.733,1367,31.79
490365,-832.031,-371.094,-134.766,-18.046,-4.954,200.985,180.664,-1232.422,-242.676,5.481,-12.870,-25.244,1007,31.79
490396,-1130.371,-491.699,-34.180,6.153,-10.565,250.130,173.340,-1207.031,-143.066,34.427,-7.023,-25.351,799,31.79
490428,-1257.813,-408.691,19.531,27.939,-19.405,250.130,5.371,-999.512,-161.621,55.550,-3.130,-13.053,559,31.79
490459,-1401.367,-273.926,-45.410,24.107,-25.992,250.130,-109.375,-692.383,-226.562,48.977,-5.313,-2.496,637,31.79
490491,-1440.918,-281.738,-150.391,-4.366,-20.725,250.130,-88.379,-697.754,-115.234,22.702,-13.809,-1.786,611,31.79
490522,-1434.082,-434.082,-136.230,-13.672,-16.160,250.130,-227.539,-603.516,-40.039,10.145,-15.000,-3.939,620,31.79
490554,-1376.953,-330.078,-94.727,-8.947,-14.374,250.130,-23.926,-978.516,-109.863,17.511,-11.191,3.740,489,31.79
490585,-1295.898,-369.629,-118.164,-12.977,-9.847,250.130,64.453,-1026.367,68.359,9.733,-9.557,29.015,483,31.79
490616,-1432.617,-375.977,-181.641,-8.756,-8.962,236.954,108.887,-959.473,-126.953,19.122,-4.832,30.435,490,31.79
490647,-1390.137,-178.711,-114.258,-11.565,-7.374,215.664,46.387,-921.387,-132.324,21.260,-5.618,35.191,308,31.79
490678,-1356.445,-113.770,-115.234,-18.786,1.565,199.679,79.102,-1073.242,-4.395,8.069,-10.588,32.809,238,31.79
490709,-1353.027,8.301,-102.539,-15.015,7.321,180.290,79.102,-1112.305,24.902,13.260,-10.130,34.664,220,31.79
490740,-1317.383,-93.750,-45.898,-6.809,0.878,160.137,89.355,-1034.668,-70.801,14.183,-5.939,24.038,156,31.79
490771,-1190.918,-196.289,-38.574,-6.756,-3.389,121.809,29.297,-1000.977,-51.758,13.260,-2.794,11.603,105,31.79
490802,-1025.879,-326.660,-7.324,-6.313,-8.710,73.389,-31.250,-1006.836,8.789,11.130,-0.611,5.252,91,31.79
490834,-977.539,-488.281,-35.645,1.420,-13.832,11.366,17.578,-875.977,50.293,0.191,6.443,-5.061,214,31.79
490865,-937.500,-446.289,-77.637,2.679,-13.710,-51.641,-38.086,-870.117,-93.750,-2.916,11.489,-31.374,353,31.79
490896,-930.664,-335.449,-179.199,6.290,-4.107,-104.466,5.859,-910.156,-27.344,-12.183,6.908,-35.504,455,31.79
490927,-1058.105,-287.109,-102.539,9.290,4.878,-148.053,63.477,-1025.879,44.434,-25.008,5.710,-33.885,489,31.79
490958,-1141.602,-222.168,-62.500,14.939,8.008,-184.695,67.383,-1008.789,17.090,-17.756,13.366,-27.015,649,31.79
490989,-1275.391,-96.191,-125.000,13.947,8.023,-207.168,38.086,-885.254,-107.422,-13.321,8.145,-22.366,788,31.79
491020,-1368.652,-204.590,-94.238,12.679,13.908,-228.779,36.133,-1035.645,-59.570,-20.496,9.389,-21.481,839,31.79
491051,-1326.172,-310.547,-66.895,15.595,6.267,-248.763,40.527,-993.652,-25.879,-17.824,12.870,-5.718,1485,31.79
491082,-1501.465,-624.512,-120.605,13.885,12.863,-250.137,4.395,-937.988,-105.469,-7.092,15.924,10.809,2140,31.79
491113,-1548.828,-704.102,-201.660,17.939,9.069,-250.137,19.043,-850.098,-44.434,-12.443,20.450,20.878,2253,31.79
491144,-1555.176,-516.602,-207.520,7.908,24.038,-250.137,24.414,-553.711,-5.371,-26.962,12.725,37.695,2221,31.79
491175,-1611.816,-384.277,-92.773,-9.496,34.649,-250.137,-38.574,-304.199,-49.805,-49.389,14.718,41.924,2106,31.79
491206,-1704.102,-95.215,-132.812,-11.481,36.611,-250.137,88.379,-946.289,-123.535,-73.015,23.305,19.115,1791,31.79
491238,-1352.051,132.324,24.414,-38.924,29.099,-250.137,45.898,-1517.578,-482.910,-87.298,26.496,-2.611,885,31.79
491269,-680.176,299.805,129.883,-42.840,17.748,-149.573,180.176,-1715.820,-576.172,-52.878,3.008,-12.985,468,31.79
491300,-816.895,-57.129,81.055,-2.908,-7.374,-29.168,-110.840,-2000.000,-280.762,11.985,-8.603,-17.427,253,31.79
491331,-629.883,88.867,49.805,50.427,-16.641,63.824,-51.270,-1425.781,-260.742,71.122,-5.878,-18.725,156,31.79
491362,-674.316,208.008,-35.645,56.107,-19.374,127.679,-103.027,-958.496,-312.012,85.260,-15.588,-9.290,101,31.79
491393,-755.859,153.809,-3.906,25.015,-17.450,175.145,-106.934,-674.316,-118.652,61.282,-22.534,-10.176,135,31.79
491425,-1013.184,42.969,-16.113,1.809,-18.733,211.802,-55.664,-699.219,-82.031,24.282,-20.237,-12.626,106,31.79
491456,-1242.188,31.738,-56.641,-4.427,-17.069,250.130,42.480,-999.023,-34.668,23.527,-16.992,-13.359,163,31.79
491488,-1577.148,62.500,-63.477,2.817,-24.374,250.130,31.738,-1133.301,-83.008,32.641,-10.595,-4.519,172,31.79
491519,-1713.379,136.719,-70.313,-1.527,-23.069,250.130,-50.293,-960.937,-44.922,32.153,-4.649,6.336,119,31.79
491551,-1897.461,139.160,-117.676,-13.031,-17.366,250.130,68.359,-968.262,-168.945,21.702,-14.504,14.374,93,31.79
491583,-1965.820,27.344,-124.023,-27.947,-10.725,250.130,53.711,-861.816,7.324,8.611,-28.626,19.076,91,31.79
491614,-1646.484,-23.437,-203.125,-29.046,-4.885,250.130,-16.113,-862.305,35.156,5.672,-31.160,38.901,244,31.79
491646,-1764.648,-562.012,-208.496,-29.305,5.672,250.130,121.094,-781.250,328.125,4.214,-14.397,51.038,687,31.79
491678,-1427.734,-1036.133,-119.141,-6.672,11.046,250.130,20.508,-765.625,-202.637,13.588,12.229,50.710,622,31.79
491710,-1202.637,-1558.594,-186.035,2.809,8.298,138.550,-159.668,-1329.590,-103.027,-24.374,-1.794,25.229,779,31.79
491742,-1453.613,-1597.656,-309.570,5.466,0.832,-18.229,-418.457,-516.602,10.742,-14.122,12.634,-3.244,765,31.79
491774,-1359.863,-1330.078,-160.645,22.351,-1.229,-155.221,218.750,-1023.437,-133.301,-8.427,18.626,-48.275,2103,31.79
491806,-1458.984,-1062.500,-166.992,26.160,-2.443,-250.137,215.820,-1013.672,-8.789,-16.855,20.214,-44.878,1605,31.79
491838,-1461.914,-807.129,-224.121,35.145,-0.328,-250.137,229.004,-728.027,-55.664,-7.290,22.702,-32.053,1890,31.79
491870,-1664.063,-667.969,-277.344,32.298,10.046,-250.137,187.500,-681.152,28.809,-7.183,25.855,-23.046,1903,31.79
491901,-1572.754,-347.168,-287.598,26.145,26.916,-250.137,-267.090,-854.492,10.254,-32.137,11.893,-0.137,1943,31.79
491933,-1819.336,-222.168,-274.902,6.015,43.275,-250.137,-151.367,-920.898,18.066,-55.168,11.031,43.099,951,31.79
491964,-2000.000,151.367,-200.684,-14.496,54.397,-250.137,-85.449,-889.648,-24.414,-71.244,17.947,59.710,508,31.79
491995,-1969.727,34.668,17.578,-4.282,45.092,-250.137,-93.262,-1094.238,-312.012,-56.206,31.321,31.534,280,31.79
492026,-1861.328,231.934,240.234,-2.473,19.916,-250.137,-194.824,-1490.723,-750.488,-42.824,31.679,8.130,191,31.79
492057,-1584.961,497.070,257.812,-3.786,-8.504,-153.672,-227.539,-2000.000,-387.207,0.924,-2.481,-17.618,127,31.79
492088,-959.961,55.176,87.891,44.908,-18.947,-14.618,-102.539,-1835.449,18.066,70.763,-12.695,-24.397,104,31.79
492120,-791.992,572.754,-71.289,61.031,-13.916,108.557,-226.562,-1095.215,52.246,79.198,-13.656,-39.641,99,31.79
492151,-748.047,617.676,-133.789,15.176,-8.282,181.870,-284.668,-541.016,-104.980,32.649,-10.290,-38.634,95,31.79
492182,-1002.930,403.809,21.973,-20.885,-0.748,222.863,-332.520,-594.238,-153.809,4.718,-25.122,-28.969,136,31.79
492213,-1313.965,240.723,65.918,-26.275,-8.847,250.130,-7.812,-1141.602,13.672,8.802,-29.649,-17.397,173,31.79
492244,-1568.359,231.445,-89.355,-1.435,-19.366,250.130,44.434,-1059.570,79.102,25.450,-9.328,8.359,197,31.79
492275,-1712.891,354.004,-133.789,-6.733,-12.947,250.130,-95.703,-794.434,-162.598,12.206,-6.649,15.160,205,31.79
492306,-1915.527,164.551,-149.414,-30.061,-4.336,250.130,112.793,-1027.344,-228.027,1.336,-26.328,18.527,155,31.79
492337,-1739.258,-5.371,-160.156,-36.870,-2.053,250.130,21.484,-924.805,-17.090,0.511,-34.015,44.840,492,31.79
492368,-2000.000,-420.898,-133.789,-29.977,-7.145,250.130,-34.180,-1069.824,70.801,13.702,-14.382,49.733,902,31.79
492399,-1554.688,-981.934,-195.312,-15.328,-6.267,250.130,-153.320,-1058.594,-150.391,13.046,-1.160,50.023,840,31.79
492431,-1520.996,-1231.934,-175.781,-18.656,5.534,177.473,-107.910,-1091.309,-162.109,7.168,-0.679,46.252,1085,31.79
492462,-1439.453,-1412.109,-216.309,-7.740,0.420,52.527,-48.828,-985.352,-100.586,-4.260,-6.237,12.359,1063,31.79
492494,-1395.020,-1413.574,-243.652,-4.145,2.168,-75.298,60.547,-1070.801,-236.816,-0.504,2.626,-40.634,1079,31.79
492525,-1457.031,-1044.922,-243.164,5.626,1.183,-170.908,151.855,-957.031,-105.957,-14.542,0.733,-55.290,1067,31.79
492556,-1461.914,-768.555,-241.699,9.992,8.015,-239.893,275.391,-793.945,-179.687,-6.092,3.649,-56.176,1561,31.79
492587,-1557.129,-747.559,-224.121,17.618,11.084,-250.137,146.484,-900.391,-56.152,-15.366,6.450,-61.145,1647,31.79
492618,-1499.512,-587.402,-253.418,21.405,11.443,-250.137,80.078,-847.656,-150.391,-8.679,14.023,-43.672,1317,31.79
492649,-1629.395,-469.238,-287.598,15.855,22.198,-250.137,0.488,-922.363,-104.980,-23.992,9.550,-13.687,1181,31.79
492680,-1805.176,-298.828,-272.461,11.748,26.573,-250.137,24.902,-942.383,-132.812,-26.107,14.634,17.634,1385,31.79
492711,-2000.000,-116.699,-185.547,18.786,23.214,-250.137,10.742,-924.316,35.156,-30.924,29.809,28.656,1512,31.79
492742,-1932.129,-8.789,-156.250,30.466,18.260,-250.137,-46.387,-931.152,-136.719,-15.359,41.344,14.168,851,31.79
492773,-1410.645,162.109,-161.133,28.802,14.786,-250.137,17.090,-877.441,-230.957,-30.237,43.176,8.847,484,31.79
492804,-1291.504,262.695,11.230,-3.756,14.389,-227.214,-153.809,-1325.684,-362.793,-31.511,21.931,-8.145,268,31.79
492836,-933.594,241.699,94.727,-12.771,10.069,-127.580,-90.332,-1653.320,-217.773,-19.115,5.954,-11.489,165,31.79
492868,-702.637,146.484,34.668,15.611,1.008,-20.260,-91.797,-1693.359,-193.359,22.893,3.916,-14.550,101,31.79
492899,-660.156,198.730,92.285,37.221,-5.237,69.458,-38.574,-1155.273,-234.375,49.618,-1.550,-13.420,75,31.79
492930,-704.590,216.797,27.344,29.313,-8.366,139.595,-124.512,-968.750,-155.762,51.916,-15.420,-14.550,77,31.79
492961,-783.691,211.426,2.930,7.672,-7.511,187.542,-79.102,-793.945,7.812,34.458,-17.229,-8.115,93,31.79
492992,-1012.207,71.289,-9.766,-6.374,-5.954,232.840,30.273,-798.828,13.184,13.336,-14.145,-6.053,111,31.79
493023,-1256.836,30.762,-21.484,-10.687,-4.397,250.130,92.773,-919.434,-9.277,10.145,-15.603,0.634,201,31.79
493054,-1485.352,-42.480,14.160,-13.908,-7.374,250.130,117.188,-990.723,-103.516,11.038,-13.214,3.122,210,31.79
493085,-1709.961,-25.391,-60.059,-20.229,-7.168,250.130,-37.109,-910.645,-138.672,10.183,-20.084,9.321,231,31.79
493116,-1834.473,32.715,-147.949,-26.092,-5.473,250.130,-45.898,-992.676,-19.531,5.305,-24.870,19.466,221,31.79
493147,-1715.332,57.617,-159.668,-27.191,-3.832,250.130,-50.293,-937.500,-49.316,8.344,-21.985,32.634,221,31.79
493178,-1773.926,-38.574,-186.035,-32.382,-0.237,250.130,-69.336,-873.535,-27.344,10.718,-24.382,46.412,191,31.80
493209,-1548.340,-100.586,-185.059,-35.008,3.863,250.130,-70.313,-922.363,-84.961,17.863,-28.542,57.412,165,31.80
493240,-1641.113,-286.621,-235.840,-32.328,13.053,250.130,121.094,-1065.918,-22.461,12.725,-19.511,65.802,124,31.80
493271,-1393.555,-811.035,-205.078,-21.924,11.534,216.992,-37.109,-827.637,69.824,-0.618,-8.809,53.282,245,31.80
493302,-1483.887,-2000.000,-885.254,-38.969,12.435,88.443,-263.672,-10.742,-102.539,-5.817,12.893,44.679,617,31.80
493333,-417.480,-409.668,-1112.305,5.321,-7.511,-132.191,-186.035,-774.414,-361.328,6.679,8.359,-59.130,421,31.80
493365,-941.406,-567.871,-315.430,24.611,5.725,-188.305,199.219,-1247.070,-122.559,-25.481,6.985,-42.580,841,31.80
493396,-1343.262,-462.402,-123.535,14.084,19.832,-231.473,145.508,-750.000,-88.379,-28.183,3.557,-35.496,823,31.80
493427,-1340.332,-289.551,-92.285,13.191,22.931,-250.137,166.504,-961.914,-64.941,-23.084,7.893,-34.740,1496,31.80
493458,-1462.402,-361.816,-86.914,22.359,12.855,-250.137,-159.668,-858.398,-134.766,-8.374,15.603,-14.038,1687,31.80
493489,-1545.410,-311.523,-218.262,16.580,6.603,-250.137,-128.906,-889.160,-213.379,-14.229,9.435,3.595,1573,31.80
493520,-1801.270,-449.219,-336.914,9.206,10.221,-250.137,-107.910,-994.141,-64.453,-22.664,12.115,23.740,2141,31.80
493551,-2000.000,-414.551,-194.824,19.412,12.733,-250.137,-83.496,-1029.297,-76.172,-8.802,23.511,39.015,2596,31.80
493582,-2000.000,-347.656,-137.695,32.969,9.168,-250.137,-97.656,-1068.359,-103.027,-1.137,31.901,32.405,2719,31.80
493613,-1807.617,-85.449,-210.449,29.901,9.557,-250.137,-157.227,-1094.238,-242.187,-16.298,31.061,18.496,1933,31.80
493644,-1585.449,7.812,-47.852,-8.168,9.183,-250.137,-72.754,-1339.844,-356.934,-35.763,18.809,-19.725,1416,31.80
493675,-1195.313,-281.738,45.898,-18.496,5.366,-162.244,-43.457,-1605.957,-273.437,-19.145,-0.305,-51.328,1769,31.80
493706,-714.844,-535.645,-72.754,4.198,1.008,-96.504,-25.391,-1392.090,-68.359,17.733,-2.176,-53.679,1307,31.80
493737,-486.328,-446.777,-68.848,28.382,1.076,-75.366,-69.824,-846.680,-214.355,38.260,5.550,-38.168,2570,31.80
493768,-401.367,-256.348,-16.602,14.840,2.847,-68.802,-64.453,-511.230,-120.605,12.420,0.580,-36.679,2121,31.80
493799,-354.980,-255.859,-69.824,-20.237,8.336,-55.000,-90.332,-814.941,-92.773,-22.969,-4.916,-34.924,1161,31.80
493830,-300.781,-342.773,-51.758,-21.870,3.718,-26.740,34.668,-1177.734,-160.645,-13.786,-3.198,-22.656,1015,31.80
493862,-360.840,-260.254,-40.039,-1.878,1.038,8.015,68.359,-1150.879,-126.953,3.435,-1.466,-2.275,1582,31.80
493893,-319.824,-292.480,-55.176,5.282,-5.023,57.603,73.730,-1041.992,-183.594,9.511,-2.366,-6.534,1631,31.80
493924,-458.984,-257.812,-79.590,5.435,-4.275,98.313,72.754,-993.164,-184.570,15.748,-8.153,-6.794,1486,31.80
493955,-667.480,-220.703,-34.668,-2.863,-4.695,145.267,36.133,-1083.496,-112.793,7.221,-12.710,-9.031,1167,31.80
493986,-878.906,-331.543,7.324,-5.969,-4.198,190.191,129.883,-1134.766,-90.820,10.382,-10.076,-12.107,813,31.80
494017,-1014.648,-382.324,-16.602,10.534,-10.763,225.084,156.738,-1133.789,-104.004,36.855,-10.481,-3.878,760,31.80
494048,-1190.430,-306.641,36.133,16.740,-18.107,244.069,106.445,-1109.863,-182.617,39.076,-6.137,8.076,635,31.80
494079,-1255.859,-262.695,-135.254,10.137,-20.107,250.130,70.801,-817.871,-158.691,26.908,-8.542,14.023,629,31.80
494110,-1428.223,-318.848,-152.832,-11.962,-14.939,250.130,17.090,-723.145,-64.453,12.718,-11.389,9.527,489,31.80
494141,-1429.688,-336.914,-176.758,-6.260,-9.504,250.130,14.160,-983.398,-145.996,11.076,-13.443,4.191,453,31.80
494172,-1378.418,-280.273,-142.090,-20.908,1.069,250.130,-11.230,-1004.395,61.035,0.626,-16.023,22.206,733,31.80
494203,-1562.500,-442.871,-117.676,-16.214,-0.069,242.153,148.437,-991.211,-205.078,15.969,-5.695,20.863,853,31.80
494234,-1400.879,-352.539,-100.586,-2.023,-8.023,216.656,-63.965,-1069.824,-136.230,20.534,-3.176,17.901,471,31.79
494265,-1281.250,-212.402,-196.777,-9.160,-2.206,188.725,46.875,-1043.945,-59.082,4.885,-10.069,30.221,851,31.79
494296,-1408.691,-387.695,-53.223,-9.237,3.023,160.191,77.637,-907.227,-91.797,15.809,1.511,14.351,697,31.79
494327,-1216.797,-363.770,-52.246,5.931,-5.153,123.099,-14.648,-1048.340,-58.594,11.992,-3.550,7.473,437,31.79
494358,-1110.352,-165.527,-120.117,-7.802,3.534,80.802,95.703,-1060.059,-81.055,13.412,-1.550,2.565,301,31.79
494389,-1215.332,-156.738,-22.949,-5.740,5.397,51.740,90.332,-1030.762,167.480,0.634,0.076,-3.924,471,31.79
494420,-1051.270,-111.816,27.344,3.534,-7.443,20.389,64.453,-1016.113,-93.262,11.565,1.244,-19.176,304,31.79
494451,-925.781,47.852,-60.547,-1.496,-4.824,-2.389,25.391,-1004.883,-9.766,7.351,-3.176,-21.847,218,31.79
494482,-942.871,188.965,-40.039,-2.908,-0.618,-25.733,46.875,-883.301,21.484,6.214,-3.595,-27.519,238,31.79
494513,-911.621,240.723,13.184,-3.412,1.840,-39.595,47.852,-982.910,20.508,0.130,-0.565,-31.611,244,31.79
494544,-841.797,432.617,-78.613,-2.710,5.733,-41.565,49.805,-1050.781,34.668,0.282,-7.053,-20.168,175,31.79
494575,-878.906,497.559,-25.391,-6.427,5.992,-32.267,26.855,-988.770,-9.766,-1.443,-5.626,-17.053,489,31.79
494606,-890.625,465.332,27.344,-5.420,2.481,-24.420,47.852,-1008.301,-44.434,0.641,-8.107,-15.595,375,31.79
494637,-865.234,448.730,-34.180,-6.679,-2.954,-17.542,84.473,-1005.371,-63.477,5.924,-7.412,-15.053,342,31.79
494668,-902.344,406.738,-11.230,-6.290,-5.206,-12.191,100.098,-1026.367,15.625,4.206,-2.603,-4.809,355,31.79
494699,-862.305,404.297,-52.734,-8.023,-3.496,-9.160,71.289,-919.434,-56.641,8.947,-5.885,-5.351,247,31.79
494730,-892.578,311.035,-73.730,-7.924,-0.412,-3.771,98.633,-966.797,39.063,-0.237,-5.817,-2.366,285,31.79
494761,-928.223,226.074,-74.219,-7.664,-0.634,-6.122,68.848,-967.773,-34.180,-2.450,-5.374,-2.672,349,31.79
494792,-909.668,229.980,-97.656,-3.420,3.756,-7.611,135.742,-993.652,-0.977,-1.504,-4.237,-0.779,252,31.79
494823,-975.098,174.805,-19.531,-0.908,0.672,-15.855,113.281,-1004.883,0.488,-6.992,-0.870,-0.840,858,31.79
494854,-992.676,-5.371,-23.926,2.069,-1.511,-25.038,128.906,-1011.719,-25.879,-8.992,2.901,-0.893,1102,31.79
494886,-928.711,-259.766,-80.078,5.099,-5.023,-49.412,146.484,-940.918,-19.531,-10.603,7.321,-0.588,971,31.79
494917,-920.898,-347.168,-75.684,9.710,-1.824,-81.183,124.023,-893.066,-43.945,-11.992,8.893,1.176,1180,31.79
494948,-1016.113,-428.711,-62.012,4.427,6.733,-118.824,117.676,-886.230,-63.965,-10.237,7.916,4.435,1260,31.79
494979,-1014.160,-435.059,-76.172,4.710,9.588,-155.656,131.836,-881.348,-32.227,-16.130,4.252,3.351,1527,31.79
495010,-1043.945,-532.715,-87.402,5.840,13.221,-183.824,164.062,-885.742,-9.766,-17.435,6.328,14.305,1269,31.79
495042,-1073.730,-527.832,-96.680,5.069,17.931,-216.557,144.043,-865.234,-35.645,-20.305,5.809,22.282,1458,31.79
495074,-1161.621,-573.242,-55.664,4.962,17.794,-237.817,59.082,-946.289,-37.598,-22.664,7.489,38.542,1635,31.79
495105,-1300.781,-641.602,-50.781,3.901,18.336,-250.137,2.930,-893.555,-71.289,-25.870,6.092,53.137,2198,31.79
495136,-1602.539,-516.602,-46.387,0.733,20.153,-250.137,65.430,-895.508,-92.285,-26.160,7.405,60.435,2013,31.79
495167,-1636.719,-358.887,-125.000,-0.603,19.389,-250.137,-110.840,-1016.602,-85.449,-41.092,17.176,49.710,2575,31.79
495198,-1564.941,-406.738,-45.410,-9.588,16.237,-250.137,-51.758,-1294.434,-289.062,-37.031,14.115,41.382,2007,31.79
495229,-1494.141,-610.840,8.789,-4.885,2.794,-207.405,-66.406,-1422.363,-384.766,-23.366,11.305,24.450,1262,31.79
495260,-1071.289,-560.547,-39.551,1.008,-4.924,-150.298,-146.973,-1414.551,-172.363,1.901,-2.176,-10.733,1209,31.80
495292,-788.574,-629.395,-100.586,4.504,-2.099,-104.260,-116.211,-1146.484,-94.727,13.847,-5.489,-28.130,1067,31.80
495323,-493.164,-621.582,-125.488,-0.450,0.427,-81.229,-154.297,-888.184,-146.484,3.313,-4.252,-32.176,1254,31.80
495355,-452.637,-643.066,-77.637,-5.321,0.305,-75.290,-122.070,-843.750,-146.484,-3.916,-2.863,-25.473,895,31.80
495386,-432.617,-586.426,-51.758,-3.634,1.015,-66.588,-83.984,-992.187,-154.785,-6.038,-0.229,-19.519,923,31.80
495418,-322.754,-479.980,-87.891,6.153,-0.519,-49.130,30.273,-1102.051,-127.441,2.863,-4.160,-14.344,968,31.80
495449,-314.453,-407.715,-81.543,3.443,-2.855,-11.267,7.324,-1048.340,-164.551,5.099,-2.282,-6.985,1484,31.80
495481,-227.539,-259.766,-8.789,0.282,1.916,18.664,-7.324,-907.715,-172.852,2.176,-4.328,-8.176,1449,31.80
495512,-342.285,-412.598,-92.285,-4.969,-3.397,54.237,-29.785,-994.629,-144.043,-4.145,-6.687,-6.947,2236,31.80
495543,-430.664,-415.527,-58.105,-4.366,-3.412,91.183,38.574,-1041.016,-176.270,2.168,-9.573,-4.496,1325,31.80
495574,-584.473,-421.387,-56.641,-3.008,-7.198,126.740,14.648,-1157.227,-201.660,6.740,-11.206,-10.183,1463,31.80
495606,-737.305,-399.414,-66.895,6.069,-8.397,166.573,87.891,-1183.105,-132.812,20.878,-11.229,-14.260,1017,31.80
495638,-896.973,-441.895,-37.109,14.863,-9.015,202.794,94.238,-1109.375,-154.297,38.656,-8.374,-10.229,595,31.80
495669,-1074.707,-296.875,-64.941,18.489,-17.305,231.282,0.977,-1016.113,-135.742,35.779,-3.733,2.702,824,31.80
495700,-1235.840,-297.363,-33.203,2.115,-13.664,250.130,-39.551,-797.852,-84.473,24.908,-8.405,0.565,659,31.80
495732,-1320.801,-517.578,-136.719,-3.740,-12.802,250.130,43.457,-857.422,-73.730,13.855,-4.557,1.221,535,31.80
495763,-1325.684,-319.824,-143.555,-3.969,-9.557,246.779,-134.277,-882.324,-178.223,14.931,-12.519,3.794,571,31.80
495794,-1223.145,-466.797,-137.695,-17.687,-2.137,234.076,-51.270,-884.766,41.992,-5.527,-12.313,13.115,789,31.80
495826,-1265.137,-646.973,-127.441,-12.969,1.588,211.321,44.922,-932.129,-38.086,1.573,-4.321,16.305,764,31.80
495857,-1060.547,-613.281,-91.309,-2.092,-0.481,180.229,31.250,-976.562,-101.074,7.740,-1.573,23.847,413,31.80
495889,-823.242,-408.203,-168.457,-12.809,7.168,145.687,48.828,-894.531,-98.145,-2.977,-9.229,42.160,407,31.80
495921,-1034.180,-519.531,-117.188,-14.359,12.466,120.695,164.062,-750.488,125.000,-14.405,-1.115,42.183,519,31.80
495952,-821.289,-532.715,-117.676,2.443,12.649,92.328,95.703,-822.754,-121.094,-7.244,5.634,41.901,283,31.80
495983,-547.852,-416.992,-196.777,1.626,19.603,64.565,77.148,-804.199,-11.230,-21.626,4.656,60.908,173,31.80
496014,-930.176,-1113.281,-748.535,-14.298,37.267,34.107,-20.020,-1062.500,-175.293,-42.244,12.374,64.015,123,31.80
496045,-2000.000,1999.939,170.898,87.557,-1.656,-6.611,526.367,-2000.000,-330.566,34.321,16.664,-64.275,219,31.80
496076,539.062,59.570,-363.281,1.947,-23.641,17.504,-392.090,-316.895,-229.492,-1.168,5.115,37.779,181,31.80
496107,-625.000,664.551,-87.402,-16.336,10.275,8.420,87.402,-565.918,12.207,-15.053,-12.565,20.481,266,31.80
496138,-1629.395,368.164,47.363,3.664,-6.328,12.015,-250.488,-1154.785,16.602,30.725,6.634,-7.107,160,31.80
496169,-691.895,370.117,-212.402,9.855,-11.557,7.305,-246.582,-1041.992,-146.484,6.130,10.145,-2.214,100,31.80
496200,-958.496,249.512,-27.832,3.145,-6.305,3.573,-263.672,-927.246,-161.621,-6.855,5.496,3.298,84,31.80
496231,-1024.414,255.371,-83.496,6.992,-8.443,-2.985,-200.684,-1031.738,-87.891,9.115,1.542,-1.794,70,31.80
496262,-933.594,227.539,-73.730,1.809,-3.771,-5.611,-106.445,-1023.926,-54.688,7.405,8.527,-2.931,46,31.80
496293,-983.887,188.965,-98.145,5.924,-6.679,-9.206,-89.355,-1030.273,-104.492,6.550,11.359,-2.802,56,31.80
496324,-966.797,210.937,-78.613,6.519,-3.779,-4.313,-81.543,-967.773,-99.121,5.634,6.924,1.053,58,31.80
496355,-972.656,217.285,-59.570,8.076,-6.664,0.313,-95.703,-998.535,-84.961,6.634,4.137,1.160,104,31.80
496386,-970.703,221.680,-46.875,5.878,-7.458,-0.160,-102.051,-1018.555,-71.777,6.725,4.519,0.656,54,31.80
496417,-968.262,209.961,-53.223,4.733,-6.527,1.244,-121.094,-1000.000,-82.031,4.702,2.420,3.954,55,31.80
496448,-965.332,245.117,-40.039,0.992,-0.252,-0.244,-149.414,-991.211,-70.801,2.725,-0.191,1.206,51,31.80
496479,-958.984,229.492,-43.457,-1.939,-0.153,-2.405,-160.645,-979.980,-68.359,1.000,-2.382,-2.618,55,31.80
496510,-963.867,239.258,-53.223,-3.702,2.435,-1.931,-134.766,-1011.719,-48.340,0.374,-1.557,-0.710,57,31.80
496541,-967.773,227.539,-63.965,-2.183,0.214,-2.061,-138.672,-1003.418,-68.359,-0.557,-2.672,1.160,79,31.80
496572,-982.910,221.191,-66.895,-1.191,2.794,-0.107,-146.973,-989.258,-67.871,-1.168,-2.634,-4.046,69,31.80
496603,-976.074,228.027,-65.918,-4.863,5.824,-3.603,-161.133,-982.910,-58.594,-3.427,-4.061,-3.603,103,31.80
496634,-986.816,232.422,-41.992,-5.000,6.153,-5.359,-162.598,-983.398,-71.777,-0.275,-6.015,-2.809,183,31.80
496665,-977.539,236.328,-42.480,-9.061,8.962,-9.260,-176.758,-983.887,-135.742,3.053,-11.015,-9.878,156,31.80
496696,-1023.437,250.488,-66.406,-8.061,8.237,-6.870,-140.137,-1032.227,-82.031,-1.321,-19.893,-11.840,261,31.80
496728,-1047.363,198.242,-47.363,-10.137,7.649,-13.305,-92.285,-1046.875,-60.059,-2.473,-12.137,-11.351,373,31.80
496759,-1030.273,175.781,13.184,-4.176,2.107,-13.313,-34.668,-1049.805,-32.715,0.695,-7.954,-11.519,412,31.80
496790,-1045.410,46.875,58.105,-6.191,-6.771,-12.588,-12.207,-980.957,-46.387,6.076,-4.985,-10.954,410,31.80
496821,-1014.648,-11.230,67.383,-2.214,-15.366,-19.069,-20.020,-1058.105,-113.770,13.885,-7.107,-14.206,455,31.80
496853,-1093.262,52.246,41.992,-10.336,-24.076,-28.351,-17.090,-1107.422,-95.215,19.023,-10.458,-12.122,357,31.80
496884,-1092.285,39.551,7.812,-10.137,-27.084,-31.092,20.508,-1042.969,-23.437,24.328,-7.710,-15.626,205,31.80
496915,-986.328,84.961,-57.129,-3.519,-27.832,-29.824,0.977,-991.699,-2.441,25.397,-7.023,-12.924,137,31.80
496946,-886.719,151.367,-116.211,-11.847,-18.656,-31.443,-62.012,-898.926,13.184,17.626,-11.939,-12.168,143,31.80
496977,-769.043,173.340,-172.852,-16.122,-2.885,-27.771,-77.637,-871.094,38.086,1.611,-14.985,-5.031,104,31.80
497008,-734.375,206.543,-181.641,-20.718,14.962,-23.511,-111.816,-835.449,23.926,-14.374,-19.313,3.695,91,31.80
497039,-745.117,218.750,-166.016,-19.969,26.427,-17.160,-129.883,-862.305,-29.785,-31.084,-22.328,6.344,84,31.80
497070,-761.719,229.004,-104.492,-22.397,35.802,-12.305,-111.816,-886.719,-20.020,-36.893,-22.519,14.412,72,31.80
497102,-1150.879,34.180,240.234,-23.435,35.473,-12.489,-94.727,-1130.859,-158.203,-40.435,-17.802,12.954,46,31.80
497134,-1727.539,196.289,-201.172,-5.389,4.580,-20.115,-84.961,-1464.355,-152.344,4.710,-8.565,-12.382,59,31.80
497166,-654.297,187.500,-270.508,-19.947,9.321,3.000,-65.918,-901.855,-125.977,-17.221,-17.458,4.878,61,31.80
497198,-922.363,-33.203,-126.953,-14.374,16.992,1.183,10.742,-847.168,-32.715,-16.679,-11.191,5.183,77,31.80
497230,-1143.066,-49.805,20.996,-2.740,10.962,-5.260,-0.977,-1065.430,-133.789,-7.756,-3.435,-6.954,55,31.80
497262,-963.867,174.316,-109.863,-5.122,6.695,-3.031,-21.973,-1040.527,-128.418,-9.985,-1.992,0.649,55,31.80
497294,-1018.555,-34.180,-101.563,-3.763,3.481,3.244,-62.988,-1026.855,-93.262,-4.725,6.168,-5.939,55,31.80
497326,-976.074,80.078,-65.918,2.908,0.031,5.252,-54.688,-1001.465,-164.062,-2.718,5.588,5.977,55,31.80
497357,-993.652,90.820,-105.957,1.000,1.763,6.191,-138.672,-992.676,-190.430,-3.840,4.000,1.588,57,31.80
497388,-1024.414,41.992,-96.191,2.786,-1.458,6.321,-35.645,-1047.363,-150.879,-0.588,-0.351,6.649,56,31.80
497420,-984.375,72.754,-109.863,6.412,-5.748,7.015,-57.617,-1004.883,-140.625,5.092,5.344,8.000,55,31.80
497451,-997.559,78.125,-100.586,6.023,-6.183,6.634,-85.938,-998.535,-146.973,7.496,7.527,6.695,53,31.80
497482,-993.652,94.238,-83.984,3.740,-3.939,6.527,-96.680,-973.145,-124.512,7.740,5.687,3.817,53,31.80
497513,-988.770,70.313,-89.355,3.977,-5.496,4.336,-89.355,-993.164,-104.492,9.878,7.733,1.710,52,31.80
497544,-1021.484,57.129,-72.266,8.733,-9.511,3.313,-53.223,-1032.227,-76.660,12.450,12.817,1.664,54,31.80
497575,-1005.371,90.332,-95.703,13.542,-13.038,7.229,-78.613,-1011.719,-93.262,8.985,11.305,7.527,53,31.80
497607,-995.605,53.711,-36.621,12.229,-8.916,4.565,-23.437,-992.676,-60.059,8.595,11.855,6.672,52,31.80
497638,-988.770,105.469,-41.016,11.733,-8.473,9.550,-128.418,-1001.953,-73.242,8.969,11.099,4.817,41,31.80
497669,-985.840,127.441,-28.809,11.122,-10.244,8.595,-192.383,-995.117,-109.375,7.176,10.718,3.183,56,31.80
497700,-984.863,140.137,-62.988,9.374,-8.649,9.008,-176.758,-995.605,-98.633,6.359,7.611,1.069,55,31.80
497732,-984.863,114.746,-22.461,6.137,-6.626,4.519,-157.227,-1010.742,-87.402,5.336,5.977,-0.962,55,31.80
497764,-985.840,131.836,-41.504,1.901,-2.908,-0.008,-140.137,-990.723,-76.660,5.511,5.344,1.321,55,31.80
497796,-1006.348,116.211,-55.176,4.397,-6.137,-2.626,-100.586,-1003.906,-100.586,7.534,4.267,4.634,55,31.80
497828,-991.211,96.191,-38.086,5.779,-9.763,-0.244,-86.426,-1023.437,-82.031,8.557,6.908,-0.954,53,31.80
497860,-1001.953,101.074,-41.504,4.870,-7.176,-0.160,-81.055,-1014.648,-63.965,9.733,8.137,0.992,53,31.80
497892,-989.258,96.680,-31.738,5.840,-8.863,-0.137,-95.215,-1014.160,-49.316,8.855,5.267,2.924,42,31.80
497924,-997.070,115.234,-25.879,8.260,-11.718,1.718,-95.215,-1011.719,-37.598,10.382,7.496,3.427,53,31.80
497955,-994.141,105.469,-12.695,7.595,-9.962,-2.031,-102.539,-1009.766,-33.203,9.901,8.786,3.191,55,31.80
497986,-994.629,99.609,5.371,8.008,-7.718,-1.099,-88.867,-1001.465,-29.785,8.985,7.489,3.695,55,31.80
498017,-984.375,103.516,8.301,7.275,-5.679,-2.565,-112.793,-1005.371,-25.879,4.962,6.672,2.916,55,31.80
498048,-1009.766,101.074,2.441,5.191,-9.328,3.145,-105.957,-1007.324,-17.090,8.038,4.748,3.298,69,31.80
498079,-999.023,113.770,7.812,7.779,-6.046,1.137,-111.816,-1003.906,-16.113,5.603,3.992,2.496,54,31.80
498110,-986.816,126.465,27.344,6.298,-5.977,3.687,-125.000,-998.535,-25.879,5.603,4.053,-1.794,54,31.80
498141,-995.605,114.258,19.043,2.588,-2.420,-2.840,1999.939,1486.328,1999.939,81.779,15.298,-30.153,151,31.80
498172,-1001.465,80.078,-14.160,-6.786,-1.664,-1.573,-120.117,-963.867,43.945,5.405,-3.260,4.824,138,31.80
498203,-1004.395,74.707,-3.906,6.718,-8.099,1.649,-39.063,-1022.461,118.164,4.137,11.924,-1.351,107,31.80
498234,-987.793,190.918,56.641,14.305,-8.351,-0.473,-169.434,-1027.832,-113.770,8.168,11.550,2.290,141,31.80
498265,-985.352,131.836,62.012,4.252,-4.641,-1.176,-173.340,-961.914,-62.012,1.252,-0.092,-1.870,101,31.80
498296,-994.629,114.746,37.598,-3.389,-0.473,-5.206,-120.117,-992.187,9.277,-0.779,-3.046,-3.122,82,31.80
498327,-993.652,104.492,41.992,-5.298,6.473,-3.916,-90.332,-1010.742,18.066,-0.771,-6.176,-4.473,69,31.80
498358,-999.023,94.727,27.832,-3.847,2.634,-2.962,-67.871,-1017.090,0.000,-1.305,-3.947,-2.481,60,31.80
498389,-1006.348,160.156,2.930,-11.267,-0.794,0.962,-83.496,-1027.832,50.781,-3.137,-14.672,-5.298,196,31.80
498421,-1006.348,81.543,-23.926,-0.412,-0.153,-4.573,-28.809,-1082.520,183.105,-7.412,6.763,1.015,132,31.80
498452,-998.535,134.277,31.738,8.176,-1.779,-0.481,-147.461,-994.141,-126.953,6.748,11.290,-1.649,167,31.80
498483,-981.445,136.719,45.898,5.344,-2.878,-0.427,-173.828,-982.910,-92.285,0.947,0.870,0.679,115,31.80
498514,-984.863,91.797,35.645,-1.878,-1.160,-0.931,-80.078,-1005.859,-6.836,-4.435,-4.817,0.313,85,31.80
498545,-993.652,76.172,18.066,-4.809,0.588,-3.649,-56.152,-1010.742,45.898,-0.649,-2.679,-0.076,70,31.80
498576,-803.223,-131.348,-115.234,6.771,-3.855,-4.542,-666.016,-1485.352,-1440.918,91.954,-72.244,-68.672,229,31.80
498608,-1067.871,69.336,-10.742,-13.603,-2.931,1.992,-111.816,-1071.777,289.062,-5.336,-20.802,1.534,164,31.80
498639,-1017.578,-10.254,-46.387,7.237,-5.649,-1.550,14.160,-1086.914,220.703,-3.473,22.748,2.618,119,31.80
498670,-963.379,89.844,32.715,23.695,-8.282,-3.420,92.285,-1557.129,-379.395,-7.817,7.473,23.595,107,31.80
498701,-994.629,162.109,90.332,10.924,-4.389,-2.489,-211.914,-936.523,-137.695,3.664,8.260,4.260,98,31.80
498732,-976.562,152.832,58.594,-1.519,-1.695,-1.397,-170.410,-958.984,-12.695,-6.267,-6.580,3.038,76,31.80
498763,-1000.000,103.027,61.035,-4.374,4.618,0.870,-117.188,-969.238,81.055,-2.115,-9.427,-1.122,63,31.80
498794,-983.398,97.168,60.547,-2.855,3.550,-0.626,-86.426,-1026.855,37.598,2.298,-4.290,-1.565,58,31.80
498825,-999.023,89.355,62.500,-6.153,5.733,-4.137,-102.051,-1025.391,-4.395,-3.969,-4.267,-2.534,61,31.80
498856,-995.605,63.965,41.504,-7.947,7.107,-2.656,-62.012,-990.234,49.805,-5.840,-8.053,-0.496,56,31.80
498887,-990.723,73.730,39.551,-4.565,6.328,0.107,-52.246,-1009.277,28.809,-7.275,-4.802,-2.321,56,31.80
498918,-997.070,73.242,31.250,-1.573,4.336,3.679,-61.035,-1018.555,4.883,-5.031,-2.237,0.198,55,31.80
498949,-1017.090,66.895,12.695,-0.405,3.305,4.466,-50.293,-1028.320,-22.461,-4.969,1.893,-1.099,56,31.80
498980,-995.117,93.262,18.066,-0.107,5.519,4.779,-83.008,-1009.277,-16.113,-2.542,2.817,5.992,50,31.80
499011,-1003.418,96.191,-1.953,2.298,4.809,2.061,-81.055,-995.605,-32.227,-1.954,2.313,1.847,56,31.80
499042,-1006.836,108.398,10.254,0.824,1.023,6.565,-94.238,-996.094,-75.684,-4.718,0.824,-1.855,55,31.80
499073,-1007.324,90.332,-15.137,1.527,-2.389,8.489,-63.965,-1039.063,-18.555,-2.130,4.000,2.046,33,31.80
499104,-1004.395,94.727,6.836,6.176,-3.244,9.298,-89.844,-1014.648,-41.504,-2.023,5.366,1.481,57,31.80
499135,-1001.465,127.441,22.949,7.053,-3.130,9.267,-164.551,-977.539,-54.688,-0.290,4.466,-0.115,57,31.80
499166,-991.699,150.391,18.066,2.557,-0.733,3.374,-155.762,-1020.996,-32.227,-0.626,3.237,-0.802,37,31.80
499197,-1008.301,153.809,20.508,1.794,-1.351,4.702,-163.574,-1023.437,-41.016,0.977,3.435,0.763,57,31.80
499228,-1000.488,152.832,38.086,-1.115,0.198,3.069,-173.340,-984.863,-17.090,1.191,-0.534,2.809,55,31.80
499259,-985.840,158.691,30.762,1.786,-1.466,3.137,-177.246,-976.074,-26.855,-2.282,-4.328,1.542,51,31.80
499290,-982.422,153.320,8.301,-1.557,-2.122,2.015,-125.977,-992.676,-12.207,-0.588,-1.473,0.649,57,31.80
499322,-1000.488,134.766,28.809,-3.885,1.809,-0.397,-107.422,-1016.113,-32.715,-1.794,-1.626,1.504,56,31.80
499354,-984.375,139.648,42.969,-6.656,1.786,0.374,-127.930,-990.723,-20.508,-3.229,-3.840,-1.198,55,31.80
499385,-981.934,146.973,24.902,-4.710,4.924,-0.183,-133.789,-998.047,18.555,-3.489,-4.802,0.076,56,31.80
499416,-982.910,140.625,32.715,-3.038,1.328,4.679,-125.977,-983.887,-8.301,-3.679,-3.107,-0.435,57,31.81
499447,-976.562,143.555,31.250,-4.435,5.084,4.718,-125.488,-999.023,17.578,-6.420,-3.802,-1.351,55,31.81
499479,-993.164,158.691,36.621,-5.008,8.229,1.244,-145.508,-995.117,9.277,-4.809,-0.344,0.786,56,31.81
499510,-989.258,153.809,33.691,-3.817,6.542,3.809,-134.766,-983.887,-16.602,-7.496,-5.237,-3.183,63,31.81
499541,-989.746,143.555,14.648,-1.573,6.611,2.870,-136.719,-1003.906,-38.574,-6.405,-3.389,-2.244,55,31.81
499572,-995.605,159.180,3.418,-3.908,10.557,-1.061,-140.137,-991.699,-55.176,-6.679,-3.107,0.000,54,31.81
499603,-996.582,149.414,-8.789,-6.420,11.130,-0.389,-118.652,-1005.371,-61.523,-8.237,-2.435,-1.985,55,31.81
499634,-999.512,144.043,-20.996,-4.214,7.908,-1.580,-125.000,-1018.555,-83.496,-5.962,-5.069,0.458,51,31.81
499666,-999.512,147.949,-18.555,-4.443,5.336,-4.855,-90.820,-1009.766,-60.059,-3.405,-2.145,-0.374,51,31.81
499697,-988.281,135.742,-20.020,-3.214,3.008,-0.229,-99.609,-995.605,-79.102,-0.092,-1.595,1.336,52,31.81
499728,-1007.324,140.137,-29.785,-0.244,0.794,-3.290,-88.379,-1014.160,-72.266,0.794,2.511,-1.992,51,31.81
499759,-997.559,136.230,-24.902,5.481,-2.786,2.015,-71.289,-1019.043,-81.055,4.053,4.794,0.389,57,31.81
499790,-996.582,133.789,-4.883,5.328,-7.122,1.153,-105.957,-1005.859,-83.008,3.878,7.763,2.687,47,31.81
499821,-1002.441,151.367,7.324,7.550,-8.275,3.847,-108.398,-1006.348,-46.875,5.748,6.618,0.496,51,31.81
499852,-991.211,133.789,5.859,3.664,-3.275,2.115,-113.770,-1016.113,-25.391,9.382,5.855,-0.214,49,31.81
499883,-988.281,165.527,27.832,4.840,-6.359,5.282,-131.836,-995.605,-37.109,6.015,9.969,0.740,51,31.81
499914,-985.352,146.973,13.184,4.725,-8.359,3.008,-123.047,-1000.977,-10.742,5.893,6.962,0.489,71,31.81
499945,-981.934,166.504,25.879,3.015,-4.824,3.412,-152.832,-994.141,-9.766,6.084,1.794,4.267,53,31.81
499976,-989.746,162.598,24.902,2.183,-5.298,2.115,-127.441,-994.629,0.000,3.214,2.305,2.458,48,31.81
500007,-988.281,166.016,23.926,-0.519,0.893,0.198,-137.695,-988.281,6.836,-0.252,2.176,0.137,57,31.81
500038,-984.863,157.227,38.574,-0.725,3.099,-2.794,-148.926,-993.164,-0.977,-2.023,-1.061,3.817,47,31.81
500069,-989.258,156.250,20.508,-1.832,4.290,1.031,-128.906,-999.512,-6.836,-2.802,-2.817,1.443,47,31.81
500100,-998.535,145.508,35.156,-1.641,1.924,3.046,-112.793,-1001.953,-22.949,-2.382,-0.718,0.260,5,31.81
500131,-980.957,166.504,15.625,-0.756,2.611,2.305,-126.465,-994.629,-15.625,-1.649,-1.855,-0.321,51,31.81
500162,-986.328,171.875,15.137,-1.366,3.916,0.374,-116.699,-1009.277,-41.016,-1.305,-5.756,-3.015,48,31.81
500193,-981.934,169.922,0.488,-5.489,5.260,-2.145,-118.652,-1006.348,-30.762,-4.916,-5.733,-4.244,51,31.81
500225,-990.723,167.969,18.555,-3.595,2.718,1.435,-118.652,-1008.301,-38.574,-3.718,-3.061,-1.359,51,31.81
500256,-992.676,155.762,2.441,-2.878,2.412,1.092,-118.164,-1005.859,-50.781,-3.649,-1.832,-0.855,51,31.81
500287,-991.211,166.992,-11.230,-3.931,3.573,-2.863,-114.746,-1010.742,-40.039,-0.954,-1.931,1.168,52,31.81
500318,-984.375,151.367,7.324,-1.977,4.229,-3.031,-120.117,-1008.301,-45.410,-1.412,-1.130,3.313,52,31.81
500349,-988.770,155.762,9.277,-0.023,-2.137,-0.878,-113.770,-1021.973,-41.016,-2.092,0.038,-2.634,53,31.81
500380,-990.723,166.016,0.488,0.931,-1.779,1.718,-97.656,-1000.977,-41.504,0.740,-2.053,2.779,52,31.81
500411,-993.164,156.738,3.906,0.893,-2.931,1.511,-124.023,-996.094,-43.945,0.588,1.641,1.328,53,31.81
500442,-980.469,166.504,7.812,0.198,1.412,-0.878,-122.070,-1005.859,-35.645,0.229,2.702,-2.344,51,31.81
500473,-984.375,164.062,6.348,-1.603,1.466,-1.550,-119.629,-995.605,-45.898,-0.794,-1.748,2.176,51,31.81
500504,-981.445,164.062,14.160,-0.954,2.313,-0.748,-116.211,-1000.000,-29.785,1.405,0.496,-1.168,53,31.81
500535,-998.047,165.039,-0.488,1.176,0.023,2.878,-119.141,-1006.348,-44.434,-0.031,-0.573,2.656,47,31.81
500566,-988.770,170.898,0.000,1.977,-1.809,2.458,-117.676,-988.281,-20.020,-1.573,-1.420,0.557,47,31.81
500597,-988.770,167.480,12.207,0.244,-1.344,1.076,-124.512,-1018.066,-47.363,0.382,-1.511,1.863,53,31.81
500628,-984.863,160.156,3.418,-2.618,2.450,-3.840,-121.094,-1015.137,-42.969,-0.962,0.183,-0.595,51,31.81
500659,-987.793,158.203,6.348,-1.969,1.443,0.412,-120.117,-1003.906,-54.688,-0.229,0.840,-3.267,48,31.81
500690,-976.562,163.574,3.906,-3.519,2.649,-2.603,-113.770,-1014.160,-39.551,-1.618,0.809,-1.473,51,31.81
500721,-979.980,158.203,5.371,1.382,-2.511,0.832,-126.953,-999.023,-55.664,-1.153,0.977,-1.298,51,31.81
500752,-986.816,150.879,11.230,-1.031,-2.702,-2.076,-116.699,-1009.277,-42.480,1.282,0.130,-0.244,52,31.81
500783,-986.328,167.480,9.766,0.122,-1.145,2.641,-116.699,-1006.836,-48.828,-0.069,1.084,-0.206,47,31.81
500814,-989.258,164.551,16.113,-3.580,1.344,-1.718,-114.746,-996.094,-23.926,0.313,-2.710,0.221,53,31.81
500845,-989.746,157.227,17.090,-0.374,1.977,-2.748,-118.652,-996.582,-39.063,1.992,-0.595,0.527,36,31.81
500876,-992.187,154.785,3.418,-0.290,3.580,-0.389,-114.258,-1002.441,-27.832,-1.176,2.305,1.275,47,31.81
500907,-989.258,162.109,11.719,-1.588,-1.130,-2.649,-116.699,-1004.883,-29.297,-0.069,-2.298,0.412,55,31.81
500938,-993.164,182.129,4.395,0.527,-0.969,2.534,-115.723,-999.512,-42.969,-1.031,-0.504,0.137,43,31.81
500969,-976.074,150.391,3.418,-2.695,2.519,-3.061,-112.305,-1005.859,-40.527,0.359,-2.183,-1.702,52,31.81
501000,-994.629,150.391,7.812,-1.412,3.275,-2.595,-123.047,-1015.137,-35.156,0.015,0.038,-0.229,52,31.81
501031,-992.187,156.250,12.695,-1.924,4.351,-0.145,-107.422,-1012.207,-31.738,0.954,-2.321,-0.420,50,31.81
501062,-989.258,149.902,12.695,2.450,-2.130,0.435,-114.746,-999.023,-26.855,-1.061,1.145,-1.092,45,31.81
501093,-984.375,164.551,7.324,0.977,0.534,1.069,-125.977,-997.559,-39.063,-0.603,-2.542,0.771,53,31.81
501124,-985.352,154.297,8.301,2.580,-2.229,-0.664,-122.559,-1003.906,-29.785,-1.878,-0.382,-1.962,47,31.81
501155,-991.699,163.574,0.488,-1.405,3.672,-1.626,-117.676,-995.117,-27.344,-1.947,-1.389,1.061,50,31.81
501186,-994.629,174.805,13.184,-1.824,2.710,0.145,-121.582,-1006.348,-39.551,-0.908,0.221,-0.954,49,31.81
501217,-996.094,153.809,1.953,-2.725,3.267,-1.344,-104.004,-1009.766,-38.574,-0.031,-1.878,-0.260,47,31.81
501248,-986.328,159.668,14.160,-1.275,-0.275,2.901,-114.258,-1000.000,-63.965,-1.244,-0.466,-0.206,51,31.81
501279,-987.793,143.555,7.324,1.511,-2.573,0.214,-118.652,-1000.977,-34.180,0.130,-2.122,-0.450,45,31.81
501310,-996.094,161.621,0.977,1.084,-2.267,0.809,-117.188,-1003.418,-38.086,-0.710,-2.511,-0.290,50,31.81
501341,-985.352,163.086,2.930,-1.305,1.893,-2.267,-115.723,-1016.113,-40.039,-0.267,0.046,-2.977,51,31.81
501372,-982.422,171.387,-2.441,-1.626,1.908,-2.832,-115.234,-1011.719,-34.668,0.053,1.855,2.366,40,31.81
501403,-993.164,160.156,9.277,-0.305,0.473,-1.084,-121.094,-986.816,-31.738,1.763,-2.962,-0.374,50,31.81
501434,-992.187,161.621,15.625,1.168,-1.771,0.038,-112.793,-1005.859,-32.715,0.160,-0.099,-1.130,50,31.81
501465,-1000.000,153.809,8.789,-0.527,-2.183,1.267,-108.887,-1008.301,-40.039,1.527,-0.344,0.794,47,31.81
501497,-996.094,166.992,15.137,0.267,-0.687,0.870,-122.070,-998.047,-45.898,-0.344,0.305,0.389,51,31.81
501528,-981.445,164.062,3.418,0.214,0.046,-0.046,-119.629,-1000.000,-35.645,0.595,-0.771,-0.511,50,31.81
501559,-996.582,143.066,14.160,2.183,-1.183,-0.985,-119.141,-989.746,-44.434,-0.573,-0.298,-1.038,47,31.81
501590,-987.793,154.785,-1.953,-2.557,3.267,-1.244,-126.953,-1002.441,-32.715,-0.603,-0.260,0.489,50,31.81
501621,-992.187,161.133,5.371,-2.771,0.855,-4.359,-134.766,-1007.324,-42.480,-0.550,-0.160,-0.298,51,31.81
501652,-981.934,171.875,22.949,-1.802,3.878,-3.985,-131.348,-996.582,-41.992,0.107,-2.305,0.160,51,31.81
501683,-997.559,159.668,12.695,0.328,3.000,1.206,-120.605,-1005.859,-43.457,-0.099,-0.695,-1.748,46,31.81
