,44.922,-299.805,-34.107,57.802,-40.298,-741.699,-192.383,-276.855,-61.763,1.008,-27.786,37,21.52
119389,-769.043,297.852,-212.402,-33.588,61.389,-65.282,-764.648,-367.187,-286.133,-71.069,6.000,-12.511,39,21.52
119421,-756.348,490.723,-110.352,-36.947,56.824,-76.473,-812.988,-556.641,-329.590,-78.947,8.824,14.733,41,21.52
119453,-739.258,580.078,13.672,-45.076,53.008,-77.031,-803.223,-582.031,-318.359,-76.435,5.565,35.473,39,21.52
119484,-828.125,638.184,133.789,-39.847,33.267,-60.771,-878.906,-532.227,-338.867,-53.893,-3.458,46.649,39,21.52
119515,-832.520,1019.531,539.551,-15.206,-5.351,-20.328,-1145.508,-488.281,-545.410,-8.130,-15.756,37.321,38,21.52
119547,-1819.824,219.238,-496.582,0.931,-37.427,28.450,-1567.383,-829.102,-331.055,39.931,-52.481,-12.794,31,21.52
119579,-359.863,823.730,-769.043,-8.412,-20.069,23.725,-510.742,-232.910,-113.770,-3.679,-28.229,21.695,59,21.52
119610,-752.930,22.461,58.594,-32.427,-15.168,15.053,-740.234,98.633,-465.820,-19.962,-26.305,30.748,39,21.52
119642,-1030.273,643.066,-54.688,-40.771,-10.641,11.489,-1186.035,-72.754,-31.738,-35.359,-41.794,14.840,55,21.52
119673,-808.105,511.230,-64.941,-63.786,6.603,7.885,-908.691,-103.516,145.996,-65.557,-30.580,12.374,41,21.52
119705,-802.734,384.766,-9.277,-68.206,17.901,9.069,-863.770,-288.086,-55.664,-69.115,-30.008,3.046,41,21.52
119737,-939.941,410.645,-203.125,-47.137,7.702,9.771,-930.664,-397.949,-104.492,-46.687,-19.847,2.137,39,21.52
119769,-925.781,425.293,-118.652,-20.374,-5.786,17.336,-956.543,-353.516,-204.590,-12.427,-18.763,3.656,39,21.52
119801,-835.449,490.234,-101.074,-8.115,-10.191,12.908,-958.984,-81.543,-66.895,0.191,-17.748,7.748,39,21.52
119833,-827.637,553.711,-28.809,-18.252,-4.756,6.641,-1011.230,-93.750,-50.293,-20.664,-12.832,6.221,39,21.54
119865,-949.707,478.027,-56.152,-24.901,5.870,7.099,-972.168,-156.738,-68.848,-30.008,-13.634,5.931,39,21.54
119897,-710.449,442.383,-143.555,-28.160,8.252,4.061,-971.680,-316.895,22.949,-25.931,-11.122,5.412,39,21.54
119929,-818.848,433.594,-62.988,-17.954,10.405,4.359,-955.078,-307.129,-50.293,-24.603,-7.282,7.985,3699,21.54
119960,-884.766,487.793,-74.219,-15.939,9.313,7.901,-987.793,-237.305,-62.988,-18.153,-1.908,5.786,3695,21.54
119991,-830.078,509.277,-68.359,-8.702,6.534,10.252,-969.238,-90.820,-73.730,-14.450,0.084,8.336,3691,21.54
120023,-818.359,545.410,-57.129,-12.580,9.969,0.824,-981.934,57.129,-123.535,-20.985,0.916,2.985,2245,21.54
120055,-817.871,577.637,-68.359,-20.901,16.878,-1.382,-1003.906,-27.832,-144.531,-31.695,-0.153,-6.191,3693,21.54
120087,-833.496,552.246,-62.988,-21.099,20.061,-3.534,-1001.953,-107.422,-78.125,-36.901,1.473,-8.168,3700,21.54
120118,-829.102,525.879,-50.781,-21.015,22.069,-3.092,-971.680,-157.227,-54.199,-39.130,1.641,-8.634,3695,21.54
120149,-868.652,504.395,-98.633,-17.382,24.023,-6.595,-958.496,-170.898,-85.938,-32.771,8.710,-10.405,3481,21.54
120181,-861.328,479.980,-95.703,-2.550,15.802,-5.084,-965.332,-152.344,-132.812,-17.435,14.588,-11.481,1685,21.54
120212,-847.168,510.254,-116.211,4.534,15.710,-13.634,-975.098,-133.789,-166.016,-5.542,15.458,-12.458,845,21.54
120243,-841.797,529.785,-91.309,4.107,15.191,-13.260,-974.609,-113.770,-133.301,-5.366,17.649,-8.206,443,21.54
120274,-828.613,531.738,-82.031,3.412,21.198,-14.733,-957.031,-95.703,-102.539,-12.282,18.847,-14.015,245,21.54
120305,-839.355,446.289,-107.910,7.290,22.198,-17.893,-922.363,-151.855,-112.793,-6.313,23.962,-18.931,147,21.54
120336,-850.098,487.305,-136.230,12.802,21.122,-21.931,-942.383,-158.203,-187.500,2.344,26.595,-21.634,85,21.54
120367,-879.883,438.965,-173.340,19.489,17.412,-26.092,-924.316,-214.355,-279.785,15.779,25.450,-24.664,57,21.54
120398,-879.395,444.824,-180.176,28.397,13.710,-25.840,-947.266,-172.852,-274.414,25.794,27.542,-26.168,51,21.54
120429,-879.883,545.898,-198.242,31.084,10.489,-29.298,-997.070,-130.859,-320.801,25.992,27.366,-21.053,43,21.54
120461,-880.371,457.031,-215.332,25.679,11.863,-38.122,-959.473,-215.820,-342.285,17.916,25.947,-19.534,40,21.54
120493,-865.723,487.793,-204.102,18.748,10.260,-43.985,-942.871,-277.832,-326.660,8.664,23.099,-5.763,40,21.54
120525,-891.602,467.285,-180.664,13.824,12.351,-45.229,-941.406,-328.613,-359.863,0.115,21.527,3.489,43,21.54
120557,-895.996,476.074,-161.621,3.374,17.168,-44.588,-919.434,-336.426,-410.156,-6.656,17.779,8.687,33,21.54
120589,-826.660,549.316,-109.863,-14.710,22.473,-30.763,-911.133,-270.996,-397.949,-18.458,6.237,7.313,27,21.54
120620,-758.301,771.973,79.590,-41.679,32.740,-6.359,-1004.883,-193.359,-363.281,-46.160,-4.107,-2.168,38,21.54
120651,-844.727,583.496,54.688,-57.595,28.817,14.168,-948.242,-343.262,-349.121,-60.947,-15.031,-1.046,39,21.54
120682,-958.984,290.039,-137.207,-42.611,9.969,25.748,-912.109,-511.719,-354.980,-38.954,-17.672,-0.893,38,21.54
120714,-963.379,180.176,-245.605,-19.542,-5.595,23.481,-861.816,-382.324,-349.609,-4.748,-19.649,7.046,39,21.54
120746,-958.984,198.242,-323.242,-8.611,-9.389,15.267,-866.699,-214.844,-329.590,6.687,-17.878,7.206,39,21.54
120777,-921.387,266.113,-402.344,-9.069,-5.786,4.916,-877.441,-148.437,-378.906,-1.084,-13.282,1.679,39,21.54
120808,-874.512,337.402,-373.047,-20.809,5.939,-0.313,-895.996,-160.156,-386.719,-16.573,-11.679,-7.664,40,21.54
120839,-874.023,386.719,-307.129,-33.649,14.145,1.588,-900.879,-212.891,-405.762,-36.405,-13.496,-12.656,45,21.54
120870,-891.602,349.121,-269.043,-42.550,17.992,-4.786,-909.180,-257.812,-349.609,-43.611,-14.305,-12.298,58,21.53
120901,-900.391,370.117,-259.277,-43.122,21.168,-7.405,-913.574,-284.180,-300.781,-40.031,-14.870,-9.198,38,21.53
120933,-901.367,365.723,-253.906,-32.031,17.466,-6.084,-918.457,-264.648,-302.246,-34.427,-13.023,-6.725,39,21.53
120965,-863.770,361.328,-247.070,-35.244,19.160,-5.794,-903.320,-250.000,-324.219,-32.168,-11.702,-7.061,39,21.53
120997,-898.437,397.461,-253.418,-33.366,20.656,-6.328,-925.293,-217.773,-345.703,-36.107,-9.794,-10.260,41,21.53
121029,-897.461,424.316,-237.305,-39.954,22.458,-8.718,-939.453,-225.586,-372.559,-42.916,-13.519,-12.542,39,21.53
121061,-894.531,440.918,-208.984,-46.527,26.595,-4.802,-944.824,-212.891,-363.281,-52.573,-15.000,-13.557,39,21.53
121092,-906.738,397.461,-236.816,-48.313,24.550,-1.939,-914.551,-288.086,-339.355,-49.328,-15.458,-19.305,31,21.53
121124,-907.715,333.984,-305.664,-41.313,18.282,3.298,-858.398,-386.230,-314.941,-37.656,-12.458,-22.405,37,21.53
121156,-914.062,311.523,-351.562,-28.756,18.031,4.656,-834.961,-413.574,-298.828,-23.008,-10.198,-26.366,39,21.53
121188,-883.301,315.918,-338.867,-8.298,6.718,3.153,-824.219,-394.531,-324.219,-3.603,-0.107,-17.573,38,21.53
121219,-856.445,375.488,-343.750,12.718,-2.282,5.779,-851.074,-396.973,-315.430,16.573,4.275,-17.145,37,21.53
121250,-862.305,404.785,-293.457,17.107,-5.748,5.458,-911.133,-280.762,-340.820,23.275,9.198,-8.038,37,21.53
121281,-841.797,427.246,-215.820,16.588,-6.908,-2.542,-920.410,-188.965,-334.961,17.290,7.076,0.176,39,21.53
121312,-883.789,367.676,-187.500,14.687,-8.893,-4.634,-907.715,-240.234,-296.875,13.603,3.771,-1.496,39,21.53
121344,-837.891,420.410,-181.152,18.359,-12.389,-12.809,-911.133,-278.320,-287.598,17.481,5.397,1.267,39,21.53
121376,-853.027,408.691,-138.672,15.336,-12.443,-21.015,-906.250,-317.383,-300.781,18.519,-0.229,7.397,3693,21.53
121408,-826.660,449.219,-114.258,15.107,-16.870,-24.382,-898.437,-359.863,-335.449,21.351,-3.214,23.420,3699,21.53
121440,-838.867,484.863,-96.191,20.168,-24.817,-22.466,-904.785,-305.176,-297.363,22.809,-7.931,30.534,3691,21.53
121472,-824.219,604.980,-51.270,15.366,-28.412,-3.954,-970.215,-266.602,-277.344,23.198,-13.626,32.198,3703,21.53
121504,-1109.375,237.305,-398.437,5.305,-11.382,-11.489,-1056.641,-204.102,-277.344,12.779,-12.511,28.458,3695,21.53
121535,-919.434,544.434,-291.504,-12.031,1.115,-4.267,-999.512,-268.555,-349.121,-11.084,-8.244,9.802,3695,21.53
121566,-961.426,432.617,-153.320,-27.985,4.504,4.718,-915.527,-248.535,-346.191,-35.198,-12.954,14.840,3685,21.53
121597,-854.980,458.496,-186.523,-34.420,5.748,6.573,-909.180,-193.359,-225.586,-32.519,-17.282,19.786,1895,21.53
121628,-915.039,352.539,-193.848,-29.038,2.382,11.496,-948.730,-177.246,-161.621,-27.321,-16.092,16.977,949,21.53
121659,-883.789,346.191,-192.871,-41.305,-15.397,158.328,-819.336,-286.133,-84.961,-24.878,-18.267,19.679,487,21.53
121690,-911.621,414.551,-147.461,-25.405,5.885,11.282,-959.473,-253.906,-234.375,-24.954,-11.550,13.847,3699,21.53
121721,-903.809,426.758,-169.434,-17.443,1.573,16.382,-954.590,-190.918,-229.980,-17.649,-14.733,11.702,3699,21.53
121752,-889.160,415.039,-190.430,-8.351,-4.939,19.496,-946.289,-196.777,-233.887,-4.580,-6.542,13.176,3695,21.53
121783,-867.187,453.613,-148.437,-1.397,-9.267,22.542,-981.934,-112.793,-237.793,1.305,-7.908,10.557,3508,21.53
121815,-856.934,497.070,-145.020,-2.198,-9.786,17.924,-966.797,-41.504,-229.492,2.466,-9.450,9.809,1691,21.53
121846,-847.168,500.000,-147.461,-4.275,-7.046,14.664,-963.379,25.391,-235.352,-4.634,-9.137,6.122,851,21.53
121877,-844.727,518.066,-150.879,-15.580,-1.435,6.695,-967.773,-22.461,-274.902,-10.718,-10.557,3.695,421,21.53
121909,-848.633,462.891,-139.648,-11.954,-6.198,6.229,-987.305,-125.000,-264.648,-5.534,-12.313,0.511,229,21.53
121941,-882.812,505.859,-147.949,-5.687,-9.939,1.267,-981.934,-160.645,-206.543,2.405,-12.466,3.840,134,21.54
121972,-855.957,470.215,-116.699,-1.473,-12.649,7.481,-951.172,-162.109,-189.941,6.412,-10.412,8.069,85,21.54
122003,-839.844,487.305,-97.656,0.779,-12.786,5.260,-950.684,-97.168,-159.668,5.550,-9.977,8.992,59,21.54
122035,-846.680,472.168,-88.867,-5.611,-8.382,6.641,-979.492,-109.375,-158.203,-4.885,-11.115,6.405,47,21.54
122067,-845.215,538.574,-91.309,-15.885,0.099,7.641,-1004.883,-47.363,-187.012,-9.183,-11.252,-1.374,41,21.54
122099,-863.770,504.395,-114.258,-11.565,-1.084,6.344,-972.168,-138.184,-165.527,-3.847,-11.153,0.344,39,21.54
122131,-868.164,519.043,-134.277,-3.733,-5.519,9.321,-1050.293,-5.371,-146.484,-5.382,-16.038,9.809,39,21.54
122162,-842.773,528.809,-87.402,-2.221,-10.466,2.779,-922.363,-81.543,-318.359,3.893,-11.481,3.840,43,21.54
122193,-825.684,496.094,-77.637,-9.489,-9.466,-2.435,-999.023,7.324,-186.523,0.435,-11.924,-0.534,40,21.54
122224,-865.723,536.621,-51.270,-11.527,-5.924,-3.885,-939.453,-160.645,119.141,-7.687,-16.000,2.038,39,21.54
122255,-820.312,506.836,-48.828,-12.168,-7.206,-6.382,-764.648,-288.086,-119.141,8.893,-15.534,8.878,38,21.54
122287,-864.258,456.055,-54.199,-10.344,-2.130,-3.748,-965.332,-87.891,-84.961,-10.511,-8.679,8.618,37,21.54
122318,-857.422,478.516,-49.316,-2.076,-4.412,0.168,-972.168,-152.344,-142.090,0.718,-9.618,3.878,40,21.54
122350,-839.844,531.738,-25.879,-6.000,-1.542,3.351,-991.699,-104.004,-89.355,-10.427,-4.802,0.740,39,21.54
122382,-839.844,554.687,-32.715,-13.481,1.855,6.870,-981.445,-76.660,-73.242,-7.458,-10.214,-6.168,40,21.54
122414,-854.980,556.152,-51.758,-15.588,1.649,7.977,-1225.098,51.758,21.484,-90.527,-77.374,23.015,31,21.54
122445,-840.332,502.930,-60.059,-18.168,4.908,4.962,-990.234,-96.191,-134.277,3.573,-34.863,-14.603,39,21.54
122477,-828.125,526.855,-56.641,-17.214,4.733,2.550,-993.164,-80.566,-109.863,-10.908,-10.206,-2.137,38,21.54
122509,-856.934,511.230,-31.250,-16.557,6.107,-0.656,-989.258,-57.129,-118.164,-16.962,-2.008,-9.076,35,21.54
122541,-838.379,482.910,-57.617,-8.947,4.168,0.061,-1003.906,-99.121,-92.285,-10.863,-6.229,-12.634,40,21.54
122573,-869.629,518.066,-26.367,2.099,-3.580,2.718,-1024.414,-189.453,-118.164,-3.176,1.641,-3.489,35,21.54
122604,-840.820,511.230,-38.086,7.221,-6.718,2.786,-1073.730,56.641,-102.051,1.511,-4.855,-10.588,39,21.54
122635,-874.512,554.687,-12.207,5.366,-3.748,-3.160,-1008.789,-90.332,-62.500,12.038,2.031,-5.519,39,21.54
122666,-850.586,543.457,-17.578,2.565,-0.137,-4.267,-1021.973,-65.430,0.488,36.466,28.260,-3.450,39,21.54
122697,-828.125,520.020,-34.668,1.206,1.740,-4.267,-1019.531,-36.621,-69.824,0.053,3.870,-6.954,40,21.54
122728,-837.402,529.785,-25.391,1.427,4.031,-5.275,-992.676,-155.762,-35.645,-0.939,4.397,-6.679,39,21.54
122759,-842.285,511.719,-31.250,7.916,6.786,-1.954,-997.070,-149.414,-36.133,3.893,8.985,-8.832,39,21.54
122790,-846.191,521.973,-28.809,5.718,11.511,-7.221,-985.352,-83.496,-44.922,6.160,10.305,-4.008,40,21.54
122822,-858.887,504.395,-36.621,10.290,9.573,-5.511,-999.512,-75.684,-64.453,4.534,11.214,-5.832,39,21.54
122854,-840.332,489.746,-46.875,13.573,8.511,-5.221,-975.098,-113.281,-59.570,8.198,15.702,-7.053,55,21.54
122885,-826.172,583.008,-55.176,17.870,9.153,-5.977,-1016.113,-112.305,-76.172,8.542,19.656,-5.466,40,21.54
122916,-878.418,463.379,-79.590,23.107,9.496,-9.344,-979.492,-175.293,-121.582,15.756,19.893,-6.221,37,21.54
122948,-849.121,523.437,-71.777,30.573,6.939,-8.122,-977.539,-147.949,-104.980,20.962,19.527,-10.069,39,21.54
122980,-810.059,453.125,-113.770,31.786,9.366,-13.924,-920.898,-147.461,-122.070,26.137,24.107,-4.397,38,21.53
123012,-874.023,426.270,-125.977,33.740,8.107,-11.656,-938.965,-161.133,-197.266,26.023,26.504,-9.458,39,21.53
123044,-841.797,539.551,-90.332,34.061,6.901,-7.771,-946.289,-148.926,-250.977,24.580,27.718,-15.634,40,21.53
123076,-1127.930,629.395,-245.605,34.344,-3.076,-8.702,-842.773,-280.273,-342.773,29.649,24.145,-23.595,38,21.53
123107,-874.512,437.988,-230.957,43.595,-7.840,5.740,-891.113,-372.559,-372.559,45.305,23.725,-26.206,39,21.53
123139,-870.605,465.820,-200.195,54.710,-16.252,16.618,-949.707,-395.020,-314.453,54.641,22.328,-22.405,37,21.53
123171,-910.156,473.633,-181.641,57.863,-20.260,12.008,-962.402,-211.914,-159.668,57.053,27.947,-16.145,55,21.53
123202,-874.023,458.008,-143.555,55.145,-20.649,0.336,-957.031,-253.906,-295.898,51.130,22.153,3.573,38,21.53
123233,-817.383,543.457,-227.051,66.817,-31.000,-1.420,-936.523,-216.309,-380.371,65.183,25.229,6.855,41,21.53
123264,-863.770,477.539,-212.891,56.649,-26.214,-6.634,-961.914,-171.875,-398.437,56.786,16.985,12.771,40,21.53
123295,-890.137,416.992,-108.887,31.458,-14.557,-20.092,-973.633,-63.965,-355.957,24.389,9.771,12.076,41,21.53
123327,-790.039,600.586,-46.875,9.763,-4.466,-17.748,-959.961,-126.953,-266.602,2.130,-0.947,2.802,39,21.53
123359,-836.914,511.230,-144.043,-16.779,11.443,-19.901,-933.594,-213.379,-188.477,-19.626,-6.061,-0.649,31,21.53
123391,-850.586,448.242,-207.031,-23.282,17.954,-18.229,-915.527,-301.270,-271.973,-28.588,-3.481,3.366,40,21.53
123423,-902.832,368.652,-228.516,-15.954,8.672,-12.786,-912.598,-395.020,-351.074,-18.260,-1.779,6.420,39,21.53
123455,-908.203,404.785,-239.746,-3.084,1.908,-10.939,-948.730,-320.801,-342.285,-8.153,-2.511,11.015,39,21.53
123486,-889.160,465.332,-159.668,-6.084,-0.725,-8.664,-963.379,-186.035,-296.387,-10.824,-3.679,16.679,40,21.53
123517,-837.891,473.145,-185.059,-22.206,7.992,-13.427,-954.590,-46.387,-269.043,-25.237,-8.580,10.847,38,21.53
123548,-842.773,483.887,-199.219,-38.183,19.771,-13.206,-954.590,-71.289,-292.969,-42.969,-10.344,2.542,39,21.53
123580,-874.512,458.496,-152.344,-52.534,21.382,-7.947,-938.965,-166.016,-354.980,-59.374,-10.947,-0.511,39,21.53
123611,-910.156,374.023,-168.945,-60.679,25.328,-7.275,-928.711,-246.094,-318.848,-62.527,-14.626,-2.267,39,21.53
123643,-908.691,319.824,-207.031,-46.725,14.771,-2.679,-933.105,-307.617,-259.277,-43.359,-15.832,-0.107,39,21.53
123674,-950.684,266.602,-228.516,-27.298,7.244,-5.130,-899.414,-366.211,-295.898,-18.840,-10.458,-4.191,39,21.53
123706,-953.613,287.109,-196.777,10.122,-16.847,-0.962,-915.527,-422.852,-340.820,21.260,-8.420,0.458,38,21.53
123737,-945.801,379.395,-160.645,30.542,-30.855,-0.504,-938.477,-291.016,-298.340,48.763,-7.191,7.145,38,21.53
123768,-890.137,431.152,-214.844,50.557,-38.595,-1.718,-972.656,-172.852,-257.812,65.160,-7.450,6.321,37,21.53
123799,-836.426,563.965,-125.488,34.221,-32.008,-7.756,-1012.207,164.551,-208.008,39.015,-8.718,11.794,40,21.53
123830,-818.359,565.918,-46.387,-3.641,-9.969,-11.427,-984.863,148.437,-220.215,-9.443,-11.969,7.634,38,21.53
123862,-851.562,470.703,-131.348,-42.229,9.351,-17.076,-953.613,-39.063,-189.453,-43.733,-14.366,0.481,39,21.53
123894,-930.664,370.605,-143.066,-49.351,12.916,-17.710,-952.637,-304.687,-218.262,-47.344,-11.496,-2.267,39,21.53
123926,-937.012,280.762,-137.207,-29.336,1.550,-11.679,-937.988,-450.195,-164.062,-27.237,-10.656,3.031,39,21.53
123958,-949.707,321.777,-118.652,-8.718,-6.664,-9.634,-940.918,-353.027,-154.297,-4.718,-7.763,9.176,38,21.53
123989,-908.203,386.230,-99.609,-2.672,-7.115,-1.908,-954.590,-151.855,-183.105,-2.000,-10.061,10.924,37,21.53
124021,-891.113,404.297,-101.563,-10.962,-1.290,-5.641,-958.496,-80.078,-171.875,-11.802,-7.366,2.519,38,21.53
124052,-902.832,390.137,-84.473,-19.443,0.756,-1.221,-969.727,-165.527,-161.621,-20.427,-8.832,-0.275,40,21.53
124083,-935.059,360.352,-85.449,-14.076,1.382,1.481,-959.473,-269.043,-153.320,-11.962,-4.626,-0.588,37,21.53
124114,-929.687,321.289,-96.680,-4.374,-1.374,5.107,-949.219,-268.555,-143.066,-1.351,-3.947,0.420,39,21.53
124145,-913.574,344.727,-89.355,4.947,-6.359,5.397,-970.703,-204.590,-161.621,6.534,-3.863,5.977,39,21.53
124176,-906.738,391.113,-68.848,7.221,-3.198,5.969,-982.422,-104.980,-147.461,7.084,-3.473,0.893,41,21.53
124208,-1227.051,762.207,-99.121,-9.382,-6.382,-0.855,-1098.145,-58.105,-81.055,3.298,2.344,0.038,41,21.53
124240,-829.590,398.926,-103.516,-4.046,1.962,9.878,-959.961,-110.352,-161.621,-4.336,-0.015,-3.076,39,21.53
124271,-901.855,398.926,-112.305,-4.275,1.740,6.985,-968.262,-163.574,-176.270,-0.863,-2.298,-1.321,38,21.53
124303,-916.504,407.227,-90.332,0.336,-0.687,6.908,-982.910,-173.828,-183.105,0.634,2.489,-2.221,3687,21.53
124334,-908.203,375.488,-104.004,2.450,1.580,4.015,-976.074,-139.160,-175.781,1.748,-0.153,1.321,3693,21.53
124365,-909.180,394.531,-93.262,0.565,3.954,4.496,-966.797,-131.348,-191.895,1.588,0.542,-0.145,3691,21.53
124396,-876.953,410.156,-90.820,-0.229,3.053,3.267,-981.445,-148.926,-187.500,1.237,-0.641,-5.153,3688,21.53
124427,-906.250,407.715,-97.168,-1.206,4.221,0.328,-977.539,-177.246,-179.687,1.511,0.229,-3.160,3671,21.53
124458,-1093.262,364.746,-78.125,-3.229,8.412,5.023,-970.215,-180.176,-196.777,3.145,0.198,-6.267,3689,21.53
124489,-909.180,405.273,-108.398,7.084,-0.916,1.733,-985.352,-180.664,-182.129,4.168,0.947,-4.031,3690,21.53
124521,-896.973,416.992,-99.609,7.031,-1.260,0.832,-961.426,-157.715,-168.457,4.351,1.740,-3.145,3686,21.53
124553,-923.828,413.086,-104.004,2.084,1.702,-0.260,-958.496,-152.344,-175.293,2.412,3.580,-5.901,1941,21.53
124584,-904.785,391.113,-104.492,2.962,2.489,-3.863,-960.449,-167.480,-194.336,1.817,1.504,-2.893,975,21.53
124616,-911.133,411.621,-119.629,0.145,3.183,-1.969,-980.469,-195.312,-208.496,3.527,2.290,-5.542,492,21.53
124647,-897.949,409.180,-103.516,2.008,1.710,-1.885,-966.797,-189.941,-182.617,4.191,3.198,-6.550,265,21.53
124679,-896.973,408.691,-114.746,3.672,2.382,-1.588,-957.031,-197.754,-199.219,3.954,2.748,-4.038,3700,21.53
124711,-905.762,420.410,-99.609,8.458,-1.450,0.000,-966.309,-181.641,-199.707,4.710,2.351,-7.038,3694,21.53
124742,-894.043,414.551,-115.234,4.756,1.863,-1.382,-960.937,-203.125,-188.477,4.481,4.099,-5.893,3691,21.53
124774,-903.320,416.016,-101.074,5.061,-1.641,2.664,-966.309,-212.891,-188.965,3.641,1.893,-3.893,3689,21.53
124805,-892.090,422.363,-112.305,4.137,3.198,4.809,-994.629,-180.176,-188.965,2.176,2.557,-4.000,3689,21.53
124836,-900.391,433.105,-112.305,-0.206,3.962,-0.985,-958.008,-192.871,-193.848,-0.282,3.168,-5.244,3691,21.53
124867,-879.883,442.383,-118.652,-1.718,5.718,2.214,-967.773,-175.293,-201.660,-3.916,0.389,-3.840,3673,21.53
124899,-890.137,433.594,-114.258,-2.275,5.992,-2.313,-976.074,-187.988,-212.402,-6.260,0.870,-2.153,2899,21.53
124931,-906.738,424.316,-121.094,-1.321,3.099,-0.565,-955.566,-204.590,-223.145,-6.130,-1.336,-1.344,1464,21.53
124962,-883.789,416.016,-123.047,-3.550,6.573,-2.351,-979.004,-195.312,-222.656,-3.878,0.687,1.366,731,21.53
124993,-895.996,424.316,-126.465,-2.435,5.084,-4.893,-960.937,-210.937,-209.473,-0.641,1.779,-0.908,377,21.53
125024,-909.180,413.086,-114.258,-1.901,3.725,-0.832,-959.961,-206.543,-213.867,0.084,2.634,-1.649,203,21.53
125055,-895.996,421.875,-107.910,1.855,0.099,-1.168,-966.797,-207.031,-224.609,-0.756,0.664,-1.153,120,21.54
125086,-887.207,408.203,-125.977,1.473,-0.763,0.084,-960.449,-202.148,-209.961,-0.031,0.198,1.191,78,21.54
125117,-902.832,427.734,-118.652,1.527,0.969,0.527,-961.914,-196.777,-222.656,-0.267,-1.115,2.137,56,21.54
125148,-891.113,424.805,-129.395,-0.267,2.260,-2.229,-970.215,-180.176,-230.469,0.962,1.603,3.527,203,21.54
125179,-905.273,417.480,-130.371,-0.122,4.031,-3.710,-968.262,-198.242,-216.309,0.565,0.046,3.137,476,21.54
125211,-895.996,418.945,-117.188,-0.611,4.351,-4.748,-956.055,-189.453,-224.609,0.267,-0.099,6.466,396,21.54
125243,-891.602,430.176,-131.348,4.992,-1.344,-2.580,-963.867,-191.895,-227.539,1.603,-0.847,0.672,253,21.54
125274,-1042.480,665.527,-127.930,4.962,1.046,-2.565,-330.566,-118.164,-83.496,22.313,-37.786,-250.137,147,21.54
125306,-895.508,407.715,-126.953,-0.794,-0.878,-0.443,-916.504,-183.105,-222.656,-6.458,-0.718,-0.458,77,21.54
125338,-905.273,414.062,-113.770,1.924,0.481,-4.305,-334.473,-864.258,767.578,209.527,-8.588,30.435,59,21.54
125369,-885.742,442.383,-122.559,2.313,-2.969,1.718,-959.473,-166.992,-187.012,-1.550,-1.305,24.557,47,21.54
125400,-902.832,421.875,-126.953,-1.420,0.832,1.305,-955.078,-155.273,-170.898,-2.847,-0.183,2.397,43,21.54
125431,-902.832,423.340,-125.000,0.046,1.939,-2.206,-957.031,-180.664,-179.687,-1.969,-0.328,-4.023,39,21.54
125462,-904.785,397.461,-129.395,-1.244,2.756,-3.282,-969.238,-217.285,-196.777,2.282,-2.023,0.519,40,21.54
125493,-895.020,416.504,-137.207,-0.565,1.626,-1.733,-958.008,-192.383,-205.566,4.061,-2.336,2.130,39,21.54
125525,-902.832,422.363,-120.117,-2.412,1.008,-3.885,-951.172,-176.270,-219.727,1.962,0.710,0.420,40,21.54
125556,-894.043,403.320,-112.793,-1.870,0.374,-3.641,-958.496,-187.988,-205.566,0.160,-2.466,-3.878,35,21.54
125588,-996.582,375.000,-85.938,-8.130,2.176,-7.015,-976.074,-57.617,-166.504,-10.634,-3.305,-93.947,151,21.54
125620,-912.598,382.812,-127.441,-1.908,-1.664,-0.824,-1034.180,-435.059,-108.887,0.458,6.832,11.863,487,21.54
125651,-854.492,391.113,-134.277,4.641,-1.618,-1.802,-1343.750,-2000.000,-427.734,-179.076,-250.137,250.130,422,21.54
125682,-895.020,420.410,-122.559,1.084,-0.687,-3.466,-921.387,-195.801,-174.316,4.878,-0.450,-15.252,274,21.54
125713,-1603.516,645.508,-352.051,-1.023,-11.954,10.733,-834.473,-171.875,-243.652,-2.702,0.336,-1.359,152,21.54
125744,-904.297,414.062,-117.188,-3.389,2.130,-4.282,-944.336,-182.617,-183.105,-1.611,-2.160,-1.198,1021,21.54
125775,-899.902,398.437,-132.324,0.916,-1.565,-2.687,-946.289,-204.102,-180.664,2.656,-0.443,1.595,3689,21.54
125807,-910.645,417.480,-125.000,-0.855,0.275,-5.198,-945.801,-185.059,-206.543,1.321,-1.351,1.901,3693,21.54
125839,-809.082,445.312,-79.590,-10.763,5.885,-2.779,-815.430,-268.066,-74.219,-57.885,-55.206,-57.565,3693,21.54
125871,-910.156,381.836,-122.070,-3.115,0.069,-0.977,-925.293,-245.117,-59.570,-1.336,-3.061,101.924,3187,21.54
125902,-914.551,382.812,-97.656,0.336,0.298,-3.947,-827.637,-371.094,221.680,51.344,21.824,17.511,1691,21.54
125933,-898.437,427.246,-97.656,0.496,0.130,-2.649,-971.680,-207.520,-149.414,6.832,4.695,-61.939,841,21.54
125964,-875.000,409.180,-140.625,-3.489,4.321,-3.076,-953.613,-145.020,-151.367,-1.740,0.031,-1.107,431,21.54
125996,-898.926,419.434,-113.281,-7.168,5.115,-3.779,-971.191,-210.449,-164.062,-7.221,-0.427,-1.672,229,21.54
126028,-908.691,401.367,-117.676,-1.168,1.573,-1.473,-958.496,-229.004,-165.527,-2.573,-0.458,1.534,133,21.54
126060,-905.762,400.879,-123.047,0.550,1.321,-0.985,-951.660,-229.004,-171.875,0.725,0.748,2.168,83,21.54
126091,-906.250,418.945,-112.793,1.023,2.397,1.351,-959.961,-197.754,-197.266,-3.191,-0.069,4.634,58,21.54
126122,-884.277,397.949,-130.859,-2.779,3.664,-1.595,-946.777,-207.520,-178.711,-4.000,-0.519,2.031,52,21.54
126153,-907.227,406.250,-115.234,-2.145,2.603,0.489,-955.566,-210.937,-170.898,-2.824,1.092,-0.076,41,21.54
126184,-917.969,392.090,-116.211,-4.031,4.626,0.252,-951.172,-205.078,-189.941,-2.237,-0.359,6.061,31,21.54
126216,-911.621,400.391,-127.441,-1.305,5.023,2.573,-963.867,-213.867,-196.777,1.580,0.786,5.275,45,21.54
126248,-901.855,403.320,-126.953,3.947,0.015,4.947,-947.266,-183.105,-204.102,2.084,0.771,5.412,38,21.54
126279,-902.344,412.598,-127.441,1.191,2.473,3.763,-958.984,-177.734,-194.336,2.191,1.672,2.985,39,21.54
126311,-874.512,427.246,-129.395,3.519,-0.550,3.985,-949.707,-177.734,-226.562,1.618,0.656,5.397,39,21.54
126342,-893.555,431.152,-148.926,3.229,1.542,4.412,-963.867,-168.945,-203.613,2.435,0.359,5.008,39,21.54
126373,-889.160,423.340,-120.605,2.687,1.260,0.595,-964.844,-158.203,-208.496,2.305,-1.221,3.969,39,21.54
126405,-892.090,435.547,-138.184,2.107,0.695,5.550,-960.937,-173.828,-215.820,1.130,0.344,4.802,37,21.54
126437,-877.441,432.617,-151.367,0.603,-0.809,5.038,-983.887,-152.832,-211.914,-2.137,2.344,7.168,37,21.54
126469,-898.437,448.730,-181.152,-7.191,7.603,0.000,-979.492,-110.352,-204.590,-11.221,3.183,10.489,38,21.54
126501,-858.398,487.305,-189.453,-23.053,18.168,1.756,-915.039,-55.664,-241.699,-32.313,2.084,0.573,26,21.54
126533,-845.215,493.652,-87.891,-39.962,27.511,6.565,-972.656,-6.348,-275.391,-50.076,-3.244,-13.252,3691,21.54
126565,-894.043,369.629,-214.355,-38.405,26.878,12.489,-907.227,-251.465,-240.723,-39.290,-0.962,-14.832,3693,21.54
126597,-826.660,395.020,-230.957,-21.031,20.779,4.015,-880.859,-252.930,-227.051,-16.153,3.710,-1.679,3695,21.54
126629,-984.863,416.016,162.109,0.031,2.168,-1.115,-1043.945,-312.988,-290.039,7.099,-0.534,5.450,3653,21.54
126661,-865.723,414.062,-150.391,20.603,-14.214,8.214,-934.082,-179.199,-96.191,31.740,-6.924,7.374,1735,21.54
126692,-847.168,440.430,-146.973,21.198,-13.817,3.527,-959.961,-48.828,-276.367,28.069,0.878,7.267,873,21.54
126724,-850.098,545.898,-101.563,15.168,-15.618,1.008,-1009.277,-68.848,-246.582,16.527,-3.260,13.718,441,21.54
126756,-888.184,460.449,-194.336,1.603,-1.458,-0.710,-1000.488,-119.141,-217.285,8.389,-4.382,5.947,231,21.54
126787,-902.344,421.875,-170.410,0.489,-3.099,2.992,-947.266,-187.500,-226.562,0.641,-3.733,1.924,135,21.54
126818,-871.094,420.410,-142.090,0.969,-1.809,4.115,-962.402,-183.594,-226.562,1.527,-2.061,3.695,91,21.54
126849,-875.977,495.605,-137.207,1.168,-4.191,3.458,-969.727,-124.512,-214.844,2.206,-3.565,5.992,59,21.54
126881,-856.445,476.074,-145.020,-1.351,0.336,4.756,-969.238,-84.473,-210.937,-4.969,-0.695,4.763,48,21.54
126913,-854.492,492.187,-123.535,-13.366,6.252,2.298,-960.937,-67.871,-238.770,-13.275,-4.198,-2.107,299,21.54
126945,-870.117,477.539,-127.441,-17.893,7.244,3.168,-959.961,-107.422,-244.629,-18.473,-5.580,-3.824,529,21.54
126977,-873.535,461.914,-155.762,-14.336,4.237,6.634,-960.937,-191.406,-248.535,-15.160,-7.565,-1.420,620,21.54
127009,-869.629,443.359,-119.141,-11.366,1.260,9.672,-965.332,-197.754,-238.770,-11.382,-6.809,0.076,613,21.54
127041,-857.910,463.379,-127.930,-12.664,1.748,7.359,-961.426,-145.996,-234.863,-8.763,-10.832,-3.489,556,21.54
127073,-834.473,509.277,-119.629,-21.145,6.076,12.748,-980.469,-90.820,-227.539,-16.473,-13.802,-6.603,487,21.54
127105,-853.027,534.668,-125.488,-25.351,5.710,10.771,-999.512,-93.750,-226.074,-23.229,-15.031,-5.412,495,21.54
127137,-853.027,484.375,-133.789,-26.969,3.809,8.870,-975.586,-145.020,-234.375,-23.252,-14.679,-3.244,525,21.54
127169,-884.766,464.844,-136.230,-23.450,1.794,5.206,-972.656,-217.285,-198.242,-14.893,-15.229,0.069,529,21.54
127201,-822.754,572.754,-61.035,-13.328,-1.779,1.992,-993.164,-93.262,-91.309,-8.351,-12.534,3.489,436,21.54
127233,-818.848,480.469,-64.453,-12.198,-3.702,2.198,-941.895,-9.766,-47.363,-8.534,-11.092,2.107,237,21.54
127264,-810.059,591.309,-9.766,-22.977,7.107,-0.176,-962.402,24.902,-93.750,-20.939,-6.130,-8.763,173,21.54
127295,-845.215,510.254,-30.762,-25.443,14.420,4.939,-984.863,-95.215,-71.289,-27.656,-8.771,-15.466,149,21.54
127327,-866.211,510.254,-82.031,-20.328,11.786,8.313,-971.680,-198.730,-64.453,-16.626,-6.031,-16.221,91,21.54
127358,-850.098,465.820,-42.480,-12.519,9.427,8.359,-934.570,-247.070,-42.480,-9.328,1.672,-23.702,61,21.54
127389,-816.895,416.016,-92.285,0.992,5.076,14.550,-853.516,-184.082,-86.426,8.359,4.641,-25.977,52,21.54
127421,-793.457,522.949,-70.313,-1.847,8.221,32.321,-835.449,-59.570,-128.418,4.092,6.321,-54.756,43,21.54
127452,-842.773,527.344,-54.199,-10.771,15.168,55.267,-758.789,-185.547,-147.949,-1.763,2.374,-92.885,37,21.54
127483,-736.328,563.477,-94.238,3.481,7.023,65.000,-930.664,-325.684,-219.238,20.855,-4.107,-99.336,40,21.54
127514,-803.711,660.645,-108.398,18.580,-4.534,55.878,-992.676,-192.871,-224.121,32.252,3.031,-82.664,39,21.54
127546,-726.074,711.914,-108.398,5.985,2.229,42.107,-990.234,-282.227,-277.344,14.198,2.153,-77.069,28,21.54
127578,-759.766,698.242,-103.516,-8.153,5.603,39.046,-922.363,-308.105,-282.227,-2.496,-8.420,-80.771,36,21.54
127610,-711.426,659.668,-116.699,-0.863,-1.649,37.481,-859.863,-471.191,-99.121,12.397,0.649,-74.221,295,21.54
127642,-673.340,704.590,-81.055,3.466,-2.191,31.061,-931.641,-580.566,-196.777,15.275,1.863,-63.336,159,21.54
127673,-705.078,734.375,-88.379,-4.252,-1.046,26.252,-873.535,-529.297,-236.816,9.733,-2.130,-54.947,99,21.54
127704,-726.074,689.453,-114.746,-2.939,0.481,25.771,-780.762,-509.277,-155.762,9.260,-3.702,-54.939,70,21.54
127735,-689.453,690.430,-97.656,-2.740,0.443,22.863,-763.672,-642.090,-152.344,10.053,0.595,-55.542,62,21.54
127766,-674.805,729.492,-93.262,-3.718,-0.817,26.069,-762.207,-650.879,-117.188,16.000,-3.023,-49.427,41,21.54
127797,-650.391,739.258,-65.918,-2.664,-1.908,27.656,-728.027,-539.062,-106.934,15.160,0.748,-48.809,40,21.54
127828,-623.535,704.102,-72.754,-3.458,0.611,35.290,-679.199,-631.348,-72.266,7.237,-4.939,-57.779,41,21.54
127860,-614.746,786.133,-64.453,-6.221,6.389,33.344,-726.074,-729.004,-68.359,8.221,-5.084,-49.809,39,21.54
127892,-630.371,792.969,-94.727,-6.511,6.870,32.527,-673.828,-692.383,-131.836,8.290,-3.634,-47.336,39,21.54
127924,-568.359,782.227,-81.055,-5.748,2.725,38.443,-686.523,-645.996,-116.211,9.969,-6.481,-46.687,40,21.54
127956,-608.398,821.289,-66.895,-4.687,0.588,36.496,-656.250,-689.453,-81.055,4.359,-4.389,-46.656,39,21.54
127988,-562.988,842.773,-76.660,-5.397,6.244,36.427,-614.746,-766.602,-8.789,-5.962,-2.336,-47.985,39,21.54
128020,-532.227,806.641,-71.777,-4.908,8.107,36.519,-637.207,-755.859,-70.313,4.382,-2.870,-47.908,37,21.54
128051,-561.523,857.422,-85.938,-5.305,9.947,35.237,-635.742,-800.781,-113.281,5.611,-1.305,-46.679,37,21.54
128082,-505.371,855.469,-112.305,-3.031,8.496,33.954,-620.117,-797.363,-103.516,4.779,-0.794,-44.267,39,21.54
128113,-487.305,861.816,-72.266,0.534,-0.206,32.504,-636.719,-789.551,-124.512,9.496,4.328,-40.389,39,21.54
128144,-464.844,886.230,-95.215,2.527,-1.695,30.046,-692.383,-850.098,-117.188,8.626,2.389,-39.115,41,21.54
128176,-429.687,894.043,-80.566,2.336,-1.695,22.160,-701.660,-829.590,-93.262,6.237,1.443,-41.206,40,21.55
128207,-444.336,870.117,-66.406,2.458,-1.458,17.740,-618.652,-814.453,-93.262,2.603,2.489,-42.443,39,21.55
128239,-439.941,900.391,-80.566,1.244,1.214,10.962,-558.594,-931.641,-96.680,4.847,4.130,-39.237,46,21.55
128271,-477.539,922.363,-41.016,-11.489,-1.168,9.336,-576.660,-865.723,-82.031,-15.702,3.374,-37.015,39,21.55
128302,-401.367,856.445,-45.898,3.878,6.718,15.489,-439.453,-769.531,-151.855,0.504,2.000,-43.389,39,21.55
128334,-450.684,890.625,-102.539,0.779,-0.885,16.649,-445.312,-947.266,-115.723,3.924,-0.298,-36.962,38,21.55
128366,-429.687,902.832,-100.586,2.595,-0.870,11.855,-462.402,-874.023,-98.145,2.344,3.260,-37.443,39,21.55
128397,-383.789,871.582,-84.961,-0.351,5.573,8.252,-473.145,-875.977,-131.348,3.153,2.252,-44.069,38,21.55
128428,-284.180,620.605,-119.629,1.237,3.679,5.115,-377.930,-1012.695,-106.934,7.092,2.924,-36.901,43,21.55
128459,-411.621,889.648,-96.191,2.504,2.427,3.252,-410.156,-915.527,-82.520,2.397,3.168,-38.130,39,21.55
128490,-399.414,912.598,-79.590,3.908,2.443,2.542,-462.891,-939.941,-100.098,1.740,0.069,-35.389,43,21.55
128521,-406.250,915.039,-108.398,3.863,0.672,3.000,-363.281,-975.586,-86.914,1.145,1.603,-33.427,42,21.55
128552,-413.574,928.711,-72.754,7.389,0.336,0.649,-346.680,-951.172,-102.051,1.107,0.084,-34.611,41,21.55
128584,-417.969,890.625,-111.328,5.046,2.099,-0.733,-306.641,-960.449,-94.238,-0.664,1.275,-35.954,41,21.55
128615,-399.414,889.648,-103.027,2.397,0.046,1.000,-318.359,-997.070,-145.996,3.084,0.145,-28.802,42,21.55
128646,-407.715,899.414,-112.305,0.641,2.267,-6.565,-323.242,-993.164,-113.770,3.840,1.076,-27.672,39,21.55
128677,-418.457,897.949,-113.770,-0.053,0.656,-10.519,-308.594,-1028.320,-145.508,4.214,3.779,-25.305,41,21.55
128708,121.582,482.422,131.348,4.092,5.130,-9.038,-318.848,-1094.238,-47.363,5.412,5.145,-24.008,44,21.55
128739,-711.426,1033.203,-431.152,-8.038,-11.031,-6.595,-229.004,-978.027,-122.559,5.053,5.611,-21.168,40,21.55
128770,-394.043,913.086,-48.828,2.122,-8.168,-12.435,-207.520,-1005.371,-79.102,1.374,8.099,-17.763,40,21.55
128801,-449.707,874.512,-70.313,1.878,-2.160,-10.817,-161.133,-994.141,-87.891,-4.313,6.168,-0.504,39,21.55
128832,-380.371,802.246,-119.629,-2.832,3.092,-12.115,-154.785,-1013.184,-84.961,2.099,-0.878,-8.641,41,21.55
128863,-442.383,872.559,-104.004,-2.656,1.962,-8.000,-172.363,-978.516,-104.004,2.137,-2.099,-10.076,39,21.55
128895,-468.262,874.023,-104.004,-5.092,1.557,-4.977,-157.227,-977.539,-71.777,-0.214,0.443,-4.496,39,21.55
128927,-451.172,904.785,-101.563,-4.153,-1.038,-0.878,-176.758,-972.168,-77.148,-0.275,1.809,-6.069,40,21.55
128959,-440.918,888.672,-80.078,-2.519,0.183,5.282,-168.457,-949.219,-81.543,-2.069,-2.901,-3.489,18,21.55
128991,-415.039,880.859,-101.074,-5.359,4.214,4.145,-182.129,-972.168,-92.285,-2.099,-1.740,-8.244,41,21.55
129023,-450.684,899.902,-78.125,-6.214,4.924,3.557,-216.797,-964.355,-86.426,-2.260,-2.611,-8.176,40,21.55
129055,-399.414,896.973,-80.566,-4.832,4.168,8.252,-211.914,-987.793,-98.145,-0.336,-1.664,-12.542,41,21.55
129087,-439.941,890.137,-99.121,-7.824,5.542,5.321,-247.070,-990.234,-112.793,-1.649,0.046,-7.870,37,21.55
129118,-414.062,917.969,-91.797,-2.634,3.000,4.695,-229.980,-1038.086,-90.332,-1.267,-2.176,-9.366,43,21.55
129149,-405.273,911.621,-100.098,-0.740,2.046,2.695,-226.562,-1023.437,-88.867,-0.679,-1.954,-6.344,41,21.55
129180,-422.852,895.508,-83.008,-2.611,0.695,-1.687,-205.566,-1014.648,-89.355,-3.160,0.710,-5.145,41,21.55
129212,-416.992,895.020,-75.195,1.519,-1.046,2.695,-206.543,-1027.832,-82.031,1.168,0.786,-1.962,39,21.55
129243,-395.508,905.762,-59.082,0.595,2.160,1.985,-182.617,-1003.906,-103.516,0.397,-1.885,0.634,39,21.55
129274,-430.176,863.770,-80.566,-0.427,2.076,-3.092,-151.367,-1056.152,-79.590,-2.122,-2.580,3.863,25,21.55
129306,-432.617,881.348,-86.426,2.824,0.420,1.153,-192.871,-1096.191,-97.656,-0.015,-4.847,15.565,35,21.55
129338,-430.176,885.254,-84.473,7.565,-2.550,-3.305,-243.652,-1124.512,-89.355,-1.763,-8.115,15.550,57,21.55
129369,-422.363,923.828,-103.516,6.183,3.756,-4.595,-246.094,-1135.254,-113.281,-3.687,-7.176,26.649,39,21.55
129401,-375.977,871.582,-85.449,7.626,-1.450,-7.382,-260.742,-1134.766,-140.625,-0.656,-5.145,40.122,41,21.55
129433,-435.059,938.965,-118.164,-1.458,3.366,-12.412,-301.270,-1083.008,-144.043,-8.038,-7.290,42.351,43,21.55
129464,-443.359,917.969,-110.840,-2.389,0.458,-16.496,-317.871,-1094.727,-135.254,-9.481,-3.664,47.389,38,21.55
129495,-467.773,884.766,-86.914,-0.901,-2.099,-17.550,-335.449,-1063.965,-123.535,-6.786,-2.901,56.557,39,21.55
129526,-451.172,883.301,-100.098,-0.344,0.374,-22.611,-393.066,-1038.086,-134.766,-8.878,-4.809,58.664,39,21.55
129557,-447.266,892.090,-91.309,-0.550,0.229,-27.008,-363.770,-974.121,-118.164,-8.947,-1.527,63.244,39,21.55
129589,-479.980,848.633,-81.543,0.565,-3.809,-27.763,-405.273,-935.059,-125.977,-9.275,-0.603,65.802,39,21.55
129621,-502.930,879.395,-80.078,-1.145,-2.664,-29.931,-391.113,-936.523,-100.586,-7.244,0.511,62.634,42,21.55
129653,-489.746,839.355,-83.008,-0.389,-5.023,-29.702,-427.246,-890.137,-94.238,-6.893,-0.450,68.099,35,21.55
129685,-522.949,834.473,-70.801,2.718,-5.870,-30.267,-447.754,-854.004,-104.004,-8.527,-0.725,63.885,39,21.55
129716,-537.598,795.410,-85.449,-0.756,-1.855,-29.076,-471.680,-831.055,-130.371,-8.534,1.901,69.038,39,21.55
129748,-551.270,837.891,-87.402,3.855,-4.107,-27.176,-491.699,-816.895,-106.445,-8.351,0.038,66.229,37,21.55
129780,-539.551,825.195,-90.820,3.336,-3.649,-24.672,-556.641,-789.551,-121.582,-6.534,0.435,66.908,39,21.55
129812,-551.270,818.848,-88.867,1.855,0.290,-28.687,-589.355,-762.695,-148.926,-11.214,-0.282,62.237,38,21.55
129844,-604.492,795.410,-109.863,1.015,0.710,-31.023,-601.562,-796.387,-154.297,6.092,-2.122,74.511,37,21.55
129876,-580.566,762.695,-106.934,5.351,-3.443,-26.847,-667.969,-742.676,-163.574,-10.145,-2.015,61.733,39,21.55
129908,-618.652,789.062,-83.008,3.427,-2.305,-30.893,-683.594,-678.711,-166.016,-10.626,-1.458,63.107,39,21.55
129940,-630.859,768.066,-100.586,2.664,1.771,-35.244,-697.266,-663.086,-155.762,-9.183,-0.221,63.115,43,21.55
129971,-631.348,765.137,-90.332,3.931,-2.427,-33.954,-742.187,-645.508,-168.945,-7.168,0.718,61.382,54,21.55
130002,-657.227,764.160,-99.609,7.031,-5.084,-34.450,-771.484,-604.980,-181.152,-4.756,2.542,61.771,39,21.55
130033,-676.270,752.441,-92.773,6.954,-4.298,-34.969,-792.480,-595.703,-166.992,-6.145,2.427,60.656,38,21.55
130064,-686.523,712.891,-96.191,4.992,-1.672,-40.702,-786.621,-553.223,-189.453,-6.221,1.901,59.893,39,21.55
130096,-689.941,710.449,-113.281,9.725,-4.405,-41.328,-822.266,-523.926,-177.246,-5.198,0.977,65.313,39,21.55
130127,-701.172,695.312,-130.859,7.763,-4.740,-42.992,-823.242,-513.184,-193.359,-4.794,4.740,61.878,39,21.55
130158,-729.980,646.973,-99.121,6.748,-1.160,-46.229,-802.734,-503.418,-174.316,-3.573,3.511,61.229,39,21.55
130189,-737.793,640.137,-91.797,8.061,-3.473,-46.244,-800.781,-457.520,-158.691,-0.985,4.763,65.947,39,21.55
130221,-788.086,641.113,-87.891,9.908,-0.573,-44.328,-824.707,-445.801,-189.941,-0.824,5.298,57.725,55,21.55
130253,-781.738,606.934,-76.172,6.321,-1.229,-35.550,-816.406,-386.719,-164.062,-2.786,0.321,56.290,41,21.55
130285,-813.965,604.492,-96.191,5.084,-2.336,-30.550,-841.309,-437.012,-176.270,-1.969,1.656,46.191,39,21.55
130316,-807.129,579.590,-92.773,10.282,-3.344,-23.550,-862.793,-398.437,-177.246,3.618,0.908,43.748,39,21.55
130348,-779.297,567.383,-92.773,9.290,-3.443,-27.481,-916.016,-303.711,-163.086,5.740,4.733,42.069,38,21.55
130379,-793.945,611.816,-96.680,7.008,-3.336,-26.756,-972.656,-243.652,-191.895,1.344,3.374,44.176,201,21.55
130410,-807.129,567.871,-124.512,8.565,-1.191,-29.344,-939.453,-275.391,-213.379,6.427,5.725,55.008,831,21.55
130442,-822.266,557.129,-107.422,8.405,-2.420,-33.160,-942.871,-257.324,-190.918,-1.092,3.565,45.756,3695,21.55
130473,-818.359,570.312,-119.141,10.252,-0.275,-30.275,-921.875,-286.133,-217.773,-0.427,2.901,46.443,3703,21.55
130505,-857.422,507.324,-120.117,7.389,-0.985,-32.855,-915.039,-295.898,-209.473,3.229,4.641,46.145,3699,21.55
130537,-847.656,480.469,-108.887,9.023,0.473,-25.626,-912.109,-252.930,-220.215,3.863,4.954,42.733,3689,21.55
130569,-852.051,474.121,-129.395,12.130,-2.122,-20.527,-919.434,-229.492,-218.750,8.008,4.779,43.565,2259,21.55
130601,-878.906,455.566,-121.094,13.496,-4.939,-17.496,-955.566,-239.258,-234.863,6.237,4.267,42.489,1125,21.55
130632,-818.359,430.176,-115.723,13.328,-4.618,-11.908,-929.199,-197.754,-218.262,7.229,3.260,36.168,572,21.55
130664,-850.586,453.125,-116.211,14.412,-3.489,-9.023,-956.055,-113.770,-202.637,8.076,0.756,33.389,490,21.55
130695,-862.793,475.098,-127.930,10.603,-2.679,-7.992,-981.445,-77.637,-237.305,3.534,3.061,34.679,3693,21.55
130727,-876.465,446.289,-130.371,6.321,-2.275,-7.267,-956.055,-79.102,-227.539,0.817,1.863,34.099,3692,21.55
130759,-872.070,449.219,-129.883,1.550,-0.015,-9.504,-949.707,-84.961,-225.586,-1.656,5.115,33.802,3687,21.55
130791,-889.648,415.527,-127.441,2.389,-0.595,-7.237,-964.844,-83.008,-215.332,1.504,1.366,24.969,1939,21.55
130823,-866.699,407.227,-123.535,5.191,-0.061,1.061,-942.871,-57.129,-185.547,2.634,4.435,13.542,959,21.55
130854,-855.469,444.336,-113.770,5.527,-0.237,5.435,-952.148,-19.531,-216.797,2.092,1.397,11.305,1597,21.55
130885,-852.051,468.262,-107.910,0.771,5.061,7.412,-967.285,-9.766,-244.141,-2.511,2.359,7.649,3699,21.55
130916,-884.277,464.355,-129.883,-2.511,4.336,6.328,-973.633,0.488,-224.609,-3.511,4.122,10.305,3691,21.55
130947,-858.398,472.168,-120.117,-2.099,5.557,3.649,-984.863,8.789,-247.559,-2.130,1.885,7.672,3692,21.55
130978,-858.887,466.797,-127.441,0.580,3.382,7.466,-963.379,32.227,-245.117,-2.557,-0.817,3.794,2973,21.55
131009,-867.676,491.211,-152.344,-0.244,4.298,7.557,-979.980,48.828,-243.164,-5.573,1.847,-0.153,1575,21.55
131040,-863.770,489.258,-145.996,-5.008,6.649,4.733,-973.633,31.738,-243.164,-3.695,1.626,-3.710,787,21.55
131071,-878.906,476.074,-139.160,-1.137,4.450,0.389,-961.914,-18.555,-252.930,0.214,-0.076,0.221,407,21.55
131102,-858.398,469.727,-163.086,2.725,2.511,-0.740,-961.914,-5.859,-226.562,7.435,1.290,-1.672,219,21.55
131133,-864.746,460.449,-144.531,11.084,-5.298,3.092,-971.191,19.043,-264.160,13.237,1.084,-1.626,125,21.55
131164,-846.191,498.047,-142.578,13.718,-4.351,4.550,-986.816,18.555,-260.742,14.511,-1.038,-5.221,3695,21.55
131195,-868.164,482.422,-149.902,11.183,-4.962,-1.565,-973.145,-52.246,-263.184,16.198,1.069,-6.092,3699,21.55
131227,-861.816,476.562,-148.437,10.550,-5.824,3.702,-969.727,-89.844,-253.906,13.832,3.282,-4.939,3694,21.55
131259,-869.141,464.844,-143.555,11.756,-2.183,1.252,-966.309,-89.355,-224.609,13.473,0.313,-3.084,3479,21.55
131291,-862.793,486.816,-144.043,8.473,-2.420,1.908,-976.074,-36.621,-234.375,10.802,0.473,-5.031,1685,21.55
131322,-853.516,503.906,-147.461,1.634,-1.611,4.305,-982.910,-16.113,-259.766,5.031,0.748,-4.496,847,21.55
131353,-854.980,518.066,-153.320,0.008,-2.504,7.786,-998.535,21.973,-286.133,-0.687,-0.519,-9.023,437,21.55
131384,-841.797,552.734,-143.066,-2.634,-0.198,4.115,-1014.160,-5.859,-276.367,-3.511,0.321,-2.931,232,21.55
131415,-846.191,472.168,-141.602,-1.733,-1.244,4.183,-947.266,-29.785,-250.488,-4.359,0.000,-4.924,137,21.55
131447,-850.098,462.891,-141.113,0.687,-2.443,0.809,-951.660,-21.973,-242.676,-1.229,-2.214,-8.756,86,21.55
131479,-857.422,488.281,-152.344,-0.489,-0.863,-4.412,-954.102,-22.461,-244.141,5.527,-1.954,-11.840,37,21.55
131511,-817.871,488.770,-150.391,0.588,-2.282,-4.466,-932.617,12.207,-241.699,5.069,-1.611,-15.229,51,21.55
131543,-856.445,540.039,-138.672,1.115,-4.725,-3.565,-1006.836,9.277,-215.820,2.321,-1.260,-13.527,58,21.55
131574,-855.469,587.891,-105.957,-6.015,2.863,-15.794,-1025.391,36.621,-176.270,-6.718,-3.481,-11.542,39,21.55
131605,-837.891,445.801,-128.418,-15.038,6.427,-15.901,-918.945,-107.422,-191.895,-19.702,-2.870,-12.389,41,21.55
131637,-875.000,449.219,-131.836,-17.389,8.908,-11.298,-971.680,-185.547,-248.535,-23.366,-3.878,-10.863,39,21.55
131668,-886.230,450.195,-151.367,-17.153,10.023,-10.573,-971.680,-231.445,-246.582,-19.962,-3.191,-10.336,40,21.55
131699,-896.484,448.730,-120.117,-11.519,7.672,-7.229,-958.008,-242.676,-203.613,-8.763,0.626,-5.809,41,21.55
131730,-880.371,416.504,-133.789,-1.427,3.061,-5.496,-934.082,-208.984,-232.422,0.527,1.573,-3.061,37,21.55
131761,-890.137,437.500,-153.809,6.847,-2.511,0.038,-965.332,-202.148,-260.742,5.916,2.366,-0.832,39,21.55
131792,-861.328,469.238,-117.676,8.008,-4.725,1.901,-956.543,-117.676,-229.004,6.336,-1.069,-1.565,37,21.55
131823,-851.562,458.008,-135.742,5.260,-1.008,1.481,-954.102,-114.746,-227.051,8.008,1.802,-4.290,45,21.55
131854,-891.113,479.980,-142.578,3.244,-1.977,1.176,-972.656,-114.258,-261.230,5.466,-0.427,-6.221,44,21.55
131885,-854.492,488.770,-135.742,0.252,0.534,1.305,-964.355,-126.465,-221.680,3.870,2.588,-6.847,935,21.55
131916,-860.840,470.703,-138.672,2.901,0.115,5.145,-958.008,-124.023,-236.328,2.214,-0.802,-3.603,1555,21.55
131948,-866.699,475.098,-114.746,1.611,0.679,1.885,-981.934,-108.887,-253.906,3.542,-0.840,-5.840,2799,21.55
131980,-845.703,497.070,-127.441,1.405,1.580,2.595,-970.215,-100.098,-250.977,4.863,-1.924,-4.321,3694,21.55
132012,-864.258,490.234,-143.555,2.947,-1.878,3.603,-967.773,-112.305,-239.746,-0.290,0.641,-2.046,3692,21.55
132044,-856.445,473.145,-113.770,-0.176,-0.450,2.954,-976.562,-137.695,-232.422,0.366,-2.298,-3.748,3695,21.55
132076,-860.840,478.027,-134.277,0.176,2.069,-5.489,-971.191,-138.184,-235.840,2.061,-0.580,-1.267,3692,21.55
132108,-858.887,489.746,-133.789,-0.115,-0.099,-2.977,-975.098,-118.652,-247.559,3.855,-2.298,-0.382,2138,21.55
132140,-854.980,481.934,-128.418,1.969,-3.924,0.977,-974.609,-95.215,-230.957,0.969,-2.405,-3.344,1803,21.55
132172,-867.676,470.215,-133.301,-2.237,0.939,-5.565,-951.172,-107.422,-239.746,1.580,-2.435,-2.550,1525,21.55
132204,-861.328,485.840,-124.023,-2.985,1.275,-4.977,-958.984,-107.910,-243.164,-1.756,-1.733,-1.290,1292,21.55
132235,-861.328,476.074,-113.281,-3.679,2.557,-5.321,-974.121,-144.043,-229.492,-0.420,-3.626,-1.275,1262,21.55
132267,-870.117,466.797,-114.746,-3.214,3.588,-3.580,-945.312,-154.297,-218.262,1.160,-2.008,-0.504,1055,21.55
132298,-861.328,459.961,-131.836,-1.382,1.298,-4.420,-969.727,-145.508,-217.773,-1.023,-0.191,-1.679,1078,21.55
132329,-1282.227,349.609,172.852,-5.389,-6.481,-1.053,-771.973,-51.758,-1421.875,250.130,250.130,250.130,958,21.55
132361,-863.770,472.168,-139.648,-9.443,3.427,-4.305,-916.016,-192.383,-181.641,-8.328,-4.099,20.687,1041,21.55
132392,-876.953,442.383,-124.512,-1.282,1.565,-4.298,-859.863,-578.125,-173.828,-3.443,7.176,8.687,3692,21.55
132424,-848.633,465.820,-115.234,0.702,2.267,-4.099,-878.906,-116.699,-234.863,-26.779,2.053,-97.153,3691,21.55
132456,-855.469,485.840,-149.414,1.099,0.885,2.275,-947.266,-89.355,-237.305,-0.733,-1.656,0.351,3695,21.55
132487,-850.586,494.629,-117.188,-4.496,2.565,-2.000,-964.844,-99.121,-240.723,-7.107,1.069,-0.260,3707,21.55
132519,-842.773,486.328,-122.070,-3.626,1.176,0.649,-963.867,-140.625,-215.820,-1.901,-1.221,0.542,2057,21.55
132551,-873.047,469.238,-132.812,1.504,1.206,2.031,-949.707,-137.207,-242.676,2.618,0.809,-1.260,1018,21.55
132582,-853.027,483.887,-132.812,2.122,-0.687,-1.267,-979.004,-140.625,-231.445,0.115,-0.885,1.061,523,21.55
132613,-851.074,439.941,-214.844,-0.321,-0.725,2.557,-1028.809,-177.734,-288.086,-2.534,-9.008,-29.397,277,21.55
132644,-854.004,464.355,-116.211,-0.863,2.901,-2.519,-950.195,-163.574,-110.840,1.908,3.603,0.130,155,21.55
132675,-832.031,479.980,-102.539,2.725,0.603,-3.298,-939.941,-152.344,-208.008,4.069,-0.550,-4.718,94,21.55
132706,-864.746,484.375,-135.254,-1.298,0.107,-4.275,-962.402,-116.699,-233.398,0.779,-2.015,0.679,62,21.55
132738,-854.004,449.219,-117.188,-0.748,2.260,-1.611,-977.539,-112.793,-247.070,-2.557,-1.099,2.672,52,21.55
132770,-887.207,466.797,-124.512,-2.924,0.069,0.344,-954.590,-129.395,-205.566,-2.977,-1.115,1.817,43,21.55
132801,-874.023,458.496,-149.414,-0.160,3.046,-1.420,-982.422,-156.738,-213.379,3.115,0.641,-2.786,31,21.55
132832,-863.281,472.656,-124.512,0.740,2.008,-3.542,-974.121,-122.559,-223.145,2.397,-1.130,-3.267,40,21.55
132863,-875.488,483.398,-130.371,2.550,-0.237,-3.015,-1827.148,-2000.000,1999.939,-250.137,-250.137,65.786,40,21.55
132895,-876.465,469.727,-156.250,-7.328,4.183,-4.885,-1104.492,-167.480,-163.086,5.710,5.641,-12.466,40,21.55
132927,-858.398,408.691,-129.883,0.099,-2.153,-2.305,-854.492,-774.414,-80.078,1.374,23.359,35.176,39,21.55
132959,-916.992,529.785,-83.984,7.779,-3.443,-2.847,-1272.949,-181.641,-239.746,8.214,8.771,39.901,41,21.55
132991,-874.023,506.836,-143.066,-2.664,5.176,-2.969,-922.852,-67.383,-211.426,-1.069,-0.710,3.427,68,21.55
133023,-869.629,464.355,-112.793,-10.023,6.115,-5.252,-962.891,-128.418,-169.922,-10.626,-0.145,0.603,123,21.55
133054,-874.512,438.965,-115.234,-9.313,8.313,-3.504,-955.078,-230.957,-170.410,-7.496,0.214,4.359,317,21.55
133085,-875.000,434.570,-132.324,-0.015,2.634,0.359,-957.031,-219.238,-212.402,0.840,1.901,7.603,463,21.55
133116,-870.117,462.891,-128.418,7.282,1.802,2.435,-968.750,-167.480,-243.164,2.817,1.420,10.969,627,21.55
133147,-876.953,476.074,-138.672,6.687,1.626,5.237,-956.543,-150.391,-234.375,2.214,3.779,8.954,881,21.55
133178,-869.141,464.844,-135.742,3.252,4.664,0.389,-957.520,-140.625,-231.934,5.214,1.069,12.550,969,21.55
133209,-873.535,471.680,-141.602,3.145,3.649,0.160,-965.820,-136.719,-231.934,3.466,3.000,13.000,1181,21.55
133240,-871.582,474.121,-142.090,5.580,4.649,3.573,-964.355,-123.535,-233.398,4.916,3.489,11.656,1340,21.55
133272,-859.375,466.309,-144.043,6.992,2.786,4.550,-951.172,-81.543,-263.184,7.137,3.794,5.878,3695,21.55
133304,-861.816,475.586,-151.367,10.489,0.153,8.473,-979.004,-43.457,-255.371,8.275,2.687,8.466,3695,21.55
133335,-836.426,484.863,-139.160,4.641,2.183,3.290,-966.797,0.000,-258.789,5.389,0.611,4.588,3695,21.55
133366,-850.098,491.699,-153.320,2.893,2.053,2.893,-987.793,-4.395,-268.066,5.229,2.511,3.015,3699,21.55
133397,-841.797,499.023,-148.926,2.771,0.168,3.061,-980.469,-14.160,-282.715,0.573,-0.809,1.153,3691,21.55
133428,-859.863,495.605,-162.109,0.397,-0.679,1.817,-967.285,-35.645,-269.531,-0.420,-2.962,0.000,2717,21.55
133459,-858.887,487.305,-164.062,2.542,-2.237,-0.328,-986.328,-74.219,-250.488,2.580,-1.328,0.802,3687,21.55
133490,-863.281,487.305,-151.855,0.374,0.458,-4.626,-992.676,-100.586,-271.484,0.084,-3.679,-2.611,3693,21.55
133522,-862.793,477.051,-152.344,1.855,-3.305,1.511,-958.008,-90.820,-250.000,2.641,-1.557,1.840,3694,21.55
133554,-867.676,482.422,-145.020,-1.298,-3.748,0.298,-956.055,-86.914,-256.836,-0.450,-2.893,-0.977,3692,21.55
133586,-859.375,484.863,-136.230,-4.870,0.954,-4.687,-965.332,-73.730,-233.398,-1.038,-2.817,-1.244,3687,21.55
133618,-835.449,493.652,-149.902,-6.214,1.153,-5.885,-975.586,-60.547,-233.398,-4.824,-3.817,-1.802,1765,21.55
133650,-841.309,500.977,-142.090,-8.221,1.313,-0.863,-980.469,-51.270,-237.793,-10.038,-2.328,-3.412,869,21.55
133681,-838.379,508.789,-137.695,-12.084,1.901,-0.885,-967.773,-27.344,-233.887,-15.763,-6.282,-5.153,447,21.55
133713,-872.070,486.816,-162.109,-15.763,2.260,-4.145,-975.586,-85.449,-249.512,-18.031,-6.069,-3.290,235,21.55
133745,-858.398,461.426,-144.531,-13.840,3.305,-9.305,-943.848,-112.793,-209.473,-11.038,-7.115,-0.206,125,21.55
133777,-846.191,430.664,-136.230,-10.298,1.450,-7.511,-953.125,-77.148,-149.414,-4.870,-4.557,-4.191,84,21.55
133809,-880.371,473.633,-95.215,-0.664,1.328,-5.748,-1001.465,-52.246,12.207,-3.107,-2.366,-4.855,48,21.55
133841,-838.379,484.375,-58.105,-2.702,8.832,-3.137,-968.750,-59.570,49.316,-7.511,7.809,-11.924,46,21.55
133872,-891.113,453.125,-132.324,10.321,10.672,-5.908,-1015.137,-137.695,-107.910,6.427,14.992,-10.313,43,21.55
133903,-886.719,466.797,-188.965,24.496,2.458,-7.840,-1279.297,1027.832,-345.703,132.267,-71.947,18.458,39,21.55
133934,-885.742,418.945,-192.871,33.763,-6.221,-12.519,-858.887,94.727,-491.699,-210.038,-48.885,124.473,231,21.55
133966,-907.715,409.668,-156.250,51.389,-18.863,-8.099,-879.883,-219.727,-191.895,88.687,10.214,-6.176,563,21.55
133998,-877.930,434.082,-112.305,62.855,-18.603,-3.405,-974.121,-125.000,-20.508,45.191,14.878,0.771,671,21.55
134029,-832.031,457.520,-108.398,57.855,-9.053,-5.710,-957.520,-97.656,-93.750,52.061,23.519,-10.992,999,21.55
134061,-885.254,458.008,-190.918,40.832,0.244,1.344,-1011.230,-136.230,-229.980,2.618,21.389,23.534,1647,21.55
134092,-813.965,421.387,-356.934,31.069,0.863,0.099,-972.168,-186.523,-467.773,48.115,6.603,-160.374,2281,21.55
134123,-887.695,426.758,-241.699,28.191,-1.679,-0.321,-944.824,-171.875,-368.652,79.298,48.137,-19.771,2885,21.55
134154,-891.602,399.414,-221.680,35.763,-6.473,-5.260,-932.129,-217.285,-270.996,37.168,14.901,-1.023,3687,21.55
134185,-890.625,477.051,-211.426,43.901,-9.038,-6.076,-1021.973,-194.336,-305.176,40.458,8.206,13.084,3692,21.55
134216,-912.109,472.656,-166.016,34.405,-7.695,-8.702,-989.258,-149.414,-327.637,37.985,16.824,4.229,3700,21.55
134247,-908.203,396.484,-58.105,31.733,-15.321,-2.511,-948.242,-246.094,-359.863,32.634,9.061,-2.481,3693,21.55
134279,-879.883,384.766,-132.812,38.519,-24.198,0.924,-911.133,-358.887,-364.258,59.985,-1.336,0.496,2595,21.55
134311,-885.254,420.898,-242.676,45.153,-27.611,5.794,-948.730,-255.859,-297.852,53.489,-3.168,10.687,1311,21.55
134343,-875.977,381.836,-285.156,48.847,-33.107,13.863,-898.437,-231.934,-354.980,54.153,4.107,5.603,653,21.55
134375,-865.723,391.113,-277.832,47.710,-30.214,11.817,-911.133,-242.676,-328.613,52.366,1.542,13.550,2923,21.55
134406,-878.906,387.207,-260.254,29.832,-19.977,10.374,-928.223,-39.063,-301.758,31.908,4.382,10.969,3694,21.55
134437,-885.254,349.121,-249.023,13.427,-8.870,3.153,-929.687,-79.590,-319.336,12.221,1.229,2.336,3691,21.55
134468,-852.051,411.133,-255.859,-0.672,1.947,-5.000,-904.297,-90.332,-288.574,-2.267,-0.687,-2.954,3698,21.55
134500,-875.488,426.270,-201.660,-10.107,3.038,-3.473,-937.988,-243.164,-322.754,-10.878,-1.618,1.893,2280,21.55
134532,-886.719,405.273,-174.805,-6.916,3.366,1.527,-907.227,-278.320,-256.836,-7.458,-3.763,2.359,1145,21.55
134563,-875.488,359.375,-184.082,-0.023,-2.702,1.115,-888.672,-283.691,-262.695,0.939,-0.908,2.702,583,21.55
134595,-860.840,337.891,-206.543,11.489,-6.366,-0.015,-910.645,-260.254,-227.051,11.252,-0.695,0.412,299,21.55
134627,-886.230,403.320,-189.453,8.076,-7.321,-6.847,-940.430,-154.785,-256.348,10.298,-1.351,4.725,164,21.55
134659,-887.695,443.848,-179.687,2.252,0.214,-3.931,-977.051,-176.758,-246.582,5.282,2.084,2.893,117,21.55
134691,-963.379,388.184,-188.477,-0.405,1.038,1.076,-988.770,-275.879,-231.934,-2.748,0.420,-0.458,89,21.55
134723,-890.625,381.836,-189.941,-5.664,9.649,1.244,-933.594,-291.992,-244.141,-9.870,2.115,-2.649,55,21.55
134755,-874.023,388.672,-111.816,-7.435,9.122,3.252,-939.453,-229.980,-234.375,-10.046,2.351,-3.756,43,21.55
134786,-973.633,399.414,-186.035,-1.954,8.710,10.046,-1000.488,-268.066,-249.023,0.328,-1.244,-10.458,41,21.55
134818,-976.074,366.699,-192.383,-0.420,7.130,21.565,-969.727,-400.879,-262.207,8.023,0.351,-22.221,41,21.55
134850,-996.582,363.281,-193.848,7.672,2.298,27.473,-960.937,-295.410,-271.973,12.588,0.618,-23.588,3701,21.55
134881,-947.266,450.195,-217.773,2.260,4.008,25.962,-977.539,-285.645,-319.336,6.191,4.885,-29.916,3695,21.55
134912,-923.340,408.203,-158.203,-0.855,1.137,23.321,-949.219,-254.395,-351.562,4.824,2.466,-30.244,3695,21.55
134943,-907.715,340.820,-145.996,-1.015,-6.008,11.092,-902.344,-242.187,-337.402,11.794,-2.985,-21.298,3708,21.55
134974,-944.336,312.988,-181.641,4.008,-7.000,-6.771,-978.027,-182.129,-294.434,10.153,-5.718,-16.718,3673,21.55
135006,-955.078,331.543,-164.062,4.458,-7.885,-18.550,-872.070,-340.332,-235.840,20.122,-7.397,-24.267,3695,21.55
135038,-901.855,477.539,-111.816,23.000,-22.237,-3.794,-888.184,-532.227,-241.699,35.435,0.885,-29.931,3693,21.55
135069,-867.676,632.812,-190.918,28.893,-29.679,14.412,-935.547,-517.578,-258.789,46.153,2.947,-30.435,2532,21.55
135100,-791.016,672.363,-193.359,30.122,-29.160,31.733,-941.406,-386.719,-256.836,47.817,0.847,-28.481,1321,21.55
135131,-813.477,549.316,-223.145,19.221,-23.885,36.931,-959.473,-171.875,-261.230,35.878,0.855,-24.473,665,21.55
135163,-928.223,155.762,-255.859,-4.687,-5.305,7.031,-923.340,-30.273,-263.672,10.595,-3.130,-22.557,341,21.55
135195,-1010.742,165.527,-267.090,-24.336,12.130,-38.130,-934.082,87.891,-246.582,-18.634,-4.511,-36.550,184,21.55
135227,-1202.637,-162.598,-218.262,-31.969,25.321,-83.634,-880.371,-314.941,-201.660,-38.198,-11.824,-43.481,107,21.55
135259,-1310.547,-71.289,-207.520,-28.206,26.191,-128.214,-792.969,-637.695,-270.508,-48.176,-5.000,-37.519,73,21.55
135291,-1393.066,-39.551,-246.582,-10.069,17.282,-151.168,-763.184,-886.230,-312.012,-22.679,3.214,-38.053,54,21.55
135323,-1349.609,35.645,-290.527,27.466,-6.160,-144.870,-759.277,-981.934,-297.852,26.679,12.328,-45.603,3705,21.55
135355,-1302.246,76.660,-357.422,63.061,-29.466,-127.718,-867.676,-797.363,-229.980,66.511,17.038,-49.611,3699,21.55
135387,-1292.969,152.344,-357.422,71.534,-28.947,-121.145,-919.922,-602.539,-275.391,68.466,19.435,-59.420,3693,21.55
135419,-1223.633,103.516,-306.641,46.191,-15.557,-129.870,-860.840,-460.449,-331.543,40.870,16.603,-62.496,2141,21.55
135450,-1161.621,96.680,-274.414,15.840,2.405,-127.580,-792.969,-448.730,-347.168,7.947,14.244,-75.802,1096,21.55
135481,-1111.816,45.410,-302.246,-1.069,14.168,-118.153,-747.070,-632.812,-239.746,-15.557,13.008,-93.893,559,21.56
135512,-1101.563,-59.570,-294.434,-13.962,30.519,-110.992,-677.246,-743.652,-243.652,-23.122,17.718,-95.290,294,21.56
135544,-1113.281,-97.656,-238.770,-3.481,27.817,-106.153,-689.941,-813.477,-238.281,-11.870,25.412,-87.924,163,21.56
135576,-1104.004,-69.824,-166.016,10.824,22.466,-102.824,-693.848,-832.520,-298.828,5.237,26.542,-84.695,95,21.56
135608,-1067.383,-102.051,-174.316,23.656,12.954,-96.718,-735.840,-768.555,-244.629,5.924,13.756,-68.931,69,21.56
135640,-932.617,5.371,-109.375,20.504,9.092,-87.992,-705.566,-579.590,-292.969,16.359,21.137,-71.305,43,21.56
135672,-830.566,1.465,-136.230,5.046,11.641,-77.466,-607.422,-626.953,-287.109,-4.695,23.153,-51.710,43,21.56
135704,-788.086,-71.777,-159.668,-9.107,21.053,-69.802,-532.715,-699.219,-290.039,-14.107,13.351,-66.519,40,21.56
135735,-833.984,-176.270,-210.449,-9.511,22.290,-64.450,-609.863,216.797,-1246.094,-165.855,-250.137,-82.534,39,21.56
135766,-738.770,-250.488,-172.363,-4.427,12.893,-54.130,-448.242,-840.820,-339.844,-7.061,8.565,-44.191,39,21.56
135797,-686.035,-211.426,-185.547,0.634,8.756,-46.099,-441.406,-775.879,-295.410,-4.076,9.924,-36.710,38,21.56
135829,-634.766,-199.707,-197.266,-5.275,8.427,-35.130,-427.246,-741.211,-322.266,-11.702,6.786,-31.244,38,21.56
135861,-612.793,-231.934,-203.613,-14.718,15.863,-29.252,-399.902,-762.695,-300.781,-19.069,1.412,-24.931,38,21.56
135893,-618.164,-317.871,-225.098,-19.901,14.718,-19.183,-379.395,-792.480,-294.922,-19.107,3.260,-16.099,39,21.56
135925,-644.531,-340.820,-255.859,-12.771,9.031,-9.656,-386.719,-813.965,-283.203,-16.305,2.015,-9.023,35,21.56
135956,-665.039,-351.562,-235.352,-5.710,7.519,-4.656,-403.809,-792.480,-266.113,-9.626,1.695,-2.382,41,21.56
135988,-712.891,-410.156,-234.863,-4.763,5.626,4.298,-404.785,-818.359,-308.594,-6.321,0.809,5.954,39,21.56
136019,-740.234,-423.340,-246.094,-1.351,2.427,4.031,-402.832,-813.965,-288.574,-1.298,1.290,4.870,39,21.56
136051,-754.883,-442.871,-241.699,3.344,1.389,7.298,-438.965,-860.840,-308.105,4.649,-1.664,10.115,38,21.56
136083,-756.836,-434.570,-236.328,1.565,4.519,7.634,-441.406,-809.082,-289.551,1.740,1.710,10.573,40,21.56
136115,-785.645,-522.461,-266.602,-1.588,4.748,8.160,-407.715,-852.051,-343.262,2.855,-1.084,13.038,39,21.56
136147,-777.832,-507.324,-273.926,10.397,-6.053,15.183,-418.945,-929.687,-329.102,10.962,-2.557,14.282,40,21.56
136179,-793.457,-485.840,-303.223,12.672,-2.916,15.611,-439.453,-818.848,-278.320,7.977,1.504,16.046,39,21.56
136210,-792.969,-518.066,-266.602,3.870,-0.214,18.458,-416.504,-854.980,-378.906,4.542,1.267,12.710,39,21.56
136242,-828.125,-516.113,-269.531,4.542,-0.595,15.611,-461.426,-858.887,-329.102,7.206,-1.939,21.336,39,21.56
136274,-832.031,-510.254,-242.676,-1.313,1.748,17.275,-456.543,-813.965,-333.496,1.221,-0.397,15.008,43,21.56
136306,-874.512,-571.289,-267.090,0.008,0.595,18.389,-471.191,-853.027,-397.461,3.511,-2.145,16.420,39,21.56
136338,-848.633,-545.898,-299.805,2.802,-2.985,13.237,-450.195,-809.082,-314.453,0.405,-6.191,11.076,39,21.56
136369,-860.352,-592.285,-287.598,-1.481,-0.931,13.252,-442.871,-846.191,-339.844,0.786,-3.191,10.237,39,21.56
136400,-843.262,-551.758,-300.781,2.840,-2.916,8.031,-462.891,-857.910,-332.031,5.489,-3.221,8.916,39,21.56
136432,-828.125,-525.879,-303.223,3.748,-4.573,8.947,-462.402,-905.762,-322.754,6.061,-3.466,8.527,39,21.56
136463,-832.520,-486.328,-289.062,6.611,-5.221,9.550,-473.145,-816.895,-291.992,8.275,-1.359,9.237,39,21.56
136494,-833.984,-441.895,-260.742,3.290,0.702,7.183,-484.863,-809.082,-336.914,7.206,0.305,4.496,39,21.56
136525,-833.984,-459.473,-270.020,1.328,0.000,7.611,-465.332,-842.773,-284.180,6.382,-2.832,5.374,19,21.55
136556,-832.520,-399.414,-250.000,7.229,-4.359,8.672,-511.230,-792.969,-288.086,6.641,2.809,9.435,40,21.55
136588,-851.074,-394.043,-237.793,1.878,1.405,12.076,-531.250,-882.324,-329.102,3.336,-4.153,10.733,39,21.55
136619,-856.445,-453.125,-250.977,4.427,-0.221,18.809,-499.023,-852.051,-293.457,5.847,-2.924,11.069,39,21.55
136650,-859.375,-481.445,-270.020,4.611,-2.168,15.229,-494.141,-762.695,-284.668,6.702,-2.649,12.450,38,21.55
136682,-895.996,-447.754,-228.516,-5.427,2.931,11.420,-528.809,-809.570,-337.891,-0.237,-2.496,12.191,39,21.55
136714,-922.363,-543.945,-279.297,-0.847,0.008,7.687,-520.020,-825.684,-290.039,2.298,-3.443,8.840,39,21.55
136745,-839.355,-461.426,-291.504,-1.031,0.252,6.466,-476.562,-791.992,-278.320,0.855,-1.687,11.840,39,21.55
136776,-874.512,-431.152,-280.273,-4.160,3.565,5.359,-523.437,-817.383,-289.062,-3.244,1.672,6.282,39,21.55
136807,-843.750,-393.066,-256.836,-3.473,2.756,9.481,-507.324,-805.664,-304.687,-5.756,-0.244,7.702,39,21.55
136839,-804.687,-385.254,-259.766,-4.611,2.885,6.183,-501.953,-779.297,-315.430,-1.168,-0.977,10.802,39,21.55
136871,-814.941,-229.004,-199.219,0.153,0.008,9.420,-589.355,-763.184,-284.668,0.611,0.931,12.664,39,21.55
136902,-786.621,-187.988,-208.496,-2.153,1.969,18.382,-564.941,-769.043,-286.621,-3.130,1.130,20.893,43,21.55
136934,-701.172,-140.137,-178.711,5.122,-7.481,22.038,-517.578,-761.719,-321.289,10.740,-4.656,26.748,39,21.55
136965,-726.562,19.531,-190.430,9.481,-9.321,32.366,-621.094,-624.023,-250.000,11.710,-8.092,43.015,38,21.55
136996,-801.758,69.824,-179.199,-6.122,-4.137,45.473,-669.922,-660.156,-241.699,-4.611,-5.344,48.015,39,21.55
137028,-775.391,-67.871,-187.988,-14.786,-0.870,51.260,-591.309,-606.445,-322.266,-4.046,-13.206,48.916,42,21.55
137060,-909.180,13.672,-222.168,-12.496,-6.656,58.985,-743.652,-576.172,-275.879,-17.511,-17.382,42.802,37,21.55
137092,-909.180,-44.922,-233.398,-26.908,1.466,64.626,-676.758,-623.047,-291.992,-20.053,-16.458,56.649,39,21.55
137124,-1003.418,-143.066,-258.789,-28.336,0.435,66.916,-735.840,-679.199,-306.641,-17.939,-18.374,62.550,39,21.55
137156,-1023.926,-139.160,-282.227,-22.412,-1.313,62.985,-718.262,-717.285,-287.598,-17.244,-17.443,70.718,35,21.55
137187,-1051.758,-142.090,-305.176,-15.336,-3.824,67.832,-719.238,-655.762,-277.832,-26.031,-29.366,70.366,39,21.55
137218,-1089.844,-128.418,-267.090,-6.954,-6.466,68.336,-768.066,-688.477,-298.828,3.992,-11.985,69.534,38,21.55
137249,-1099.609,-90.820,-261.230,3.542,-15.168,68.893,-792.969,-613.770,-248.047,9.023,-10.740,67.763,40,21.55
137280,-1118.652,-57.129,-215.820,0.710,-11.534,70.550,-830.078,-584.961,-308.105,7.397,-10.954,64.641,37,21.55
137311,-1108.398,-101.074,-213.379,2.710,-12.534,58.756,-842.773,-514.648,-289.062,16.679,-8.038,60.817,317,21.55
137342,-1127.441,-3.418,-189.941,1.779,-12.947,57.130,-879.395,-486.816,-252.930,20.740,4.282,52.489,3699,21.55
137373,-1082.031,-35.645,-208.496,-1.229,-12.076,53.137,-859.375,-481.934,-248.535,3.611,-8.603,57.000,3694,21.55
137405,-1069.336,-28.320,-264.160,-6.458,-9.405,51.244,-855.469,-481.934,-286.133,7.588,-7.473,50.901,3695,21.55
137437,-1063.965,48.828,-250.000,5.603,-14.031,49.832,-916.992,-460.937,-213.867,11.145,-4.366,51.985,3693,21.55
137468,-1062.012,101.074,-240.723,0.137,-7.992,46.733,-902.344,-444.336,-249.023,4.328,-3.435,47.695,3316,21.55
137499,-1073.242,22.949,-269.043,1.168,-3.687,41.985,-869.141,-432.129,-282.227,6.611,-2.031,46.977,1748,21.55
137530,-1027.344,81.543,-296.875,4.763,-7.466,42.099,-908.203,-414.062,-318.359,9.053,-1.885,43.076,866,21.55
137561,-1047.363,128.418,-334.961,12.115,-5.756,42.763,-912.109,-326.172,-225.586,7.344,-1.069,39.931,457,21.56
137592,-981.934,186.523,-322.266,5.023,-1.374,41.519,-901.367,-316.895,-261.230,-0.672,6.748,30.473,238,21.56
137623,-1041.992,77.148,-341.309,2.901,4.992,41.702,-901.855,-408.203,-295.898,1.786,5.534,28.695,137,21.56
137654,-1066.406,102.539,-316.406,6.977,9.718,29.649,-940.918,-361.328,-260.254,-1.298,9.290,30.740,85,21.56
137685,-1056.152,106.445,-272.949,8.557,9.534,24.893,-949.219,-333.496,-274.414,2.618,12.595,26.511,60,21.56
137716,-1030.273,133.789,-214.844,18.504,6.061,21.328,-928.223,-339.844,-283.203,5.969,8.992,21.924,51,21.56
137747,-1000.000,186.035,-167.969,19.847,3.351,18.130,-929.687,-316.895,-247.070,10.336,6.489,21.550,45,21.56
137778,-1008.789,231.445,-133.789,16.275,3.794,14.725,-992.676,-233.398,-223.145,-12.008,-20.634,21.779,41,21.56
137809,-968.262,282.227,-82.520,3.221,9.160,5.847,-982.422,-188.965,-239.746,2.198,7.183,13.977,37,21.56
137840,-954.102,289.551,-27.344,-6.351,7.947,5.519,-956.055,-190.430,-245.117,-7.023,1.733,11.405,72,21.56
137871,-944.824,297.852,-30.273,-12.748,5.817,5.794,-948.730,-231.445,-233.887,-12.046,-2.176,13.802,39,21.56
137902,-908.203,271.484,-50.781,-7.000,-3.656,5.824,-906.738,-268.555,-222.168,-5.656,-6.214,12.977,39,21.56
137934,-850.098,239.258,-109.375,-0.618,-8.702,-2.595,-851.562,-345.703,-200.684,11.366,-6.756,18.679,40,21.56
137965,-794.922,164.062,-189.453,25.344,-27.275,7.267,-724.121,-465.820,-191.895,31.840,-6.313,23.427,43,21.56
137996,-794.434,140.625,-283.691,59.336,-38.084,10.534,-745.117,-410.645,-133.301,71.634,0.901,28.786,38,21.56
138027,-1053.223,44.922,-128.906,64.145,-38.336,7.504,-920.898,-88.379,-160.156,77.802,7.237,35.053,39,21.56
138058,-972.168,345.703,-68.848,56.359,-30.000,-23.725,-1050.293,88.379,-242.676,49.458,13.099,29.931,39,21.56
138089,-1291.016,593.262,-131.836,16.641,-11.473,-15.450,-1526.855,-120.117,-465.332,18.122,3.069,1.954,39,21.56
138120,-1059.570,495.605,-297.363,-27.183,4.328,12.305,-964.355,-354.980,-424.805,-22.244,-5.069,-15.221,39,21.56
138151,-753.906,104.004,-209.961,-36.290,10.405,19.328,-660.645,-170.898,-299.805,-38.626,-10.954,-2.779,51,21.56
138183,-935.059,413.574,-89.844,-23.603,3.588,4.374,-878.418,-19.043,-129.883,-22.053,-12.412,3.397,39,21.56
138215,-929.199,418.945,-112.793,-23.000,1.641,-1.069,-981.934,-72.266,-108.398,-14.145,-8.565,3.092,39,21.56
138246,-912.109,275.879,-209.961,-26.924,6.092,-3.321,-935.547,-312.988,-195.801,2.855,29.053,5.382,40,21.56
138278,-988.281,270.508,-195.801,-28.420,6.985,-0.809,-985.840,-327.637,-354.980,-25.031,-6.260,-1.603,37,21.56
138310,-930.176,319.824,-159.180,-11.481,-2.802,5.000,-957.520,-218.262,-216.309,-13.076,-12.237,3.656,3702,21.56
138342,-923.340,332.031,-151.367,-8.023,-3.618,2.427,-947.266,-105.469,-152.832,-3.198,-7.985,1.634,3699,21.56
138374,-896.973,360.352,-134.766,-10.786,0.260,0.725,-1005.859,-116.211,-202.148,-7.832,-3.313,1.092,3699,21.56
138405,-928.711,360.352,-125.000,-12.863,3.221,-1.992,-1000.488,-168.945,-256.348,-10.931,-7.328,0.137,2837,21.56
138436,-925.781,367.187,-134.277,-14.382,1.504,1.954,-928.223,-146.484,-264.648,-16.237,-12.076,6.763,1459,21.56
138467,-917.480,373.047,-153.320,-23.214,4.641,5.779,-961.914,-126.465,-188.477,-23.718,-10.321,-0.397,717,21.56
138498,-930.176,314.453,-126.465,-20.191,6.962,0.573,-960.449,-213.867,-172.852,-20.160,-6.603,-1.855,378,21.56
138530,-947.266,303.711,-142.578,-8.611,-0.176,1.252,-952.637,-244.629,-208.496,-7.977,-5.420,0.031,202,21.56
138561,-931.641,334.961,-142.578,0.443,-1.588,-0.519,-949.707,-187.988,-223.633,-1.389,-1.725,2.885,116,21.56
138592,-915.527,367.676,-136.230,-3.740,-0.595,0.557,-969.238,-109.863,-218.750,-1.687,-3.305,1.321,77,21.57
138623,-911.621,367.676,-125.000,-5.267,3.527,-2.198,-958.008,-124.512,-180.664,-2.443,-3.366,-2.779,56,21.57
138654,-911.133,345.703,-132.324,-3.740,4.473,-0.321,-971.191,-159.180,-192.383,-3.092,-1.145,-4.275,47,21.57
138686,-934.082,347.168,-150.391,-2.481,1.847,-1.786,-972.168,-174.316,-214.355,-1.847,0.496,-2.763,3699,21.57
138717,-930.664,346.680,-137.207,0.405,-0.840,-1.267,-965.332,-174.805,-233.887,2.786,-0.450,-3.618,3697,21.57
138748,-913.086,358.887,-139.160,4.305,-3.672,2.992,-959.961,-165.527,-221.191,4.481,-1.954,-4.069,3695,21.57
138779,-910.156,355.957,-123.047,6.237,-2.076,3.107,-961.426,-143.066,-196.777,1.611,-4.023,-4.947,3689,21.57
138811,-920.410,380.859,-144.043,0.786,1.626,0.191,-965.820,-146.484,-207.031,4.504,0.305,-3.229,3695,21.57
138843,-915.039,382.324,-138.672,0.298,2.710,-1.763,-964.355,-160.645,-222.656,0.527,-4.863,-2.122,3693,21.57
138874,-925.293,367.187,-130.859,-0.366,3.702,-2.603,-968.750,-162.598,-215.820,3.466,-0.595,-4.893,2296,21.57
138905,-910.645,367.187,-133.301,3.092,-1.771,0.000,-968.750,-165.527,-201.660,3.725,-1.679,-2.359,1176,21.57
138936,-917.480,361.328,-132.812,4.008,-0.863,-1.275,-963.867,-172.852,-199.707,1.511,-0.878,-3.214,599,21.57
138967,-912.598,357.422,-140.625,2.481,-0.679,-3.565,-959.961,-166.016,-223.633,-0.214,-0.725,-4.046,312,21.57
138998,-921.875,355.469,-147.461,-0.641,0.221,-3.168,-958.008,-187.500,-211.914,-5.435,-5.099,-0.519,172,21.57
139029,-912.598,363.770,-137.695,-0.244,1.137,-5.969,-976.562,-177.734,-203.125,0.969,-0.855,-2.099,105,21.57
139061,-923.340,345.215,-136.719,1.282,1.550,-3.802,-964.844,-199.707,-225.098,0.160,1.901,-0.344,56,21.57
139092,-917.969,354.980,-145.996,1.260,2.489,-2.840,-967.773,-184.570,-222.168,0.603,-0.244,-0.863,40,21.57
139123,-925.781,366.211,-136.719,2.939,-0.122,-4.427,-969.238,-183.105,-211.426,3.992,-0.809,-1.176,51,21.57
139154,-1019.531,499.023,-165.039,2.824,-0.389,-0.221,-970.703,-377.441,-83.984,250.130,35.931,-233.038,41,21.57
139185,-937.012,333.008,-163.574,2.817,-3.038,-0.427,-1093.262,-317.871,-92.773,5.878,9.618,-47.863,40,21.57
139216,-909.668,312.012,-126.465,7.985,-0.107,-0.351,-728.027,-455.566,159.180,27.702,-26.214,-53.786,39,21.57
139247,-895.996,355.469,-114.258,4.427,2.931,-3.099,-1072.754,-135.254,-251.953,25.099,15.321,80.534,39,21.57
139278,-918.945,361.328,-174.805,-0.695,1.198,-3.893,-948.730,-147.949,-134.766,-0.489,0.687,5.595,37,21.57
139309,-919.434,331.055,-145.508,-1.557,2.435,-5.038,-923.340,-185.547,-189.941,0.962,5.534,-2.924,39,21.57
139340,-925.293,323.242,-122.070,5.473,-4.031,0.481,-961.914,-217.285,-155.273,8.397,1.786,-0.160,39,21.57
139372,-910.645,356.445,-139.160,7.786,-0.832,-4.435,-961.426,-176.758,-202.148,9.527,1.427,0.863,38,21.57
139404,-754.395,379.883,-91.309,-4.191,5.542,-6.382,-928.223,-50.293,-21.973,-45.733,-4.214,-250.137,39,21.57
139435,-901.367,325.195,-147.461,-2.511,2.924,-5.015,-916.016,-200.684,23.437,3.954,4.573,21.725,31,21.57
139466,-937.988,356.445,-187.500,5.076,-1.344,-1.718,-2000.000,-2000.000,578.125,140.282,102.290,30.000,38,21.57
139497,-943.848,357.422,-143.066,9.061,-3.840,-3.191,-959.473,-247.559,-120.605,10.924,0.603,6.183,38,21.57
139528,-907.227,354.492,-162.109,7.832,-2.618,-1.321,-954.102,-178.711,-184.082,6.374,1.672,1.191,39,21.57
139559,-931.152,343.750,-135.742,2.611,0.061,-5.756,-956.055,-207.520,-182.129,5.450,-0.252,-2.183,3699,21.57
139590,-931.152,341.797,-134.766,3.595,-3.237,-2.885,-957.031,-197.754,-181.641,7.336,0.672,-1.550,3699,21.57
139622,-918.457,355.469,-135.254,4.008,-0.748,-2.092,-2000.000,1999.939,-2000.000,250.130,-250.137,-51.626,3693,21.57
139653,-913.086,348.633,-158.691,-5.130,2.198,-3.443,-1206.055,-288.086,-166.992,52.611,21.863,-87.183,2229,21.57
139684,-939.453,250.000,-149.902,0.229,2.939,-7.382,-787.109,-317.871,-75.684,1.153,-0.397,-11.855,1146,21.57
139715,-925.781,353.516,-77.637,14.519,-3.374,-0.916,-455.078,1999.939,-2000.000,-250.137,168.015,-104.313,581,21.57
139746,-974.609,353.027,-161.133,9.679,-2.198,2.901,-1033.691,-170.898,-54.199,1.237,-2.023,6.023,1125,21.57
139778,-894.043,315.430,-161.621,-0.130,4.198,-1.023,-939.453,-228.516,-161.133,-2.099,2.977,-0.718,1739,21.57
139809,-951.172,329.590,-106.934,-0.588,4.160,2.275,-973.633,-257.812,-152.344,-3.573,3.664,7.008,2743,21.57
139840,-932.617,297.363,-121.094,3.221,2.359,5.038,-941.895,-226.562,-176.270,0.824,2.145,7.252,3693,21.57
139871,-911.133,358.887,-150.391,-0.740,7.855,4.824,-958.008,-194.336,-195.312,-3.664,3.992,5.382,3698,21.57
139902,-935.059,340.820,-157.715,-4.290,8.557,8.137,-958.008,-213.867,-211.914,-5.443,5.809,3.206,3691,21.57
139933,-927.734,344.238,-132.324,-3.931,7.771,8.649,-941.895,-205.078,-219.727,-4.137,1.160,3.679,3371,21.57
139964,-908.203,334.961,-163.086,1.557,4.389,12.130,-939.453,-213.867,-208.984,0.443,1.962,2.160,1765,21.57
139996,-915.527,356.445,-166.504,3.038,5.641,10.000,-939.941,-211.426,-240.234,5.718,3.366,1.931,856,21.57
140027,-911.621,353.516,-172.852,5.947,5.336,8.672,-951.660,-172.852,-247.070,7.672,4.443,4.725,443,21.57
140058,-895.996,377.441,-162.598,8.321,-0.305,10.855,-961.426,-148.926,-236.816,8.802,4.916,1.198,238,21.57
140089,-900.879,389.648,-157.715,9.870,-0.336,10.038,-964.355,-126.465,-229.492,2.779,-0.260,-0.031,138,21.57
140120,-895.020,388.184,-179.199,3.137,4.282,5.870,-967.285,-135.742,-239.258,4.870,1.557,-1.534,86,21.57
140151,-918.457,392.578,-176.758,1.405,4.679,4.290,-973.145,-131.348,-248.047,2.985,1.008,-1.733,57,21.57
140182,-901.855,408.203,-177.734,0.466,5.137,3.351,-961.426,-156.250,-258.301,-2.779,1.901,-0.458,51,21.57
140213,-906.250,410.645,-187.500,3.656,1.031,1.282,-965.332,-140.137,-251.953,2.985,-0.603,0.481,44,21.57
140244,-902.344,398.926,-182.129,3.748,0.374,-0.420,-959.961,-149.902,-256.348,4.107,-1.412,3.725,40,21.57
140275,-922.852,372.070,-189.941,8.214,-1.908,-0.962,-952.148,-176.758,-231.445,9.107,0.992,2.084,41,21.57
140306,-896.484,368.164,-170.410,9.260,-0.191,-8.206,-959.473,-173.340,-226.074,11.092,0.634,7.008,37,21.57
140337,-891.113,356.445,-173.828,10.412,-0.931,-9.038,-945.312,-177.246,-213.379,14.679,1.695,3.924,39,21.57
140368,-895.508,380.371,-141.602,9.802,0.244,-8.260,-958.008,-132.324,-188.477,10.153,4.000,1.687,37,21.57
140399,-903.809,362.305,-160.156,9.786,1.061,-6.672,-951.660,-184.082,-170.410,8.702,2.053,-4.534,38,21.57
140431,-905.273,359.863,-157.227,5.756,7.023,-7.229,-965.332,-180.176,-175.293,2.519,8.038,-3.901,39,21.57
140462,-900.879,400.391,-166.992,2.053,6.832,-2.641,-965.820,-144.531,-193.848,-0.473,7.092,-10.092,41,21.57
140494,-895.996,380.859,-190.430,-1.916,12.710,-6.031,-953.613,-151.855,-208.984,-5.435,7.252,-14.168,37,21.57
140526,-915.039,405.273,-185.059,-8.618,18.191,-5.176,-987.793,-170.410,-216.797,-14.863,8.634,-19.206,40,21.57
140557,-963.379,421.387,-156.738,-18.160,27.053,7.382,-1006.348,-266.602,-247.070,-21.008,1.122,-32.771,3695,21.57
140588,-988.770,298.340,-163.086,-19.824,27.435,26.351,-914.062,-428.223,-302.734,-18.053,-3.267,-51.992,3695,21.57
140619,-1146.484,323.242,-121.582,-13.229,19.115,41.664,-1048.828,-506.348,-356.445,-6.634,-4.908,-61.405,3699,21.57
140650,-1284.668,395.508,-124.023,-6.206,5.580,52.870,-1094.238,-576.172,-354.980,0.893,-5.687,-74.695,3691,21.57
140681,-1135.254,654.785,-143.066,-9.458,0.023,67.733,-1078.613,-508.789,-292.969,5.015,-11.511,-76.466,1882,21.58
140712,-1058.105,710.449,-124.512,-24.733,5.191,76.389,-1045.410,-385.742,-293.457,-7.099,-16.160,-79.855,955,21.58
140743,-1056.641,553.223,-241.699,-28.427,9.252,78.664,-942.871,-381.348,-251.465,-12.008,-18.740,-89.405,487,21.58
140775,-918.945,537.109,-297.363,-29.626,14.748,73.145,-855.957,-429.199,-223.633,-12.168,-19.679,-94.160,773,21.58
140806,-914.062,514.648,-294.434,-26.031,15.947,67.061,-823.242,-461.426,-277.832,-9.282,-19.656,-96.611,593,21.58
140837,-875.488,562.500,-300.781,-17.611,9.924,59.595,-790.527,-590.820,-277.832,1.855,-13.374,-95.992,309,21.58
140868,-829.102,628.418,-278.809,-5.786,0.145,57.832,-778.320,-629.883,-239.258,10.473,-7.237,-88.313,171,21.58
140899,-713.867,755.371,-273.926,-1.206,-4.733,55.817,-654.785,-780.273,-474.121,26.763,-3.840,-82.504,103,21.58
140930,-654.297,851.074,-239.258,-10.267,0.298,54.084,-788.086,-570.801,-294.922,11.779,-1.214,-93.718,71,21.58
140961,-687.988,879.883,-270.020,-12.496,2.198,57.153,-753.418,-674.316,-294.434,13.786,-4.733,-94.290,52,21.58
140992,-688.477,899.414,-269.531,-14.267,0.221,61.168,-652.344,-765.137,-289.551,13.718,-1.015,-92.832,43,21.58
141023,-677.734,747.559,-282.715,-9.595,-4.107,62.053,-635.254,-740.723,-203.125,14.076,2.008,-92.809,43,21.58
141054,-647.461,750.488,-301.270,-3.763,-4.183,54.496,-647.949,-720.215,-192.383,10.702,6.267,-89.580,40,21.58
141085,-632.324,665.527,-307.129,-0.832,2.397,40.740,-561.523,-772.461,-212.402,5.298,8.519,-91.893,39,21.58
141116,-633.301,602.051,-266.602,-0.557,8.786,21.626,-580.078,-841.797,-269.531,-5.603,4.740,-67.550,39,21.58
141147,-633.301,553.223,-226.074,4.290,7.420,2.405,-517.578,-805.664,-272.949,4.771,9.527,-97.557,39,21.58
141178,-610.352,534.668,-208.008,7.542,4.198,-20.725,-449.219,-863.770,-188.965,1.290,11.092,-89.298,39,21.58
141209,-580.566,582.520,-187.988,12.389,-2.160,-38.649,-407.227,-822.266,-194.824,0.443,13.069,-80.847,39,21.58
141240,-576.660,630.371,-174.805,15.382,-7.176,-51.389,-389.648,-867.187,-230.469,3.710,12.618,-78.603,39,21.58
141271,-554.687,685.059,-194.824,9.496,-6.214,-65.374,-306.152,-885.742,-194.336,7.595,15.901,-73.298,42,21.58
141302,-541.504,770.508,-191.895,7.328,-7.069,-66.176,-232.422,-922.852,-217.773,7.015,13.969,-67.107,38,21.58
141333,-544.434,790.527,-214.355,8.359,-3.809,-62.580,-255.371,-917.480,-194.824,4.618,10.618,-68.099,53,21.58
141364,-533.203,785.645,-181.641,7.336,-3.481,-51.893,-232.910,-925.293,-192.871,0.481,10.878,-62.397,40,21.58
141395,-538.086,788.086,-168.945,8.328,-0.878,-42.641,-174.805,-944.336,-186.035,-1.794,-3.183,-66.687,41,21.58
141426,-529.297,784.668,-166.016,7.931,-0.374,-31.649,-154.297,-943.359,-155.273,1.229,5.496,-50.962,39,21.58
141457,-519.531,745.605,-125.977,-0.954,5.885,-26.664,-147.461,-892.578,-180.176,-1.962,3.275,-50.985,38,21.58
141489,-515.137,686.035,-72.754,0.550,4.740,-13.351,-117.188,-870.117,-127.441,-1.023,-2.153,-50.145,39,21.58
141520,-493.164,641.113,-89.844,-3.275,7.084,-7.756,-76.172,-932.617,-170.898,3.008,-1.145,-37.351,39,21.58
141551,-534.180,640.625,-79.590,-6.458,4.260,-0.008,-78.125,-940.918,-158.691,6.573,-2.153,-27.817,38,21.58
141582,-551.758,601.562,-98.633,-7.748,-0.420,5.802,-44.434,-906.250,-146.973,9.069,-2.588,-21.672,39,21.58
141613,-566.895,552.734,-155.762,-6.458,-3.534,13.168,-52.734,-937.012,-192.871,8.534,-4.611,-10.450,37,21.58
141644,-633.301,562.012,-238.281,-8.908,-1.916,10.496,-40.039,-916.504,-180.664,4.496,-7.962,-9.542,39,21.58
141676,-668.457,583.496,-242.676,-8.153,4.046,13.885,-0.977,-967.773,-200.684,0.786,-9.786,-1.550,39,21.58
141707,-739.746,612.305,-238.770,-5.847,9.817,11.069,2.930,-989.258,-189.453,-2.962,-9.252,0.206,39,21.59
141738,-762.695,630.859,-319.336,-1.939,11.412,8.702,5.371,-998.047,-204.590,-6.496,-11.229,-4.855,39,21.59
141769,-818.848,633.789,-301.270,0.275,16.855,2.389,11.719,-1026.855,-227.539,-7.985,-8.863,-7.939,40,21.59
141800,-785.645,662.598,-250.000,2.092,15.550,-0.397,22.949,-1040.039,-235.840,-5.542,-7.672,-9.168,39,21.59
141831,-746.582,682.617,-161.621,-0.206,8.550,-6.954,-14.160,-1020.508,-262.695,-1.458,-6.870,-13.084,39,21.59
141863,-638.184,736.328,-143.555,-3.748,-3.626,0.763,-14.648,-992.676,-260.742,10.916,-1.344,-7.023,39,21.59
141894,-553.711,805.176,-122.070,-8.198,-8.443,10.374,-57.617,-981.934,-282.715,13.473,-2.084,-5.443,39,21.59
141925,-545.410,778.320,-103.516,-16.954,-16.802,22.756,-25.879,-942.383,-232.910,18.336,-4.962,-0.595,39,21.59
141956,-583.984,646.973,-214.355,-19.443,-16.496,28.382,9.277,-937.988,-181.641,20.473,-4.824,0.779,55,21.59
141987,-610.840,544.434,-256.348,-19.351,-17.595,29.901,-12.695,-901.855,-192.871,17.145,0.489,9.351,40,21.59
142018,-616.211,523.437,-273.926,-15.450,-11.229,19.710,-30.762,-905.762,-145.996,12.473,-0.359,10.733,38,21.59
142049,-647.461,556.641,-211.914,-9.565,-8.863,14.855,-13.672,-994.141,-145.020,9.695,1.557,14.092,39,21.59
142080,-604.492,749.512,-122.070,-7.969,-7.817,11.435,-54.688,-986.328,-124.023,10.115,2.893,17.038,40,21.59
142111,-570.801,786.133,-98.145,-4.038,-14.298,18.229,-94.727,-1000.488,-112.793,9.351,1.809,18.870,39,21.59
142142,-599.121,733.887,-143.066,-4.710,-4.794,19.817,-73.242,-965.820,-115.723,5.122,-1.992,15.191,39,21.59
142174,-688.477,698.730,-201.660,-2.031,0.649,18.641,-44.922,-1008.301,-116.699,2.153,-4.634,14.924,39,21.59
142205,-696.289,700.195,-170.410,0.351,-1.466,14.374,2.930,-989.258,-102.051,-1.466,0.931,14.244,39,21.59
142236,-669.922,702.637,-177.246,6.084,-6.519,16.649,-65.918,-1017.578,-151.855,-1.122,6.443,17.901,39,21.59
142267,-653.320,703.125,-151.367,2.931,0.099,6.427,-103.027,-1009.766,-135.254,-3.962,3.046,19.397,29,21.59
142298,-640.137,783.691,-132.324,2.634,1.336,3.557,-87.402,-1021.973,-165.527,-3.397,2.595,15.382,39,21.59
142329,-587.402,705.566,-124.512,2.611,-2.267,4.855,-87.402,-987.793,-164.551,-2.351,3.092,18.397,39,21.59
142361,-605.469,704.102,-142.090,-0.763,-2.031,-1.015,-142.090,-942.383,-152.832,-4.916,3.481,18.611,39,21.59
142392,-575.195,769.043,-139.648,0.542,6.191,-2.198,-201.172,-957.031,-199.707,-3.870,-2.053,15.473,39,21.59
142423,-633.789,843.262,-136.230,-0.359,6.176,-2.260,-52.734,-974.121,-100.098,-1.954,-8.511,16.405,41,21.59
142455,-634.277,798.340,-109.375,0.977,4.160,-0.107,-166.016,-1037.598,-220.703,-1.985,2.740,12.115,39,21.59
142486,-704.102,956.543,-98.633,-3.427,3.153,-1.573,-156.250,-1095.703,-207.520,3.634,-4.985,7.573,39,21.59
142517,-716.309,844.727,-133.301,-3.153,-6.573,7.145,-78.613,-1116.211,-113.770,6.763,3.405,6.977,39,21.59
142548,-756.348,772.461,-166.504,-2.214,-14.008,8.015,-133.301,-1052.734,-203.613,8.053,8.695,-1.076,41,21.59
142579,-707.520,740.234,-152.832,-7.023,-9.008,-6.511,-144.531,-998.047,-179.199,10.832,6.542,-2.954,56,21.59
142610,-623.535,737.793,-154.785,-4.885,-11.153,-8.565,-119.141,-996.094,-127.441,7.160,7.244,-4.160,40,21.59
142641,-562.500,729.004,-138.672,-2.947,-8.282,-7.107,-120.605,-977.051,-122.070,6.389,7.412,-0.840,38,21.59
142672,-540.527,682.617,-109.863,0.542,-9.672,-6.000,-128.418,-926.758,-142.090,4.015,4.298,2.802,2467,21.59
142703,-571.289,665.527,-102.051,-0.153,-9.496,-7.977,-126.953,-916.016,-136.230,3.305,2.817,4.954,1991,21.59
142734,-563.965,740.723,-100.586,-1.962,-7.985,-9.794,-139.648,-972.168,-138.184,4.153,0.069,8.763,2005,21.59
142765,-601.074,833.496,-93.750,-2.954,-6.511,-9.786,-129.883,-1014.648,-120.117,8.565,2.565,8.802,2189,21.59
142796,-625.488,788.574,-102.051,-3.733,-8.328,-2.702,-140.625,-967.773,-111.816,7.069,6.122,8.374,2143,21.59
142828,-599.121,702.637,-88.867,-3.908,-12.389,1.099,-136.230,-992.187,-133.301,5.702,3.840,14.634,1994,21.59
142859,-525.879,657.227,-94.727,-3.695,-14.588,0.237,-125.977,-948.730,-106.445,6.382,7.023,22.275,1834,21.59
142891,-443.359,641.602,-92.285,1.389,-13.130,5.710,-160.156,-883.301,-111.816,5.328,9.962,32.458,1635,21.59
142922,-400.391,595.703,-83.984,0.344,-12.443,8.115,-143.555,-861.328,-97.168,0.649,7.344,41.221,1247,21.59
142953,-394.531,554.199,-70.801,0.664,-11.947,5.672,-265.137,-809.570,-145.508,4.290,7.595,53.527,1053,21.59
142984,-446.777,667.480,-80.078,-1.908,-9.344,4.328,-283.203,-842.285,-70.801,-1.084,-0.824,56.000,693,21.59
143015,-419.434,611.816,-45.410,2.023,-6.496,6.565,-192.871,-814.453,-155.762,-4.718,7.145,38.038,425,21.59
143046,-453.125,662.109,-104.980,2.382,-7.321,0.611,-309.082,-794.434,-144.531,-7.344,1.962,53.641,264,21.59
143077,-518.555,743.652,-92.285,4.489,0.565,-7.450,-378.906,-859.863,-74.707,-9.267,-2.000,76.504,151,21.59
143108,-516.602,699.219,-66.406,2.412,4.198,-10.489,-343.750,-880.859,-116.211,-13.313,-1.198,86.847,93,21.59
143140,-524.414,654.297,-130.859,4.206,3.076,-14.580,-515.137,-866.699,-141.113,-19.847,-9.107,94.672,63,21.59
143172,-605.957,676.758,-121.582,2.557,14.023,-26.687,-552.246,-807.617,-119.141,-24.557,-13.336,93.649,55,21.59
143204,-626.465,551.270,-62.012,3.977,20.901,-44.435,-558.105,-774.414,-153.320,-27.511,-11.229,97.969,47,21.59
143236,-737.305,670.410,-125.000,0.550,26.573,-65.313,-640.137,-766.113,-128.418,-32.527,-14.160,99.504,89,21.59
143268,-727.539,609.863,-152.344,-2.824,29.756,-76.076,-641.113,-725.586,-146.484,-35.496,-13.962,99.878,360,21.59
143300,-847.168,581.543,-127.441,0.260,26.573,-95.137,-718.262,-765.137,-241.211,-33.611,-11.802,107.412,606,21.59
143331,-969.238,854.980,-105.957,-0.649,21.031,-99.328,-716.309,-750.000,-161.621,-30.649,-5.901,105.023,1007,21.59
143362,-881.836,672.852,-103.516,5.901,7.458,-96.847,-660.156,-786.133,-260.254,-18.053,2.672,106.794,1709,21.59
143393,-953.125,723.633,-147.461,17.817,-7.794,-94.176,-789.062,-718.262,-270.508,5.427,9.084,116.084,2407,21.59
143424,-1040.527,964.355,-150.391,17.985,-9.809,-82.389,-919.922,-612.305,-276.367,2.489,-4.443,91.779,3345,21.59
143455,-847.168,802.246,-126.465,24.176,-14.977,-53.382,-1131.348,-476.074,-306.152,20.939,23.008,65.595,3695,21.59
143486,-928.711,833.984,-174.316,23.580,-15.634,-22.725,-962.402,-596.680,-339.844,15.519,6.588,79.817,3695,21.59
143517,-902.344,817.871,-153.809,16.313,-9.939,5.763,-932.617,-554.199,-227.051,5.924,2.802,68.229,3693,21.59
143548,-880.859,637.207,-196.289,9.397,-4.298,27.611,-850.586,-568.848,-258.789,7.069,5.954,59.939,3689,21.59
143579,-800.781,602.051,-250.488,18.244,-7.992,36.313,-833.984,-467.773,-231.445,13.115,5.779,59.313,1943,21.59
143610,-962.891,237.793,-224.121,11.985,-2.664,27.794,-957.031,-273.437,-153.320,0.748,9.603,68.382,965,21.59
143641,-1017.578,12.207,-191.895,11.924,2.565,-6.924,-862.793,-176.758,-173.340,-1.756,16.832,72.771,493,21.59
143673,-1164.551,-127.441,4.395,17.992,-1.290,-62.740,-920.898,-139.648,-247.070,4.328,17.206,76.008,261,21.59
143704,-952.148,840.820,403.809,23.076,-24.466,-54.969,-1137.207,-270.996,-269.043,15.748,0.092,53.557,149,21.59
143735,-1397.949,83.984,266.602,9.870,-29.443,-48.206,-1237.793,-403.809,-103.516,21.763,-20.000,48.107,91,21.59
143766,-1326.172,355.957,-392.090,10.824,-17.832,-40.565,-1076.660,-425.781,-113.281,27.824,-16.221,36.107,63,21.59
143798,-1095.215,272.461,-510.742,19.374,-8.511,-26.282,-882.812,-505.371,-376.465,11.069,12.588,19.267,51,21.59
143829,-774.414,361.816,45.898,8.427,-11.015,-4.275,-806.641,-519.043,-514.160,2.366,11.511,7.603,45,21.59
143861,-919.434,432.129,61.523,3.351,-11.924,-7.191,-1033.691,-43.945,-75.195,12.427,-16.008,17.557,41,21.59
143893,-889.648,355.957,-115.234,-4.290,-2.198,-9.359,-924.316,-70.801,90.332,1.496,-9.977,5.634,39,21.59
143925,-880.371,337.891,-103.516,-12.878,7.153,-9.359,-925.293,-180.664,-147.461,-18.435,5.107,-5.916,42,21.59
143957,-952.637,349.121,-100.098,-17.656,8.634,-3.534,-970.215,-254.883,-325.684,-22.313,0.710,-11.435,39,21.59
143989,-939.453,333.984,-139.648,-11.191,4.870,-0.496,-937.988,-403.320,-287.109,-10.382,-9.031,-9.336,39,21.59
144021,-961.426,323.242,-137.207,-3.840,1.359,-0.435,-961.426,-275.879,-127.930,-0.237,-4.130,-2.298,42,21.59
144052,-908.203,357.422,-87.891,5.450,-4.809,3.710,-956.055,-196.289,-93.262,5.863,-0.031,-3.573,39,21.59
144083,-927.734,361.328,-63.965,4.641,-5.580,3.137,-964.844,-228.516,-141.113,4.191,4.504,-3.931,40,21.59
144114,-910.156,375.488,-99.609,4.893,-1.053,2.824,-964.355,-234.375,-207.520,0.550,1.191,-3.931,41,21.59
144145,-898.926,399.414,-100.098,-5.954,5.481,0.626,-962.402,-161.133,-231.934,-10.130,-2.038,-2.198,35,21.59
144176,-916.016,382.324,-112.305,-15.000,10.313,3.519,-953.613,-220.215,-176.758,-19.641,0.305,-5.076,39,21.59
144207,-915.039,341.309,-96.680,-13.618,11.084,0.855,-950.195,-292.480,-155.762,-14.496,1.382,-5.244,39,21.59
144239,-930.664,338.867,-92.285,-5.214,6.802,2.763,-960.937,-282.715,-194.336,-7.153,4.695,-2.443,40,21.59
144271,-908.203,370.605,-122.070,2.191,2.221,6.122,-953.613,-266.113,-226.074,-0.550,6.450,-2.267,39,21.59
144302,-917.969,398.437,-119.629,-1.374,6.718,5.305,-965.820,-218.262,-248.047,-1.481,6.664,-2.916,39,21.59
144333,-924.316,397.949,-125.000,-4.611,6.527,3.878,-951.172,-217.285,-234.863,-0.550,5.718,-4.130,39,21.59
144364,-908.691,404.785,-113.281,-3.214,7.298,3.588,-974.609,-181.152,-200.684,-6.053,2.557,-3.779,39,21.59
144395,-882.812,433.594,-83.008,-4.901,5.863,2.176,-960.449,-172.852,-198.242,-10.359,2.000,-4.168,38,21.59
144426,-880.371,419.922,-119.629,-9.687,9.618,-1.611,-957.520,-193.848,-219.238,-13.061,1.023,-0.679,36,21.59
144457,-911.621,387.695,-119.141,-8.305,7.130,-0.718,-949.219,-247.559,-229.980,-11.641,0.573,-0.771,40,21.59
144488,-909.180,387.207,-126.953,-9.183,9.947,-2.389,-945.801,-241.211,-229.492,-3.511,9.817,4.160,57,21.59
144519,-949.219,333.984,-50.781,-11.756,7.656,-4.252,-844.238,-296.875,-184.082,8.588,-0.725,-250.137,39,21.59
144550,-954.102,351.562,-158.203,1.863,1.672,0.198,-945.312,-398.437,-106.934,-0.550,-5.389,9.191,40,21.59
144581,-923.828,345.215,-128.418,11.496,-3.313,2.214,-974.609,-297.363,-190.430,6.321,7.244,-20.832,39,21.59
144612,-895.020,403.809,-102.539,11.389,-1.824,4.427,-956.055,-213.379,-195.312,10.176,5.176,-0.573,38,21.59
144643,-870.605,403.320,-129.883,3.191,3.267,-2.221,-946.777,-179.687,-208.984,3.038,3.878,1.679,39,21.59
144674,-903.320,417.480,-144.531,-0.519,5.550,-0.962,-964.355,-160.156,-229.492,-3.313,2.031,2.916,39,21.59
144706,-912.109,408.691,-138.672,-5.481,7.611,-3.916,-957.520,-196.289,-234.375,-7.985,0.939,-0.084,40,21.59
144737,-903.809,394.531,-123.047,-4.214,6.725,-4.504,-941.406,-269.043,-258.789,-5.733,-4.969,0.420,35,21.59
144768,-870.605,357.422,-171.875,0.107,3.779,-5.076,-969.238,-290.527,-351.074,-12.069,5.473,23.260,39,21.59
144799,-928.223,346.191,-172.363,7.962,-4.305,-2.649,-847.168,-25.391,-49.316,86.702,55.313,20.504,39,21.59
144830,-916.016,401.367,-118.164,12.122,-4.641,2.779,-954.102,-253.906,-213.379,5.214,-2.550,1.435,38,21.60
144861,-900.879,406.250,-140.137,11.023,-4.427,1.244,-954.102,-195.801,-198.730,9.985,0.191,2.168,39,21.60
144892,-886.719,415.039,-130.859,-0.443,3.916,-1.878,-951.172,-142.578,-217.285,0.977,-0.031,1.328,38,21.60
144924,-916.016,437.012,-135.254,-6.061,6.893,-0.527,-995.117,-108.887,-203.125,-11.969,-0.809,-1.275,38,21.60
144956,-886.719,428.223,-125.488,-15.580,13.244,-2.679,-953.125,-155.273,-204.102,-19.351,3.221,-3.137,39,21.60
144987,-934.082,350.098,-156.738,-25.191,16.153,-3.145,-958.008,-342.773,-223.145,5.382,31.992,-250.137,40,21.60
145018,-868.652,318.848,-175.781,-17.336,13.550,-7.046,-563.477,-225.586,-199.707,-64.947,-68.985,59.122,37,21.60
145049,-892.578,299.805,-150.391,-4.168,8.282,-7.893,-911.133,-322.754,-412.598,9.237,31.374,24.229,38,21.60
145080,-941.895,332.031,-91.797,6.611,2.374,-2.366,-895.020,-459.473,-259.277,10.198,4.878,21.260,39,21.60
145111,-939.941,313.965,-152.344,18.992,-8.420,7.206,-911.133,-422.363,-197.754,22.420,2.092,17.534,31,21.60
145143,-953.125,319.824,-172.363,27.382,-10.550,10.412,-952.148,-321.777,-236.328,25.252,-7.573,18.389,39,21.60
145175,-879.395,378.418,-166.504,33.435,-11.282,16.298,-856.445,-264.648,-266.602,15.061,-9.786,13.939,39,21.60
145206,-845.215,460.937,-143.066,22.519,-2.466,16.511,-949.707,-101.074,-241.211,20.885,4.260,13.763,38,21.60
145237,-879.883,419.922,-149.414,9.412,-1.061,15.275,-949.219,-195.801,-224.121,13.008,0.115,10.550,39,21.60
145268,-844.238,429.687,-150.391,5.595,0.763,18.153,-941.895,-17.578,-306.152,0.344,-0.565,5.038,40,21.60
145299,-872.070,459.961,-176.270,-3.802,4.130,17.229,-967.285,-106.445,-251.953,-4.847,-0.298,1.359,39,21.60
145330,-892.578,477.051,-170.410,-7.939,2.947,11.336,-987.305,-89.844,-271.484,-10.672,-1.641,0.008,39,21.60
145362,-882.324,452.148,-185.547,-11.099,4.756,7.664,-967.285,-130.859,-267.578,-13.237,-5.038,3.191,39,21.60
145393,-889.160,431.641,-170.410,-7.771,1.733,5.344,-958.984,-138.184,-267.090,-10.969,1.427,0.221,37,21.60
145424,-894.043,433.105,-171.387,-6.893,0.939,1.153,-971.680,-150.879,-263.184,-5.183,-2.611,2.885,36,21.60
145456,-872.070,432.617,-172.363,1.351,-2.511,4.115,-964.355,-189.941,-225.098,3.458,-4.985,3.382,39,21.60
145488,-879.883,445.801,-161.133,2.664,-3.924,2.664,-960.449,-142.578,-234.863,4.511,-1.267,0.397,39,21.60
145519,-870.117,464.355,-141.602,4.382,-4.275,2.466,-983.887,-91.797,-211.914,4.206,-2.542,-2.038,39,21.60
145550,-873.535,451.660,-152.344,0.229,-2.695,2.611,-969.238,-131.836,-231.934,2.336,-3.771,-0.756,39,21.60
145581,-877.441,457.031,-162.109,-5.924,1.634,-0.618,-955.078,-145.020,-236.328,-2.137,-4.519,-2.145,37,21.60
145612,-877.441,453.613,-165.039,-8.183,1.847,-2.260,-970.703,-153.809,-238.770,-3.206,-2.214,-2.595,38,21.60
145643,-864.258,457.520,-158.691,-7.763,-1.260,-2.977,-960.449,-144.043,-225.586,-4.229,-1.573,-0.550,39,21.60
145674,-876.953,445.801,-140.137,-1.954,0.115,1.382,-960.449,-158.203,-219.238,-3.420,-1.771,0.382,43,21.60
145705,-889.160,441.895,-134.766,-3.763,-2.344,0.634,-965.332,-153.320,-221.191,-1.824,-2.168,-0.710,39,21.60
145737,-880.371,442.871,-155.273,-4.542,2.588,-3.695,-965.332,-151.367,-205.566,-4.366,-3.359,-2.573,47,21.60
145768,-893.066,447.754,-146.484,-1.901,0.954,-3.771,-980.957,-157.227,-205.078,0.405,-1.130,-4.550,39,21.60
145799,-869.141,455.078,-135.742,-1.382,0.672,-2.313,-965.332,-159.668,-192.383,-1.069,-2.008,-5.420,39,21.60
145831,-877.441,443.848,-149.414,-0.779,-0.870,-3.603,-968.262,-175.781,-200.195,-0.580,-1.855,-4.122,40,21.60
145862,-875.000,439.453,-138.672,-0.290,-0.473,0.611,-957.031,-170.410,-214.355,-0.679,-2.481,-1.466,39,21.60
145894,-879.883,453.613,-145.996,0.176,1.191,-1.748,-972.168,-171.875,-219.727,-1.397,-1.420,-3.519,39,21.60
145926,-888.672,444.824,-145.020,-3.832,2.237,-5.679,-956.543,-183.105,-233.887,-2.603,-2.183,-0.580,38,21.60
145957,-880.371,434.570,-145.508,-3.916,3.618,-3.489,-975.586,-186.035,-232.910,1.771,-1.397,-3.802,39,21.60
145988,-878.906,443.848,-138.184,-2.412,-0.947,0.015,-959.473,-165.527,-221.680,-0.282,-0.809,-4.481,41,21.60
146019,-875.488,453.125,-151.367,-0.076,1.542,-2.183,-965.332,-164.062,-230.469,0.626,-1.863,-0.153,39,21.60
146050,-874.023,445.312,-132.324,-2.588,-0.313,-1.901,-953.613,-186.523,-216.797,-3.740,-2.282,-2.855,51,21.60
146081,-883.789,424.805,-145.020,-5.779,1.427,-6.023,-968.750,-194.824,-198.242,-4.870,-1.550,-1.443,39,21.60
146113,-883.789,445.801,-137.207,-3.534,1.779,-2.603,-961.426,-205.078,-226.562,-6.183,-3.069,0.305,39,21.60
146144,-889.160,430.176,-144.531,-8.336,4.969,-4.718,-947.754,-211.914,-207.031,-6.427,-0.916,-4.557,38,21.60
146175,-875.977,445.801,-131.836,-7.863,4.656,-2.046,-961.426,-195.312,-209.473,-6.634,-1.573,-2.634,39,21.60
146206,-867.187,440.918,-137.207,-9.412,5.870,-2.191,-1012.207,-177.734,-188.965,-11.504,-4.992,-0.260,39,21.60
146238,-881.348,435.059,-145.996,-7.885,6.885,-3.282,-947.266,-173.828,-216.797,-12.481,-5.611,1.244,39,21.60
146269,-882.324,437.988,-136.719,-7.305,5.328,-3.473,-980.469,-183.105,-258.789,-5.870,-2.031,-3.168,39,21.60
146300,-884.277,449.219,-149.414,-2.542,-2.557,-0.802,-963.867,-157.227,-180.664,-4.550,-1.069,2.992,39,21.60
146331,-891.602,428.711,-128.906,-2.496,0.214,-0.145,-1057.129,-147.461,-213.379,-3.931,-3.496,-1.000,38,21.60
146362,-889.648,463.379,-130.371,-5.908,3.328,0.718,-952.148,-179.687,-225.098,-9.053,-2.412,-0.481,50,21.60
146393,-852.539,459.961,-132.324,-16.725,10.985,-2.733,-949.219,-146.484,-224.121,-15.359,-2.313,2.725,37,21.60
146424,-873.535,434.570,-131.348,-22.618,11.221,-2.267,-956.543,-179.199,-216.797,-24.489,-5.122,1.855,38,21.60
146456,-873.047,446.777,-142.578,-25.183,12.344,1.206,-972.168,-212.402,-249.023,-27.023,-5.244,-2.260,37,21.60
146488,-876.953,459.473,-146.973,-19.779,8.840,5.099,-956.055,-255.859,-249.023,-23.015,-5.550,1.771,41,21.60
146519,-905.273,425.781,-149.414,-17.122,6.863,5.740,-960.449,-206.055,-234.375,-17.397,-5.359,1.443,39,21.60
146550,-880.859,442.383,-142.578,-13.168,5.992,1.473,-960.937,-172.363,-207.031,-4.802,3.405,4.855,39,21.60
146581,-866.211,467.285,-128.418,-11.443,5.557,2.534,-974.121,-135.254,-207.031,-13.435,-3.779,3.496,39,21.60
146612,-872.559,489.258,-125.977,-14.137,6.244,-2.053,-998.047,-102.051,-221.680,-14.344,-5.336,3.802,37,21.60
146644,-882.324,486.328,-127.930,-17.901,8.229,-1.557,-972.656,-83.984,-222.656,-15.832,-3.504,0.076,37,21.60
146676,-881.348,447.754,-129.883,-13.466,3.496,1.908,-967.285,-118.652,-220.703,-14.885,-4.038,-0.695,40,21.60
146707,-869.141,443.848,-128.418,-11.962,1.130,-5.382,-964.844,-133.301,-236.328,-6.878,-4.267,-0.794,38,21.60
146738,-866.699,462.891,-123.047,-4.756,-0.099,-5.954,-970.215,-124.512,-204.102,-1.969,-3.153,-4.496,37,21.60
146769,-873.047,440.430,-139.648,3.992,-4.840,-3.382,-961.914,-137.695,-208.496,7.771,-2.687,-2.962,39,21.60
146800,-882.324,444.336,-125.000,10.275,-9.481,-4.382,-964.355,-137.695,-203.613,14.878,-2.893,-6.695,39,21.60
146832,-888.184,454.590,-118.652,9.466,-8.427,-9.023,-956.055,-155.762,-218.750,18.954,3.198,-3.389,37,21.60
146864,-883.301,447.266,-120.605,12.878,-10.145,-9.626,-955.566,-169.434,-218.262,21.015,-0.534,-8.305,41,21.60
146895,-902.832,442.871,-137.695,18.847,-12.550,-7.626,-969.238,-192.871,-179.199,28.473,1.183,-4.389,39,21.60
146927,-882.812,447.754,-105.469,21.870,-14.298,-10.069,-969.727,-186.035,-168.945,31.595,1.962,-4.099,39,21.60
146958,-881.348,441.895,-98.633,23.298,-13.023,-7.252,-966.797,-190.430,-158.691,29.878,0.679,-3.382,40,21.60
146989,-885.254,452.637,-102.051,18.817,-10.840,-8.191,-980.469,-195.801,-156.250,26.168,2.504,-2.992,39,21.60
147020,-880.371,448.730,-104.492,16.878,-8.496,-4.824,-957.031,-213.867,-164.551,18.817,3.344,-3.305,39,21.60
147051,-880.859,439.941,-98.633,12.718,-4.099,-3.809,-957.520,-208.984,-166.992,12.168,2.336,-4.206,37,21.60
147082,-885.742,437.012,-89.355,3.557,5.473,-2.115,-950.684,-246.094,-162.598,4.435,4.611,-0.916,40,21.60
147113,-864.258,443.359,-90.820,-1.382,7.924,-3.664,-953.613,-213.379,-184.082,-4.053,3.000,-2.969,39,21.60
147144,-882.812,426.270,-117.188,-2.740,6.786,-0.916,-952.148,-225.098,-196.289,-4.092,3.145,-1.809,39,21.60
147175,-882.812,433.105,-106.934,-4.435,7.397,1.641,-967.285,-216.797,-203.125,-10.176,2.626,-1.450,38,21.60
147206,-887.207,440.918,-125.488,-8.817,10.160,1.061,-975.098,-213.379,-208.984,-13.916,3.282,2.885,39,21.60
147238,-893.555,422.363,-131.836,-11.176,13.130,-1.802,-958.984,-212.891,-218.750,-15.763,0.809,-0.122,39,21.60
147269,-885.254,439.941,-130.371,-7.840,10.427,2.130,-959.473,-194.336,-234.375,-12.863,2.939,3.405,39,21.60
147300,-893.066,435.059,-129.883,-3.931,8.473,3.458,-965.332,-201.172,-239.746,-11.916,1.137,0.763,38,21.60
147331,-889.648,430.176,-138.184,-7.763,9.511,-0.885,-941.406,-205.566,-227.051,-9.145,1.748,2.229,39,21.60
147362,-880.859,422.363,-142.090,-4.450,10.275,-1.122,-953.125,-234.375,-208.496,-4.954,1.519,1.206,39,21.60
147393,-882.812,418.457,-149.902,-1.550,6.710,-1.855,-956.055,-215.332,-218.750,-1.977,3.252,-0.863,39,21.60
147425,-856.445,470.703,-125.000,0.870,6.046,-1.237,-952.637,-157.227,-222.168,-0.878,5.015,2.809,38,21.60
147456,-889.160,420.898,-144.043,2.328,5.053,0.588,-946.777,-179.199,-227.539,0.779,1.260,-2.046,40,21.60
147487,-863.281,452.148,-148.926,2.618,2.466,4.672,-949.219,-180.176,-227.051,1.344,5.565,-6.542,39,21.60
147518,-869.141,437.988,-143.066,4.595,3.725,3.489,-960.937,-196.289,-238.770,1.214,2.588,-6.870,39,21.60
147549,-881.348,445.801,-143.066,4.756,3.481,7.267,-954.590,-205.078,-240.723,-0.038,4.924,-6.840,37,21.60
147580,-854.492,445.801,-162.598,0.924,6.847,5.824,-944.336,-218.750,-228.027,2.863,2.962,-10.008,39,21.60
147611,-889.160,471.680,-170.898,2.840,8.244,6.687,-979.004,-222.656,-227.051,0.198,2.588,-13.412,39,21.60
147642,-979.980,525.879,-179.687,-2.740,14.389,11.573,-1040.527,-263.184,-240.234,-0.061,-2.695,-18.130,39,21.60
147673,-1028.809,459.961,-174.316,-0.321,11.649,30.397,-1017.090,-392.090,-278.809,-0.092,-2.687,-35.237,39,21.60
147705,-1146.484,467.773,-214.355,-3.359,15.626,44.084,-1046.387,-478.516,-343.262,-6.435,-12.458,-58.718,39,21.60
147736,-1316.895,422.852,-287.598,-3.244,12.527,53.321,-1062.012,-557.129,-327.637,-3.809,-7.863,-85.985,39,21.60
147768,-1071.777,1020.508,-106.934,-0.664,5.786,78.275,-1005.371,-602.051,-354.492,9.336,-0.092,-102.046,40,21.60
147799,-1094.727,1082.520,-83.496,1.107,-6.595,117.626,-1087.891,-694.824,-296.387,23.099,-14.336,-111.397,38,21.60
147831,-1145.508,1030.762,-83.984,3.214,-17.504,129.519,-1073.242,-670.410,-343.750,42.359,-9.290,-114.504,3695,21.60
147862,-1009.277,1024.902,-117.676,4.626,-33.443,139.588,-1326.660,-529.297,222.656,64.695,-69.000,-74.389,3697,21.60
147893,-966.309,1108.887,-245.117,-1.794,-39.053,140.344,-995.605,-416.504,-323.730,56.069,-1.298,-130.977,3695,21.60
147924,-860.840,1110.840,-213.867,-15.298,-37.504,139.870,-873.535,-480.469,-159.180,51.824,-2.435,-152.809,3692,21.60
147956,-684.570,856.445,-224.121,-23.130,-38.580,123.344,-749.023,-742.676,-115.234,50.771,8.359,-152.931,1971,21.60
147988,-456.055,578.613,-285.645,-24.542,-30.511,95.000,-721.680,-663.086,-96.191,45.122,5.794,-141.229,981,21.60
148019,-253.418,298.828,-265.137,-21.519,-20.496,59.855,-542.969,-581.543,-120.605,31.115,10.809,-126.496,501,21.60
148051,-118.164,4.883,-169.922,-18.641,-14.847,24.534,-395.020,-481.445,-42.480,23.595,5.076,-99.664,264,21.60
148082,-19.531,-136.230,-104.492,-9.565,-16.733,-6.389,-302.246,-481.445,-21.973,18.244,10.718,-67.725,149,21.60
148113,46.387,-141.602,-83.008,-2.351,-18.649,-33.595,-235.840,-429.687,-7.324,14.756,12.771,-23.214,92,21.60
148145,172.363,65.918,-91.797,3.588,-13.015,-50.443,-285.156,-464.355,-61.035,4.649,13.534,13.550,62,21.60
148176,154.297,226.562,-106.934,8.061,-7.290,-57.534,-356.934,-498.047,-69.336,-0.389,8.076,47.267,51,21.60
148207,99.609,467.773,-93.262,9.802,-4.954,-58.695,-458.008,-552.734,-43.457,-9.504,0.626,76.221,43,21.60
148238,-52.734,638.672,-112.305,10.603,4.298,-62.878,-518.555,-643.555,15.137,-18.366,2.023,106.130,40,21.60
148269,-187.012,736.816,-135.254,14.542,13.664,-70.519,-645.996,-622.559,-54.688,-26.794,-0.832,127.427,41,21.60
148300,-285.645,815.430,-66.895,7.481,31.794,-84.389,-784.180,-618.652,-66.406,-38.763,-15.649,149.939,39,21.60
148331,-502.441,950.195,-56.641,-1.626,36.718,-94.649,-755.371,-512.207,-268.066,-49.481,-8.481,156.412,39,21.60
148363,-739.746,979.492,-45.410,-12.840,43.359,-110.550,-935.059,-526.855,-224.609,-50.115,-12.603,157.237,39,21.60
148394,-875.977,1061.035,25.879,-28.160,42.931,-122.427,-996.582,-465.820,-276.367,-69.832,-42.924,171.870,38,21.60
148426,-985.840,1109.375,-8.789,-36.863,35.519,-116.641,-921.875,-221.191,-556.152,-166.183,78.237,238.916,40,21.60
148458,-694.824,1642.090,33.691,-22.374,8.260,-93.580,-989.746,-299.316,-308.105,-79.786,-47.290,175.137,39,21.60
148489,-1804.199,183.594,-210.449,-22.710,-12.878,-62.969,-1318.848,-1627.930,-404.297,-25.092,-20.710,229.290,39,21.60
148521,-2000.000,-356.445,-179.199,6.527,-48.519,-108.649,-1334.961,-885.254,-492.676,58.267,-13.443,157.351,39,21.60
148553,-1601.563,928.711,-1125.000,79.802,-45.076,-22.527,-1045.898,-774.902,-247.559,52.061,-8.168,-13.176,38,21.60
148584,-314.453,358.887,434.082,23.977,-39.962,27.366,-532.227,-168.457,-112.793,23.710,10.771,55.878,40,21.60
148615,-748.047,823.242,72.266,51.244,-46.832,-29.267,-1433.105,1999.939,-199.219,44.702,19.901,67.557,39,21.60
148646,-719.727,732.910,-231.445,-42.817,1.885,-26.000,-792.480,298.828,-402.344,109.046,137.046,22.840,39,21.60
148677,-780.273,447.266,141.113,-94.725,29.969,-21.779,-878.906,-365.234,-426.270,-103.466,0.832,-35.931,3698,21.60
148708,-199.707,1246.582,-770.996,-108.206,-4.580,-8.015,-974.609,-902.832,203.613,-92.893,-34.366,-17.115,3701,21.60
148740,-982.910,218.750,-186.035,-32.092,17.168,-44.702,-856.934,-713.379,295.410,-15.496,-8.450,18.099,3691,21.60
148771,-892.578,337.891,-28.320,27.046,-13.718,6.183,-955.078,-103.516,-35.156,33.466,12.649,26.000,3701,21.60
148802,-872.070,617.187,-15.625,43.702,-18.908,0.809,-1013.672,70.313,-223.145,50.626,8.664,24.107,3701,21.60
148833,-806.641,623.535,-31.250,16.260,-10.198,-4.260,-1010.254,202.148,-292.969,8.427,1.321,20.389,3695,21.60
148864,-822.754,545.898,0.000,-4.901,-1.924,-9.122,-1005.859,128.418,-156.250,-17.275,-2.954,10.618,3693,21.60
148896,-876.953,437.500,-18.066,-9.290,4.786,-8.145,-937.500,-145.508,-30.273,-19.214,-1.939,7.038,2013,21.60
148928,-1256.836,780.762,-36.621,1.176,-5.038,-5.794,-991.699,-199.219,-28.809,6.237,4.038,4.611,1000,21.60
148960,-801.758,382.812,-8.789,20.351,-6.565,0.405,-906.250,-182.129,-62.988,18.344,6.908,2.122,3695,21.60
148991,-1505.859,1513.672,0.000,14.443,18.427,-4.588,-1033.203,-53.223,23.437,14.565,4.817,-2.832,3701,21.60
149022,1768.555,246.582,-257.812,-16.435,93.527,-24.321,-1116.699,0.488,17.578,8.458,3.489,-5.290,3695,21.60
149053,-851.562,553.223,-12.695,7.412,2.695,9.687,-1016.602,33.691,-70.801,5.405,7.588,-7.328,3699,21.60
149084,-833.496,528.320,-5.371,6.542,3.573,2.786,-996.582,-26.367,-44.922,0.992,8.504,-7.931,3693,21.60
149115,-870.605,561.523,0.488,4.817,7.817,-1.519,-1030.273,-67.871,40.039,-4.786,7.420,-3.168,3695,21.60
149146,-858.887,510.254,-16.113,-2.206,17.603,-4.710,-1001.953,-92.773,-38.574,-7.908,11.489,-6.053,2535,21.60
149178,-852.539,453.613,-50.293,8.550,15.542,-0.687,-954.590,-126.953,-75.684,-1.206,17.840,-3.573,1275,21.60
149210,-841.797,465.820,-26.367,15.435,12.748,1.267,-950.684,-157.715,-94.727,6.595,18.641,-8.427,631,21.60
149241,-835.449,450.195,-42.969,13.931,14.046,8.733,-941.895,-133.789,-54.688,4.687,19.763,-15.748,331,21.60
149272,-851.562,500.000,12.695,7.603,25.885,19.840,-955.566,-63.477,6.836,-6.282,19.496,-30.611,183,21.60
149303,-918.457,498.047,-57.129,-10.053,41.511,27.878,-1000.488,-29.785,-91.797,-21.168,19.550,-54.305,109,21.60
149335,-946.777,562.988,-295.410,-5.336,36.687,38.878,-1031.250,-197.266,-430.664,-15.580,26.023,-67.550,75,21.60
149366,-934.570,595.703,-227.539,15.099,20.496,28.328,-1004.883,-341.309,-598.633,16.458,26.191,-56.580,55,21.60
149397,-676.758,595.215,-129.883,24.817,3.328,10.809,-935.547,-239.258,-477.051,32.107,13.664,-18.336,45,21.60
149428,-525.391,641.602,-156.250,21.977,-2.718,-0.321,-843.262,1.953,-206.055,18.840,12.137,4.092,43,21.60
149459,-875.000,544.922,-110.840,9.840,8.015,-9.435,-1106.934,-15.625,-233.398,2.885,-4.458,-1.618,42,21.60
149490,-1327.637,676.270,-67.871,11.710,8.107,-5.305,-1232.422,-334.473,-312.500,12.756,-6.450,-38.008,40,21.60
149522,-1239.746,555.664,-275.879,-1.557,11.779,28.336,-1012.695,-666.016,-236.816,-17.588,-22.641,-85.740,39,21.60
149554,-1115.234,745.117,-180.176,-4.947,9.573,48.679,-1007.812,-687.988,-257.812,-9.420,1.718,-87.137,39,21.60
149585,-984.863,936.035,-113.770,3.122,2.931,82.076,-1076.660,-551.270,-267.578,15.183,-5.282,-96.122,39,21.60
149616,-1022.949,854.980,-0.977,5.092,-12.450,101.221,-1078.613,-479.980,-193.359,29.313,-4.443,-92.832,41,21.60
149647,-946.289,741.211,-167.969,11.847,-23.695,97.962,-893.066,-447.266,-211.914,42.641,-4.252,-99.328,39,21.60
149679,-872.559,908.691,-290.039,0.405,-23.122,97.504,-1047.363,-333.008,560.059,53.962,-77.809,-69.099,39,21.60
149711,-657.715,886.230,-213.867,-17.198,-5.710,88.008,-900.391,-359.863,-193.848,14.351,-10.885,-115.885,39,21.60
149743,-551.270,741.699,-141.602,-19.893,-3.214,82.130,-771.484,-561.035,-183.594,15.779,-16.336,-102.565,37,21.60
149775,-413.574,867.676,-135.254,-17.962,-6.107,78.771,-678.711,-663.574,-108.398,21.489,-12.145,-100.092,39,21.60
149806,-357.422,759.766,-125.488,-16.649,-8.557,78.733,-639.160,-657.715,-77.148,22.916,-6.878,-80.206,39,21.60
149837,-215.820,539.551,-124.023,-18.580,-9.489,71.153,-572.754,-499.512,-149.902,20.305,-2.832,-68.107,39,21.60
149868,-112.305,269.531,-144.043,-21.710,-4.382,55.450,-467.773,-463.867,-98.145,10.023,-2.847,-41.076,39,21.60
149899,12.207,-30.273,-174.316,-16.863,-3.641,32.893,-375.000,-453.613,-60.547,1.244,-3.901,-7.603,39,21.60
149930,26.367,-64.941,-138.184,-10.885,-1.053,8.695,-442.383,-357.910,-118.164,-7.817,-1.847,28.351,38,21.60
149961,61.523,-138.672,-217.773,-5.244,13.115,-31.053,-567.383,-216.309,-129.395,-19.634,-13.412,65.382,39,21.60
149993,-14.648,25.391,-226.562,-2.130,25.023,-72.908,-617.187,-291.504,-54.688,-29.405,-19.046,95.580,39,21.60
150024,-181.641,341.309,-143.066,-0.603,37.382,-115.229,-716.797,-433.594,-29.297,-46.748,-19.473,130.710,39,21.60
150056,-404.297,560.547,-104.492,-2.191,43.122,-162.328,-854.004,-450.684,-30.273,-57.977,-11.702,167.084,39,21.61
150088,-907.715,1093.750,-140.137,-5.580,46.893,-193.061,-969.238,-283.203,-105.469,-56.137,5.084,171.183,39,21.61
150119,-1033.203,1329.590,-14.648,-18.931,46.382,-203.733,-1159.668,-89.844,-363.281,-65.931,5.511,185.275,39,21.61
150150,-83.008,1999.939,22.949,-14.802,32.702,-159.924,-1238.770,-47.852,-611.816,-65.702,7.000,151.382,2803,21.61
150181,-2000.000,539.551,401.367,-82.008,20.901,-60.603,-2000.000,-1726.563,-468.262,-60.580,-27.450,127.069,1430,21.61
150212,-2000.000,223.145,-1603.027,-70.756,20.397,-98.870,-2000.000,-718.750,-279.297,-62.145,-90.351,26.840,718,21.61
150243,257.324,1132.324,-403.320,-23.656,1.038,7.344,-83.984,-1297.852,-13.184,-228.160,-114.374,98.611,373,21.61
150274,-529.297,-250.977,186.035,29.046,-49.779,-5.198,-633.789,-168.457,-199.219,89.389,-7.985,-19.664,203,21.61
150306,-1059.570,1041.992,-76.172,71.672,-63.229,-30.534,-1411.621,996.094,187.988,172.695,86.542,31.282,141,21.61
150337,-721.191,782.227,-93.750,-24.863,-8.962,-35.000,-824.707,79.590,-283.691,-19.618,-9.718,0.344,87,21.61
150368,-755.371,376.953,91.309,-64.931,12.702,-21.641,-813.477,-239.258,-252.930,-66.473,-18.733,-13.160,59,21.61
150399,-1006.836,458.984,-6.836,-63.046,12.634,-8.870,-1096.680,-380.371,338.379,-69.870,-29.061,-5.160,46,21.61
150430,-876.465,377.441,-56.641,-28.885,8.359,-14.863,-878.906,-520.508,241.211,-22.985,-5.550,17.366,42,21.61
150462,-897.461,285.645,-131.836,15.443,-10.321,-15.153,-936.035,-405.762,-67.383,22.405,10.137,25.321,39,21.61
150493,-894.043,476.562,-34.668,36.756,-18.611,-11.473,-993.652,-187.500,-198.242,38.939,7.282,27.634,3016,21.61
150525,-868.652,573.242,-45.410,23.183,-10.489,-11.924,-1024.902,168.945,-227.539,15.588,6.260,25.107,3695,21.61
150557,-817.871,489.746,-13.184,-10.328,4.679,-16.084,-956.055,252.441,-177.246,-25.359,1.634,11.374,3699,21.61
150588,-874.023,466.309,-16.602,-36.565,19.099,-16.557,-997.559,-86.426,-113.281,-46.115,0.229,0.977,3695,21.61
150619,-938.965,328.613,-33.203,-22.962,11.191,-5.069,-915.527,-344.238,-53.223,-26.481,1.427,28.443,2397,21.61
150650,-978.516,283.203,-28.320,11.137,-1.779,2.107,-954.102,-399.414,-39.551,10.450,5.748,2.542,1241,21.61
150681,-897.949,384.766,-3.418,30.176,-7.565,8.908,-960.449,-177.734,-26.367,32.267,7.313,1.069,615,21.61
150712,-877.930,467.285,-35.645,31.351,-4.847,6.137,-994.629,24.414,-54.688,35.573,10.260,-7.160,330,21.61
150744,-871.582,522.461,-48.340,27.870,0.252,5.588,-1003.906,77.637,-126.953,22.527,14.519,-4.115,175,21.61
150775,-762.207,523.437,-80.566,13.443,5.679,-3.832,-985.840,52.246,-147.461,12.511,13.397,-5.611,106,21.61
150807,-1079.590,417.969,-52.246,18.534,2.466,-4.198,-973.145,-55.664,-117.188,13.832,12.084,-8.130,71,21.61
150838,-880.371,418.945,-70.801,24.916,4.534,-5.115,-969.238,-98.633,-63.965,20.756,14.779,-12.099,39,21.61
150869,-875.977,406.738,-50.781,25.672,11.481,1.832,-937.012,-79.590,-34.180,24.725,23.076,-22.802,44,21.61
150900,-857.422,342.285,-2.441,21.244,15.679,10.260,-880.859,-98.633,-52.246,18.069,19.198,-49.252,43,21.61
150931,-1008.789,322.266,-77.637,14.702,21.382,31.351,-939.453,-259.277,-111.328,18.962,18.496,-80.405,41,21.61
150962,-1340.332,545.898,-382.324,40.214,9.473,49.198,-1253.906,-516.602,-408.203,40.672,19.679,-100.656,40,21.61
150993,-1428.223,505.859,-224.121,68.420,-16.550,48.901,-1250.000,-783.203,-660.156,78.031,23.908,-103.664,31,21.61
151024,-1233.887,506.348,-208.984,68.015,-28.198,39.832,-936.523,-1104.492,-395.996,45.023,-24.321,-120.137,38,21.61
151056,-923.340,919.922,84.961,64.748,-56.893,42.939,-921.875,-505.859,-430.664,89.557,21.573,-97.015,39,21.61
151088,-933.105,1258.301,45.410,70.405,-79.992,81.481,-1166.016,-466.797,-336.914,124.718,-10.176,-81.908,40,21.60
151119,-898.926,976.074,16.113,49.824,-82.870,97.893,-1093.750,-363.770,-320.312,102.771,10.695,-105.603,37,21.60
151150,-814.941,850.098,-141.602,22.870,-72.229,102.053,-854.980,-447.754,-158.203,79.779,-0.725,-109.779,38,21.60
151181,-726.562,696.777,-263.672,6.779,-55.756,99.626,-789.551,-439.941,-76.660,68.031,3.053,-107.511,39,21.60
151212,-541.992,566.406,-258.789,-1.031,-44.069,86.000,-695.801,-404.297,-62.012,51.603,6.939,-95.000,39,21.60
151243,-408.691,446.289,-89.355,-8.542,-31.687,70.504,-548.828,-489.746,-77.148,36.687,7.466,-85.405,39,21.60
151275,-281.738,225.586,-83.496,-0.603,-33.336,52.710,-440.430,-550.781,-23.926,35.786,13.420,-54.435,38,21.60
151307,-168.457,140.625,-140.625,9.038,-39.084,32.382,-440.918,-522.949,-15.625,34.725,12.878,-19.641,39,21.60
151338,-56.641,137.207,-202.637,12.992,-32.733,7.573,-287.109,-290.039,3.418,28.626,19.733,17.802,39,21.60
151369,-51.758,183.594,-278.320,18.038,-20.015,-12.656,-441.406,-367.676,-25.879,11.931,20.374,45.817,39,21.60
151400,-105.957,248.047,-272.949,23.023,-3.153,-35.374,-521.484,-401.367,1.953,-7.870,18.450,80.450,39,21.60
151431,-195.801,338.379,-210.937,26.298,10.603,-54.260,-605.469,-388.184,-50.781,-19.313,20.023,105.725,39,21.60
151463,-395.508,521.973,-165.039,16.565,36.252,-85.389,-936.523,-251.953,53.223,-72.458,-25.779,127.153,39,21.60
151495,-673.828,712.402,-115.723,7.969,52.420,-110.244,-932.129,-312.988,-42.969,-54.481,9.359,145.557,39,21.60
151527,-908.203,922.363,-28.809,-7.969,61.366,-129.748,-1082.520,-250.977,-149.902,-72.305,9.763,132.588,39,21.60
151559,-1060.547,1039.063,9.277,-36.473,66.489,-138.824,-1145.996,-166.504,-274.414,-88.931,3.687,149.702,39,21.60
151591,-1991.699,545.410,470.215,-53.076,43.779,-83.885,-1509.766,-440.918,-602.051,-97.527,-9.328,123.191,29,21.60
151623,-2000.000,-400.391,959.961,-66.908,-0.519,-126.573,-1829.590,-936.523,-676.758,-68.412,-32.275,112.557,37,21.60
151655,-1782.227,401.367,-1368.164,-18.458,-3.863,-19.954,-1166.504,-1038.574,-163.574,-7.672,-36.389,-0.969,38,21.60
151687,-463.379,-288.086,-99.121,26.244,-40.435,19.092,56.641,-921.387,-392.090,75.634,-5.962,-8.466,38,21.60
151718,-621.582,83.008,362.793,86.656,-81.412,-3.969,-815.430,163.086,-213.379,124.847,-22.824,75.496,41,21.60
151750,-1072.266,1104.004,-59.570,47.817,-50.099,-11.824,-1541.504,627.930,355.957,49.962,-27.817,40.099,54,21.60
151782,-689.941,490.723,36.621,-62.870,11.588,-1.962,-793.457,138.672,-183.594,-83.908,-5.290,10.679,45,21.60
151814,-807.617,378.906,72.266,-76.817,21.802,6.687,-893.555,-63.477,20.996,-83.626,-21.382,-11.908,41,21.60
151845,-1003.418,416.016,-57.129,-52.924,16.931,12.618,-1051.758,-585.937,122.070,-42.092,-20.328,-18.695,41,21.60
151876,-2000.000,1999.939,-2000.000,63.840,48.084,88.061,-1038.574,-59.570,166.504,-7.221,-12.588,13.015,3711,21.60
151907,-920.410,985.352,311.035,29.336,74.176,42.435,-1108.398,-14.648,-7.812,20.733,4.794,26.023,3687,21.60
151938,-998.535,794.434,-395.020,12.702,-83.252,36.344,-1079.590,163.574,-116.211,14.550,0.092,19.206,3693,21.60
151969,-816.406,585.449,1.953,-5.649,-0.221,-10.794,-1034.180,207.520,-124.512,-16.458,-6.237,15.145,3695,21.60
152001,-846.191,520.996,7.812,-25.817,8.443,-16.947,-991.211,3.906,-24.414,-39.008,-3.153,8.870,3693,21.60
152032,-867.676,426.758,-2.441,-26.725,9.023,-19.947,-957.520,-232.422,0.000,-39.954,-0.053,13.855,3556,21.60
152064,-904.297,398.437,-21.973,-11.527,2.939,-19.313,-990.234,-261.719,-83.008,-18.756,5.748,18.687,1705,21.60
152095,-908.203,385.254,-15.137,-1.534,0.145,-10.908,-990.723,-147.949,-86.914,-5.008,1.779,12.763,859,21.60
152127,-1065.430,637.207,-18.555,-4.855,3.229,-14.771,-951.660,-14.160,-51.270,-5.710,3.084,6.420,435,21.61
152159,-900.879,405.762,-26.367,-11.450,15.794,-6.954,-1008.301,-23.437,-22.949,-9.664,3.412,3.282,3646,21.61
152190,-676.758,245.605,1.953,-10.565,14.122,0.122,-970.703,-182.129,-5.371,-11.305,7.206,-7.649,3693,21.61
152222,-846.680,541.016,88.379,-7.626,15.153,-2.771,-983.887,-119.629,-37.598,-10.847,9.198,-11.740,3695,21.61
152253,-867.676,410.156,24.902,-3.191,15.794,7.229,-974.609,-236.816,-119.141,-6.916,7.481,-17.198,3693,21.61
152284,-497.070,673.340,145.508,-4.099,24.885,25.237,-1037.109,-210.449,23.926,-1.626,5.992,-34.458,2259,21.61
152315,-965.820,407.715,-32.227,-9.878,33.023,55.908,-944.824,-198.730,-63.477,-1.962,-3.107,-60.695,1147,21.61
152346,-1284.668,508.301,-247.070,-7.015,33.282,72.588,-1153.809,-261.719,-337.891,-5.214,5.954,-96.443,585,21.61
152377,-1342.773,441.406,-137.207,2.527,24.221,86.618,-1166.504,-433.105,-360.840,11.344,4.366,-119.229,307,21.61
152408,-1247.559,597.656,-49.316,6.137,13.427,79.664,-1060.059,-565.430,-248.535,17.122,4.443,-121.244,171,21.61
152439,-925.781,1213.379,54.688,4.603,5.046,86.916,-1187.500,-451.660,-282.715,21.779,3.008,-110.817,3695,21.61
152470,-797.852,1102.539,189.453,2.626,-12.221,105.275,-1106.934,-375.977,-214.355,30.344,-3.481,-100.756,3693,21.61
152501,-741.211,825.195,185.059,1.046,-30.198,98.794,-980.469,-326.660,-223.145,38.244,-8.931,-97.840,3685,21.61
152532,-552.246,731.934,-39.063,-5.878,-33.939,90.397,-803.711,-135.254,-115.723,25.290,-4.695,-82.664,2109,21.61
152564,-367.676,611.328,-151.855,-19.176,-23.733,81.229,-701.172,-367.187,-85.938,17.473,-20.359,-71.718,1050,21.61
152595,-315.430,496.582,-179.687,-22.008,-17.137,65.405,-663.574,-358.398,-13.184,16.603,-12.427,-55.313,541,21.61
152626,-245.605,364.746,-166.504,-22.244,0.336,40.939,-589.844,-329.590,-18.555,6.702,-10.153,-35.840,285,21.61
152657,-193.848,253.418,-170.898,-17.588,9.901,21.924,-705.566,-307.617,54.688,1.107,-8.977,-11.740,159,21.61
152689,-216.309,251.465,-161.621,-8.557,15.183,1.244,-634.766,-342.285,23.926,-19.321,-5.786,10.000,98,21.61
152720,-174.805,244.629,-178.711,-2.992,30.939,-38.443,-664.551,-293.457,-76.172,-32.290,-2.687,40.626,72,21.61
152752,-278.320,272.949,-177.246,-6.710,41.443,-71.092,-708.008,-278.809,-38.086,-49.405,-6.046,66.008,53,21.61
152784,-417.969,333.008,-143.555,-11.122,56.496,-106.405,-761.719,-284.668,-77.637,-68.664,-6.733,94.779,45,21.61
152816,-685.547,590.332,-110.352,-20.947,71.466,-147.214,-899.414,-209.473,-98.633,-84.099,-4.321,118.000,41,21.61
152848,-896.484,853.027,-102.539,-35.992,76.634,-176.183,-981.445,-94.238,-181.641,-97.046,0.664,130.565,41,21.61
152879,-1089.844,1059.570,-31.738,-54.008,76.099,-186.351,-1123.047,-142.578,-372.559,-112.794,2.695,137.382,40,21.61
152911,-704.102,1999.939,282.715,-51.191,57.511,-119.656,-1107.422,-170.898,-1038.574,-250.137,-21.374,206.160,40,21.61
152943,-2000.000,-814.941,750.000,-55.160,-5.496,-82.695,-2000.000,-1586.914,-714.844,-21.427,-6.611,86.344,39,21.61
152975,-2000.000,-131.836,-1073.730,19.244,-13.176,-33.802,-1572.754,-1117.188,-81.055,54.855,-35.229,-7.061,41,21.61
153007,-144.043,91.309,-297.852,42.740,-35.458,22.786,-244.629,-457.520,112.305,91.008,10.389,22.893,40,21.61
153039,-761.719,264.648,283.691,87.580,-61.214,-8.092,-924.805,302.246,-289.551,146.664,61.542,142.031,1944,21.61
153070,-1002.441,1003.906,-40.039,61.527,-42.924,-22.359,-1310.547,513.672,2.441,50.649,-9.611,27.771,3695,21.61
153102,-763.672,393.066,-51.270,-24.885,-2.985,-15.878,-813.965,119.629,-207.031,-32.802,12.084,11.878,3700,21.61
153134,-850.586,412.598,102.539,-54.023,12.221,-9.679,-1068.359,8.301,-158.203,-76.420,-18.435,-7.794,3695,21.61
153165,-957.520,337.402,-80.566,-45.397,11.649,-4.634,-1033.691,-395.020,69.824,-71.252,-37.985,-11.061,3686,21.61
153196,-941.895,251.465,-77.148,-17.511,-1.122,-1.267,-759.766,-249.023,-119.629,-20.947,-9.458,-7.496,1917,21.61
153228,-925.781,338.379,-15.625,15.511,-15.229,4.786,-955.078,-287.598,-116.211,16.725,4.649,3.023,927,21.61
153259,-899.902,429.199,0.000,15.237,-13.863,11.603,-1027.832,-93.750,-87.891,17.954,-2.321,-2.099,3695,21.61
153290,-878.418,448.242,-9.766,1.229,-2.489,10.511,-976.074,54.199,-138.184,3.687,0.489,-10.550,3695,21.61
153322,-856.934,479.980,48.828,-13.183,5.519,16.321,-987.305,135.254,-14.160,-13.840,-6.122,-21.092,3692,21.61
153354,-865.234,506.836,16.113,-22.870,17.031,13.313,-958.496,-19.043,44.922,-27.382,-4.908,-31.870,3509,21.61
153386,-915.527,386.719,-100.098,-22.542,16.733,4.489,-974.609,-237.793,-88.379,-19.053,1.672,-24.053,1692,21.61
153417,-831.543,493.652,26.367,4.153,6.565,-0.809,-1000.977,-312.012,-184.570,7.336,4.427,-16.145,1107,21.61
153448,-905.273,438.965,-38.086,17.031,-2.672,0.908,-995.605,-129.883,-69.824,24.550,1.565,-15.756,2185,21.61
153479,-872.070,443.848,-41.016,19.786,-4.733,-4.855,-966.797,-62.500,-96.680,20.863,9.519,-13.214,3699,21.61
153511,-834.473,459.961,-12.207,9.954,1.092,-5.626,-1001.465,-95.215,-201.660,4.328,8.130,-16.702,3699,21.61
153543,-910.645,468.262,-43.457,-3.313,9.634,-11.809,-985.840,-199.707,-144.531,-6.427,3.748,-15.168,3695,21.61
153575,-921.875,358.398,-60.547,-3.962,7.130,-10.382,-935.547,-300.293,-55.176,-3.511,8.985,-11.481,3699,21.61
153607,-926.758,353.027,-24.414,6.679,3.328,-10.336,-936.035,-319.824,-90.820,4.733,9.198,-12.092,3695,21.61
153638,-918.945,418.945,-44.922,8.794,5.137,-5.542,-971.680,-251.465,-137.695,3.496,7.443,-8.687,3695,21.61
153669,-860.840,463.379,-14.648,-2.763,10.771,-6.855,-975.586,-230.469,-169.434,-3.824,5.901,-7.405,3235,21.61
153700,-915.039,403.320,-45.410,-6.183,14.573,-8.626,-961.426,-227.051,-157.227,-10.031,5.092,-7.634,3693,21.61
153732,-915.527,418.945,-67.871,-9.664,13.916,-9.618,-966.309,-241.211,-140.137,-14.359,5.870,-8.336,3700,21.61
153764,-897.461,411.133,-52.246,-10.130,13.733,-7.771,-967.285,-280.762,-158.203,-15.748,5.954,-2.000,3699,21.61
153796,-924.316,386.230,-93.262,-8.863,13.656,-9.710,-990.723,-319.336,-206.543,-18.573,6.321,0.573,3689,21.61
153828,-922.363,354.980,-88.379,-9.237,13.382,-9.344,-944.824,-336.914,-206.055,-11.649,6.137,2.130,1943,21.61
153860,-926.270,384.766,-93.262,-4.397,11.267,-7.611,-950.684,-300.293,-185.059,-6.359,4.649,0.977,941,21.61
153891,-938.965,361.328,-96.680,1.206,6.466,-8.366,-1076.660,-185.547,-198.242,-7.107,2.611,6.015,482,21.61
153923,-896.973,391.602,-115.723,-2.466,6.267,-3.351,-961.426,-267.578,-225.586,-43.023,35.740,89.366,270,21.61
153954,-928.711,344.238,-111.328,0.786,6.489,-6.191,-887.695,-319.824,-17.578,-0.420,-3.672,27.611,140,21.61
153985,-975.098,427.246,-55.176,6.412,4.649,-5.649,-1217.285,-53.223,-184.082,-70.992,-15.046,-250.137,90,21.61
154016,-920.410,411.133,-83.496,0.748,6.702,-3.496,-927.734,-205.566,-252.930,-1.130,3.252,2.496,63,21.61
154047,-919.434,376.465,-122.559,0.893,2.603,-3.145,-974.609,-198.242,-213.867,-4.931,1.252,2.588,53,21.61
154078,-925.293,370.117,-91.309,1.580,2.931,-1.962,-957.031,-233.398,-204.102,-5.267,1.985,1.374,43,21.61
154109,-927.246,365.234,-104.492,1.374,4.313,-6.443,-953.613,-236.816,-185.059,-0.099,1.405,1.336,43,21.61
154140,-929.199,370.117,-101.074,3.000,1.260,-5.824,-969.727,-210.937,-178.223,1.366,0.595,3.229,41,21.61
154171,-1134.766,544.434,176.758,5.771,5.084,-6.672,-848.633,-10.254,-792.969,-80.336,11.656,-250.137,39,21.61
154202,-921.875,382.812,-132.812,-3.779,3.527,-4.908,-1160.156,-41.504,447.754,12.145,59.878,-64.427,39,21.61
154233,-912.109,302.246,-93.262,8.053,-1.626,-2.672,-2000.000,-293.457,737.793,-55.458,-40.015,-12.901,47,21.61
154265,-896.973,398.926,-76.172,9.420,0.679,-3.115,-963.867,-217.285,-212.402,10.878,10.634,42.809,40,21.61
154297,-906.250,404.785,-100.586,3.908,1.763,-7.382,-976.562,-167.480,-201.172,2.924,2.664,3.008,39,21.61
154329,-924.316,364.746,-95.703,0.489,0.901,-1.916,-945.801,-199.707,-209.473,0.023,3.618,2.947,39,21.61
154360,-934.570,354.004,-110.352,-0.718,2.275,-6.840,-973.633,-206.543,-195.801,-0.382,0.336,-0.939,28,21.61
154392,-934.082,362.793,-103.027,5.221,-1.794,-4.511,-956.543,-211.914,-202.637,2.725,-0.366,0.267,40,21.61
154424,-922.852,372.559,-107.422,6.092,-2.672,-5.198,-2000.000,1999.939,1445.313,-250.137,250.130,-250.137,39,21.61
154456,-909.180,348.633,-109.863,-3.237,5.634,-8.008,-899.414,-326.660,-131.836,-55.824,-18.534,0.679,39,21.61
154487,-918.457,324.707,-97.656,5.802,-3.595,-6.435,-922.363,-254.883,-109.863,4.771,5.282,4.817,40,21.61
154518,-923.340,387.695,-81.055,10.565,-6.275,-5.359,-966.797,-211.426,-219.238,10.252,0.550,4.435,39,21.61
154549,-925.781,360.352,-117.188,4.198,-0.847,-6.588,-924.805,-183.594,-216.309,2.725,1.000,7.992,39,21.61
154581,-935.547,361.816,-104.004,2.473,-1.527,-3.733,-970.215,-215.332,-215.820,0.916,0.000,6.023,40,21.61
154613,-933.105,336.426,-90.332,3.634,2.687,-6.985,-960.449,-234.863,-177.246,2.878,0.122,4.931,39,21.61
154645,-922.363,326.172,-100.098,4.046,2.076,-5.115,-970.215,-213.379,-174.316,6.847,3.099,9.748,39,21.61
154677,-927.246,342.773,-93.750,11.580,-1.847,0.115,-957.031,-194.336,-198.242,9.344,2.221,9.824,43,21.61
154708,-917.480,349.609,-96.680,7.924,1.702,-3.748,-967.285,-162.598,-194.824,8.878,4.519,7.466,39,21.61
154739,-925.293,349.121,-106.934,3.962,2.122,0.618,-959.961,-145.996,-201.660,8.458,2.092,4.305,41,21.61
154770,-930.664,340.332,-121.094,5.382,2.031,-0.344,-955.566,-138.184,-208.008,9.916,6.168,0.489,40,21.61
154802,-923.340,349.609,-128.418,5.267,1.290,-2.534,-963.867,-146.484,-205.566,9.122,2.336,0.786,39,21.61
154834,-937.988,362.305,-132.324,8.580,0.145,-0.168,-981.934,-137.207,-216.797,6.260,3.489,4.496,40,21.61
154865,-906.738,357.910,-111.816,5.252,2.740,-4.313,-965.332,-135.254,-193.359,5.397,5.267,3.885,41,21.61
154896,-924.316,341.797,-112.305,0.275,4.496,-4.305,-973.633,-146.973,-213.379,3.992,2.611,2.656,40,21.61
154927,-916.992,342.773,-123.047,-1.473,5.504,-4.718,-958.008,-163.086,-201.660,1.237,6.794,1.275,39,21.61
154958,-910.645,331.055,-123.535,0.450,3.588,-2.290,-955.078,-166.504,-235.840,-0.534,5.214,4.221,43,21.61
154990,-931.152,323.242,-124.023,-3.511,9.076,-2.260,-957.520,-170.410,-233.398,-1.802,6.183,2.519,37,21.61
155021,-924.805,317.871,-122.559,1.153,3.809,0.420,-959.473,-208.496,-231.934,4.229,8.321,-1.534,40,21.61
155052,-938.965,323.242,-134.766,1.565,1.794,-1.313,-961.914,-180.664,-241.699,3.046,3.664,1.511,39,21.61
155083,-945.801,345.215,-145.020,3.962,-0.092,2.802,-955.566,-161.133,-249.512,4.229,1.931,1.885,39,21.61
155114,-926.758,345.215,-142.578,4.000,2.878,0.115,-964.355,-142.578,-260.742,4.863,3.076,0.023,39,21.61
155145,-913.574,352.051,-132.812,3.069,2.015,-2.695,-964.844,-138.184,-267.578,2.756,1.313,-0.779,39,21.61
155176,-935.059,340.820,-138.184,1.389,1.641,-1.664,-973.145,-154.297,-258.789,3.107,-0.557,-0.580,40,21.61
155208,-919.922,348.145,-144.043,2.573,0.580,-0.618,-959.473,-156.250,-252.930,3.000,1.924,1.550,37,21.61
155239,-924.805,332.520,-133.789,3.397,0.954,0.069,-963.867,-161.621,-253.906,4.336,0.115,0.183,39,21.61
155270,-929.687,338.867,-137.207,5.038,-3.008,-0.145,-958.008,-163.086,-251.465,1.458,-4.000,4.427,38,21.62
155301,-932.617,339.844,-125.488,5.756,-3.061,-0.840,-971.191,-160.645,-220.703,2.229,-1.954,3.817,40,21.62
155332,-913.086,338.867,-137.695,3.718,1.008,-0.198,-967.773,-152.344,-235.840,-1.176,-2.550,5.298,40,21.62
155364,-929.199,331.055,-110.840,0.656,-0.656,-1.130,-967.773,-132.324,-192.871,-3.206,0.214,4.824,38,21.62
155396,-919.922,342.285,-122.070,-6.511,5.969,-3.420,-961.914,-154.785,-196.289,-4.595,2.359,7.450,39,21.62
155427,-937.012,318.359,-129.395,-5.229,5.206,2.794,-966.797,-187.988,-222.656,-5.290,0.267,3.672,39,21.62
155458,-928.711,324.707,-132.324,-3.466,3.550,2.458,-969.727,-171.387,-216.309,-7.237,1.084,1.519,39,21.62
155489,-931.641,337.891,-135.254,-0.237,2.107,2.099,-968.262,-120.605,-236.328,-3.771,-0.221,-2.015,45,21.62
155521,-919.922,344.727,-147.461,-0.573,1.038,3.076,-952.148,-103.516,-279.297,-0.076,-0.466,-0.443,39,21.62
155552,-933.105,360.840,-154.785,1.290,1.046,3.992,-969.238,-82.520,-265.137,0.511,-1.191,-5.771,39,21.62
155583,-925.293,370.605,-145.996,-3.672,3.618,-4.870,-982.910,-96.191,-250.977,-0.824,-2.977,-4.008,39,21.62
155615,-929.687,356.934,-138.184,-2.672,1.595,-0.756,-965.820,-83.984,-254.883,-3.809,-1.992,-1.702,39,21.62
155646,-932.617,358.398,-144.043,-3.084,-0.519,-4.137,-971.680,-108.887,-261.230,-5.198,-1.076,-3.977,39,21.62
155678,-916.504,341.797,-155.273,-4.420,-0.168,-4.985,-960.449,-148.437,-231.445,-6.206,-3.542,-4.443,39,21.62
155710,-916.016,356.445,-128.418,-8.061,1.107,-9.603,-959.961,-203.613,-226.562,-9.221,-2.740,0.305,39,21.62
155742,-937.012,322.266,-116.211,-9.305,6.237,-10.015,-957.031,-220.215,-201.172,-12.153,-0.702,4.847,39,21.62
155773,-930.664,332.031,-119.141,-14.198,8.908,-8.351,-956.543,-231.934,-196.777,-12.779,-0.855,2.328,39,21.62
155804,-938.965,313.477,-117.676,-10.015,6.908,1.397,-952.148,-261.719,-223.145,-15.885,0.748,2.779,39,21.62
155835,-929.199,334.961,-134.766,-7.267,5.954,6.168,-971.680,-215.820,-208.984,-13.504,-1.756,5.420,39,21.62
155866,-937.012,326.660,-148.926,-6.229,5.321,10.206,-961.914,-221.191,-215.332,-10.153,0.275,3.756,39,21.62
155898,-926.758,340.332,-145.996,-2.168,2.809,13.168,-933.594,-148.926,-229.980,-7.634,-0.260,3.924,41,21.62
155930,-901.855,350.098,-141.113,-6.160,5.916,10.427,-931.152,-90.820,-226.074,-1.435,2.420,4.336,39,21.62
155961,-925.293,386.230,-148.926,0.069,5.489,12.145,-985.840,-98.633,-221.680,-4.000,4.000,5.496,40,21.62
155993,-925.293,400.391,-143.066,-2.366,8.672,7.427,-962.891,-72.754,-209.961,-5.298,5.145,7.557,39,21.62
156025,-908.691,375.488,-137.695,-4.405,6.687,4.450,-965.820,-64.941,-221.191,-4.168,2.931,6.771,41,21.62
156056,-897.461,367.676,-149.414,-3.298,7.214,0.244,-965.332,-63.965,-221.680,-5.130,3.740,6.336,39,21.62
156088,-908.203,377.441,-135.254,-2.069,5.687,5.328,-976.074,-69.336,-233.887,-6.802,5.939,-0.221,39,21.62
156119,-900.391,360.840,-137.695,-7.252,11.725,-0.870,-955.078,-93.750,-245.117,-9.038,5.023,0.649,41,21.62
156150,-912.109,392.090,-151.855,-3.870,10.290,2.038,-957.520,-115.723,-248.047,-3.229,6.267,-0.046,39,21.62
156181,-905.762,368.164,-167.969,8.015,3.885,1.794,-941.406,-168.457,-247.559,7.519,6.603,0.282,39,21.62
156213,-914.062,317.383,-194.824,17.344,1.053,2.634,-941.406,-204.590,-277.344,25.580,7.809,3.389,46,21.62
156245,-930.176,349.121,-206.543,34.763,-7.496,5.267,-972.656,-182.129,-298.340,41.229,9.168,4.450,39,21.62
156276,-926.758,364.258,-178.223,43.130,-12.061,2.221,-986.328,-111.816,-279.785,52.695,7.626,8.519,37,21.62
156307,-908.691,378.418,-182.129,50.099,-14.870,0.817,-939.941,-57.129,-285.156,62.344,6.893,5.626,39,21.62
156338,-913.086,373.047,-179.199,58.321,-19.954,-0.130,-959.961,-78.125,-277.344,65.366,6.618,0.679,41,21.62
156370,-934.082,382.324,-183.594,61.290,-19.290,-1.389,-986.816,-156.738,-274.414,74.824,8.252,1.382,38,21.62
156401,-912.598,379.883,-193.848,65.695,-23.160,-3.427,-960.937,-106.445,-275.391,78.733,10.221,3.229,39,21.62
156432,-912.598,387.207,-173.340,68.145,-25.527,-2.634,-974.609,-64.453,-312.500,73.420,7.000,5.679,39,21.62
156463,-938.965,366.211,-172.852,64.298,-24.817,-4.855,-907.715,-51.758,-356.934,65.855,2.672,4.084,39,21.62
156494,-921.875,311.035,-229.004,57.626,-24.137,-12.198,-915.527,-201.660,-297.363,58.046,-1.977,11.763,39,21.62
156526,-890.137,239.258,-255.371,62.427,-28.389,-11.534,-909.180,-275.879,-318.848,61.489,8.779,6.412,43,21.62
156558,-943.848,292.969,-234.375,62.618,-26.954,-11.511,-967.773,-221.191,-284.180,62.328,8.840,6.252,42,21.62
156590,-901.855,467.773,-143.555,48.008,-17.130,-6.832,-974.121,-51.270,-282.227,50.565,7.443,7.962,41,21.62
156622,-902.344,406.738,-67.871,18.756,-3.008,1.832,-1084.473,-68.359,-266.113,13.466,6.046,5.252,39,21.62
156653,-861.816,325.195,-153.320,-10.489,11.710,-6.679,-911.621,-99.121,-285.156,-16.412,6.870,-1.939,39,21.62
156684,-897.949,331.543,-176.270,-25.183,18.336,-3.053,-921.875,-163.574,-343.750,-32.611,0.420,-4.702,39,21.62
156715,-923.340,351.562,-182.129,-33.947,16.229,1.046,-973.145,-225.098,-327.148,-42.924,-0.977,-10.855,39,21.62
156746,-939.453,295.410,-202.148,-37.916,20.260,6.504,-935.059,-298.828,-303.711,-47.595,-2.542,-2.725,40,21.62
156777,-940.918,301.758,-182.617,-37.947,16.992,10.389,-930.664,-303.711,-289.551,-46.305,-2.412,-0.656,39,21.62
156808,-946.289,311.035,-198.242,-38.321,19.366,11.160,-950.684,-247.559,-311.035,-47.229,-2.992,7.389,27,21.62
156840,-902.832,357.422,-196.777,-42.130,19.137,16.947,-940.918,-176.270,-325.195,-56.038,-10.427,-0.473,39,21.62
156872,-885.254,391.113,-188.477,-56.634,25.511,20.939,-940.430,-159.668,-303.223,-69.107,-11.527,-1.076,895,21.62
156904,-904.785,409.180,-195.312,-73.603,36.084,26.496,-951.172,-144.531,-261.230,-83.779,-10.748,-3.855,3697,21.62
156935,-886.230,424.805,-183.594,-87.511,47.076,32.053,-939.941,-154.785,-228.027,-97.641,-14.412,-9.893,3695,21.62
156967,-862.305,467.773,-234.863,-100.588,55.382,39.725,-943.848,-156.250,-229.980,-115.221,-15.260,-18.481,3693,21.62
156998,-808.105,489.746,-366.211,-113.573,68.435,45.748,-905.762,-129.395,-208.984,-133.038,-14.473,-24.779,2085,21.62
157030,-763.672,398.926,-642.090,-129.504,98.168,42.000,-844.238,101.074,-225.586,-153.206,-6.466,-19.626,1656,21.62
157062,-829.102,431.641,-615.234,-150.588,120.916,30.603,-918.457,249.512,-618.652,-195.626,4.901,-30.664,1624,21.62
157094,-874.512,458.496,-515.625,-166.420,141.481,17.725,-949.219,102.051,-521.973,-215.954,-0.450,-31.672,1065,21.62
157125,-858.398,425.293,-431.152,-186.817,157.779,2.840,-962.891,156.738,-520.508,-237.710,-2.015,-32.824,547,21.62
157157,-884.766,341.309,-409.668,-199.595,164.290,-10.908,-919.434,137.207,-520.020,-250.137,-4.321,-39.015,2109,21.62
157188,-906.738,202.148,-346.191,-196.725,165.038,-32.718,-890.625,85.449,-571.289,-245.282,-3.458,-41.618,1339,21.62
157219,-797.852,440.430,-210.937,-186.099,153.023,-48.344,-920.898,112.793,-677.246,-221.748,1.786,-43.389,1369,21.62
157250,-691.895,685.059,-151.367,-175.870,141.832,-52.191,-880.371,56.641,-604.980,-201.366,0.595,-52.504,1400,21.62
157282,-604.492,803.223,-84.961,-169.511,124.328,-34.595,-876.953,67.871,-554.687,-202.405,-17.198,-46.336,1439,21.62
157314,-733.398,642.090,240.723,-149.725,94.725,-30.977,-952.148,67.871,-508.301,-175.260,-24.366,-43.061,1464,21.62
157346,-1350.586,439.941,1773.438,-102.672,4.786,-44.183,-1291.016,-395.508,-632.324,-92.519,-41.504,-44.992,1511,21.61
157378,-1271.484,475.098,-1023.926,-23.954,-26.382,-27.924,-1128.418,-387.695,142.090,27.137,-65.519,-48.321,1631,21.61
157409,-795.410,523.437,-73.242,25.275,-50.649,-23.458,-856.445,-272.949,-282.715,51.015,-4.122,-41.168,1803,21.61
157440,-599.121,655.273,148.437,13.786,-48.496,-16.527,-956.543,20.996,-195.801,33.588,-29.244,-22.427,2247,21.61
157471,-790.039,763.184,-229.980,-11.015,-30.588,-24.244,-1114.258,423.340,154.297,18.779,-18.916,8.511,2603,21.61
157502,-906.738,744.141,25.879,-47.313,-6.977,-26.977,-1029.297,-68.848,-165.039,-41.000,-22.962,-29.221,2951,21.61
157534,-922.363,523.437,-264.160,-65.557,7.244,-41.168,-1078.613,-95.703,-118.164,-65.046,-34.702,-12.260,3691,21.61
157566,-802.246,569.824,-74.707,-56.641,9.420,-44.153,-909.668,-114.258,-149.414,-56.687,-28.267,-11.595,3699,21.61
157598,-785.156,675.781,32.227,-47.489,-24.252,-250.137,-952.148,-230.469,-115.234,-54.679,-26.641,-5.794,3699,21.61
157630,-842.285,505.371,-54.199,-46.450,6.092,-34.344,-934.082,-191.406,-75.195,-54.107,-22.817,-6.328,3689,21.61
157661,-840.332,450.195,7.812,-43.977,2.290,-27.382,-944.824,-159.180,-73.242,-45.573,-18.115,-9.046,3699,21.61
157692,-849.121,463.867,6.348,-36.313,1.817,-26.511,-939.453,-162.109,-93.262,-36.420,-15.511,-14.466,3700,21.61
157723,-859.863,524.414,26.367,-33.427,2.389,-25.504,-990.234,-50.293,-83.008,-34.611,-16.847,-15.298,3699,21.61
157755,-810.059,479.004,59.570,-42.015,5.603,-18.183,-947.266,-92.285,-83.984,-45.962,-13.947,-20.122,3693,21.61
157787,-831.055,488.281,89.844,-42.214,9.015,-14.092,-954.102,-125.000,-36.621,-44.679,-18.000,-27.229,2165,21.61
157819,-879.395,453.125,64.941,-43.130,17.260,-7.573,-992.676,-141.113,-9.277,-42.626,-17.145,-33.351,1067,21.61
157850,-1003.906,252.930,175.293,-31.931,13.656,-10.496,-1016.602,-65.918,-41.016,-36.305,-15.740,-37.252,547,21.61
157882,-875.000,479.004,56.152,-32.847,13.679,-13.779,-980.957,-87.402,12.207,-32.061,-9.366,-41.519,283,21.61
157913,-860.352,485.352,50.293,-29.595,13.954,-13.626,-966.309,-49.316,-36.133,-33.168,-8.450,-45.076,155,21.61
157945,-868.164,481.934,55.176,-31.328,17.221,-20.588,-979.004,-59.082,-21.484,-33.023,-6.397,-50.458,94,21.61
157977,-889.648,460.937,77.148,-33.595,18.611,-20.710,-951.660,-180.664,-66.406,-34.137,-4.466,-55.061,69,21.61
158009,-881.836,449.219,36.621,-34.427,18.244,-20.580,-942.383,-267.090,-32.227,-30.679,-4.962,-55.519,47,21.61
158040,-803.223,369.141,74.219,-31.664,20.733,-16.954,-993.652,-384.766,47.852,-32.427,-2.809,-56.389,43,21.61
158071,-871.582,458.008,40.039,-32.855,23.672,-15.015,-865.723,-357.910,-51.758,-28.214,-1.664,-59.687,45,21.61
158102,-839.355,467.285,-10.742,-32.557,22.977,-16.221,-915.039,-270.996,-56.641,-27.527,-0.382,-68.588,41,21.61
158134,-915.527,574.707,-32.227,-23.679,26.008,-27.229,-1232.910,-363.770,33.691,-17.344,3.763,-38.954,40,21.61
158165,-764.648,755.859,228.027,-40.748,35.336,-49.511,-1109.863,-109.863,-50.781,-43.763,6.336,-11.878,49,21.61
158196,-745.605,518.555,224.121,-86.710,64.557,-57.420,-1016.113,-219.238,-65.430,-98.908,-14.084,-0.565,41,21.61
158227,-899.902,418.457,197.266,-112.015,73.443,-52.107,-912.109,-223.633,-186.523,-127.160,-22.794,-4.244,43,21.61
158258,-883.301,390.137,-26.855,-128.779,84.649,-55.191,-883.301,-389.648,-322.754,-145.603,-26.046,-19.763,53,21.61
158290,-934.082,412.109,-75.195,-151.290,85.260,-34.023,-897.461,-505.371,-390.625,-160.282,-31.756,-17.397,85,21.61
158322,-854.492,360.840,-121.094,-171.122,98.198,-17.061,-893.066,-395.020,-281.738,-177.405,-39.962,-24.908,86,21.61
158354,-867.187,539.062,-38.574,-165.473,92.779,5.901,-878.418,-457.520,-211.914,-178.122,-35.725,-31.863,59,21.61
158385,-962.891,333.984,-111.328,-154.977,85.618,21.122,-923.828,-582.031,-233.887,-161.130,-36.183,-27.664,46,21.61
158417,-982.422,273.926,-161.133,-127.626,65.947,25.786,-924.316,-517.578,-273.926,-127.435,-35.763,-15.298,43,21.61
158449,-961.914,267.090,-139.648,-110.496,54.641,16.046,-907.227,-359.375,-301.270,-116.771,-39.939,-7.756,37,21.61
158481,-948.730,326.660,-102.539,-113.435,54.924,3.656,-952.148,-253.418,-314.453,-112.191,-37.145,-7.588,37,21.61
158512,-925.781,298.340,-103.516,-106.092,43.756,-5.061,-904.785,-274.902,-362.793,-108.267,-41.427,-7.969,40,21.61
158544,-883.301,395.508,-128.418,-110.557,41.809,-12.893,-906.738,-311.035,-358.398,-104.580,-46.366,-10.198,39,21.61
158576,-880.859,386.230,-187.988,-110.153,35.496,-14.076,-793.457,-317.383,-141.602,-106.336,-61.260,-3.885,39,21.61
158607,-846.680,359.863,-245.605,-95.969,26.305,-10.183,-829.102,-510.742,-267.578,-92.634,-51.550,17.908,39,21.61
158638,-832.520,340.332,-432.617,-76.313,18.443,-7.771,-827.637,-502.930,-374.512,-59.328,-36.573,18.031,39,21.61
158669,-838.867,305.664,-530.762,-58.221,12.756,-7.924,-799.805,-366.211,-255.859,-60.702,-23.916,24.160,39,21.61
158700,-902.344,0.488,-1014.648,-31.130,20.664,-16.389,-600.098,-254.883,-355.469,-46.305,29.878,32.069,38,21.61
158731,-1149.902,485.352,113.281,-5.115,5.298,-27.435,-1181.152,-164.062,-574.707,-18.672,19.389,14.038,39,21.61
158762,-1066.406,568.359,99.121,-0.160,-9.931,-8.244,-1850.098,-465.820,-1222.168,30.824,-2.267,0.183,41,21.61
158794,-846.680,292.969,-83.496,4.244,-10.328,-7.298,-782.715,-139.160,49.805,6.908,-10.969,32.496,45,21.61
158825,-913.086,352.051,-175.781,6.718,-3.359,-19.519,-986.328,0.488,-261.230,0.412,3.473,20.756,41,21.61
158856,-922.852,508.301,-18.066,-20.924,4.931,-15.031,-1033.203,-75.684,-211.426,-35.702,-2.878,15.832,41,21.61
158887,-905.762,324.707,-28.809,-49.160,18.840,-12.992,-896.973,-149.414,-47.363,-59.252,-4.420,14.443,38,21.61
158918,-922.852,269.043,-154.297,-42.557,14.298,-7.305,-963.867,-363.770,-71.289,-49.252,-2.046,10.115,39,21.61
158949,-973.633,250.000,-100.098,-20.282,10.779,1.275,-964.355,-364.258,-53.223,-29.550,-0.122,12.198,39,21.61
158980,-998.047,385.742,-87.402,-15.260,14.237,10.069,-989.746,-256.836,-67.383,-21.649,7.351,17.695,39,21.61
159012,-900.391,268.066,-40.527,-8.176,19.000,12.443,-949.707,-154.785,-65.918,-22.099,8.618,8.656,29,21.61
159043,-902.832,338.379,-79.590,-14.588,22.931,15.153,-962.402,-111.816,-101.074,-27.412,10.802,3.092,39,21.61
159074,-901.855,392.090,-81.055,-22.618,29.565,18.992,-957.520,-95.703,-151.855,-33.466,12.702,1.664,39,21.61
159105,-864.258,388.184,-79.102,-31.420,35.191,22.504,-945.801,-151.855,-138.184,-43.672,13.191,-6.542,41,21.61
159137,-1051.758,1999.939,-616.211,-47.840,23.489,37.954,-912.598,-225.098,-162.109,-51.756,13.557,-14.542,40,21.61
159169,-914.062,402.344,-63.965,-42.901,45.145,67.191,-918.945,-358.887,-185.547,-56.221,11.565,-35.954,40,21.61
159201,-982.422,510.742,-147.461,-50.962,58.740,88.878,-1028.320,-383.789,-173.828,-62.519,-0.710,-41.969,39,21.61
159233,-1134.766,464.355,-99.121,-71.725,73.229,88.611,-1108.887,-73.730,-267.090,-76.870,-0.198,-48.069,41,21.61
159265,-1234.375,355.469,44.922,-102.145,82.763,58.725,-1275.391,282.715,-398.437,-107.916,-9.084,-45.969,39,21.61
159296,-1251.465,200.684,125.000,-118.901,70.863,23.634,-1054.199,-8.301,-542.480,-117.924,-28.420,-70.634,33,21.61
159328,-1149.902,-219.238,54.688,-93.374,47.321,-22.656,-914.551,-413.086,-345.703,-94.748,-47.366,-66.397,33,21.61
159360,-1164.063,-213.867,-128.906,-46.137,9.053,-66.069,-722.168,-516.113,-183.594,-25.649,-29.023,-60.183,41,21.61
159392,-1034.180,58.594,-390.625,-0.779,-11.939,-104.076,-762.207,-474.609,-208.008,14.298,-10.511,-45.145,40,21.61
159424,-1018.555,375.000,-334.473,9.374,-15.183,-118.183,-845.215,-291.992,-284.668,22.840,0.855,-37.580,40,21.62
159455,-895.508,275.879,-256.348,-1.863,-7.008,-129.527,-811.523,-291.504,-345.215,6.847,-1.244,-35.282,39,21.62
159486,-833.008,415.039,-167.480,-11.191,0.718,-134.275,-897.461,-421.875,-289.062,-7.802,-2.611,-30.893,41,21.62
159517,-839.355,615.723,-126.465,-5.229,-8.496,-122.290,-801.270,-365.723,-290.039,-3.817,-5.702,-31.748,40,21.62
159549,-861.816,524.414,-135.742,-5.046,-8.267,-106.191,-881.836,-408.691,-250.977,-4.137,-7.435,-25.901,40,21.62
159580,-748.535,607.910,-133.789,-0.992,-13.145,-81.008,-848.145,-470.215,-232.910,-1.160,-9.580,-17.695,41,21.62
159611,-670.410,658.203,-145.020,-1.427,-12.374,-47.412,-874.512,-584.961,-215.332,3.015,-9.397,-5.244,31,21.62
159642,-644.531,685.547,-83.984,-1.221,-12.603,-12.496,-861.816,-554.687,-255.859,0.313,-13.481,15.954,47,21.62
159673,-776.367,553.223,41.992,-11.015,-12.290,13.771,-922.852,-362.305,-311.035,-9.290,-18.924,35.710,39,21.62
159705,-697.266,837.402,-131.836,-22.229,-7.427,50.786,-998.047,-76.660,-276.367,-16.221,-29.710,44.496,39,21.62
159736,-1194.824,906.738,-976.562,-47.389,14.977,36.511,-1536.133,79.590,-485.352,-59.435,-19.191,4.885,3700,21.62
159767,-1211.426,669.434,-63.965,-110.313,31.878,113.458,-1163.574,-684.082,-281.738,-105.015,-33.962,-2.977,3700,21.62
159799,-620.117,282.227,8.789,-63.672,4.359,61.794,-614.746,-269.043,103.027,-42.450,-31.954,68.641,3699,21.62
159830,-1099.609,173.828,-231.934,15.679,-32.542,36.069,-1062.012,-149.902,-195.801,43.321,-26.145,72.496,3699,21.62
159861,-973.633,437.988,-162.598,42.893,-41.267,34.023,-990.234,38.086,-162.109,36.664,-9.779,63.183,3699,21.62
159892,-764.648,433.105,137.207,-7.229,-16.771,40.298,-887.207,261.719,12.207,-9.557,-13.992,41.977,3695,21.62
159924,-833.984,407.715,101.074,-26.046,1.366,35.679,-958.008,-194.824,162.598,-24.679,-13.863,37.466,3261,21.62
159955,-989.746,270.996,-98.145,-10.534,-2.198,42.374,-987.793,-395.508,49.805,-127.481,68.763,141.282,1754,21.62
159986,-936.523,335.937,-73.730,29.473,-20.084,46.977,-995.117,-312.500,-24.902,74.992,-9.931,54.779,871,21.62
160017,-884.766,469.238,-31.250,49.435,-25.420,48.389,-909.180,-23.926,-57.617,142.053,21.840,-68.435,445,21.62
160048,-1125.000,926.270,10.742,67.947,12.099,56.374,-882.324,268.555,550.781,71.992,102.191,2.855,239,21.62
160079,-815.430,613.281,40.527,23.893,-4.252,32.573,-973.633,240.234,-143.555,19.672,2.000,58.351,137,21.62
160110,-768.066,634.766,52.734,-6.069,8.664,37.305,-985.840,63.965,-144.043,-14.924,3.328,37.145,89,21.62
160141,-840.332,517.578,-12.695,-6.099,9.573,37.611,-985.840,-99.609,-20.020,-23.771,-0.145,33.779,63,21.62
160173,-802.734,464.844,-60.547,2.687,7.344,43.969,-937.012,-155.273,-32.715,-7.687,7.519,36.550,52,21.62
160204,-851.562,518.066,-32.227,16.702,0.870,51.099,-949.707,-67.383,-63.477,12.733,8.221,39.565,45,21.62
160235,-823.242,605.469,-53.711,28.863,-1.153,53.695,-970.215,76.660,-97.168,21.405,15.580,47.687,41,21.62
160266,-762.695,636.719,-70.313,26.282,0.634,48.496,-966.309,156.738,-105.469,9.153,13.519,54.099,40,21.62
160297,-791.992,657.227,-57.129,17.290,8.702,49.481,-991.699,175.293,-53.223,-1.183,16.481,49.908,41,21.62
160329,-776.367,673.340,-102.051,15.893,17.802,49.069,-962.402,69.336,-41.992,0.611,17.779,48.099,39,21.62
160360,-759.277,626.465,-116.699,23.282,15.244,54.160,-940.918,-45.898,-166.992,6.176,19.496,46.038,39,21.62
160391,-820.312,641.602,-92.285,29.641,18.794,57.221,-1010.254,-39.551,-83.984,14.382,22.779,49.809,40,21.62
160422,-999.023,789.062,-110.352,25.351,30.595,68.160,-1194.824,78.613,-41.992,11.786,24.336,41.626,38,21.62
160453,-1122.559,703.125,-217.773,14.053,43.015,85.908,-1201.172,-48.340,-167.480,-1.069,27.229,17.802,3702,21.62
160484,-1254.883,637.207,-216.797,10.176,45.008,105.924,-1111.816,-75.684,-405.762,6.298,31.779,-21.504,3695,21.62
160515,-1195.313,506.348,-14.648,6.435,41.748,131.168,-951.660,9.277,-458.984,4.221,23.908,-55.695,3700,21.62
160546,-773.926,971.191,51.270,-1.023,34.763,149.519,-958.008,162.598,-339.355,-4.511,9.038,-84.412,3665,21.62
160578,-1003.906,539.062,202.148,-12.496,29.756,141.435,-1191.406,376.953,-445.312,-14.519,-10.298,-87.084,1742,21.62
160610,-946.777,16.602,39.063,-13.344,22.023,54.099,-908.691,413.574,-61.035,-2.206,-5.023,-95.160,859,21.62
160642,-867.676,-54.199,-90.332,-25.534,19.718,-26.458,-1009.277,375.000,-164.551,-15.504,-12.832,-98.519,434,21.62
160674,-665.039,248.535,-3.418,-39.008,36.779,-105.450,-933.105,395.020,-348.145,-51.611,-54.786,-80.282,3696,21.62
160706,-824.707,427.246,75.195,-58.832,46.687,-167.489,-875.000,238.770,-153.320,-72.870,-38.359,-104.504,3695,21.62
160738,-867.676,532.715,168.457,-72.565,59.779,-218.626,-863.281,135.254,-174.316,-102.931,-36.527,-88.176,3695,21.62
160769,-1062.500,599.609,158.691,-69.840,56.298,-245.878,-545.898,-403.320,-273.437,-92.061,-39.840,-90.023,3703,21.62
160800,-1267.090,740.234,16.113,-62.282,43.527,-250.137,-627.930,-661.621,4.883,-63.145,-20.382,-86.641,3700,21.62
160831,-1325.195,842.285,163.086,-38.183,20.107,-250.137,-1312.500,-231.445,-210.449,-46.908,-11.656,-67.893,3703,21.62
160862,-1212.891,788.574,110.840,-14.557,-7.244,-250.137,-744.629,225.098,-485.840,-4.466,6.053,-67.008,3711,21.62
160893,-1189.941,898.437,-123.535,5.847,-35.237,-238.534,-820.801,-592.285,-245.605,18.450,-4.748,-62.527,3635,21.62
160925,-728.027,1204.590,-273.437,25.527,-36.710,-186.344,-789.551,-564.453,-41.016,48.695,11.008,-65.305,3700,21.62
160956,-543.945,1149.902,-272.461,16.947,-22.550,-114.397,-810.059,-483.398,-145.508,31.092,-8.145,-41.328,3695,21.62
160988,-508.789,1052.734,-269.531,-1.870,-8.580,-42.084,-1144.043,-426.270,-278.320,-3.664,-4.962,-30.504,3698,21.62
161019,-472.656,986.816,-120.605,-25.290,5.794,-0.389,-721.191,-143.066,-192.383,-19.275,-2.229,-19.344,3695,21.62
161051,-498.535,795.898,185.059,-50.008,18.786,27.130,-1006.836,0.000,-221.680,-55.504,-9.229,-4.664,3689,21.62
161082,-635.742,714.844,87.891,-84.115,31.061,33.794,-1017.090,152.832,-246.094,-85.092,-18.183,15.580,2159,21.62
161113,-716.309,695.312,94.238,-108.031,30.069,31.878,-919.434,-59.570,-268.555,-102.214,-28.855,33.824,1149,21.62
161145,-1711.426,-535.156,-579.590,-138.802,40.527,20.267,-1149.902,-292.969,-390.625,-127.099,-40.786,43.046,573,21.62
161177,-965.820,1999.939,-247.559,-84.840,31.893,96.275,-1955.566,-969.238,-1023.437,-100.229,-11.832,3.771,296,21.62
161209,-1228.516,-53.223,-316.895,-67.168,-8.137,126.672,-564.941,-774.902,52.734,-31.351,-35.328,45.099,159,21.62
161240,-598.633,-73.242,185.547,54.397,-45.076,67.748,-465.820,276.855,75.684,74.565,-20.641,98.405,99,21.62
161271,-1062.500,545.410,-241.699,83.191,-55.481,43.427,-1470.215,412.109,-6.348,65.962,-2.298,85.779,68,21.62
161302,-821.777,603.027,63.477,-21.466,-2.985,48.298,-1439.453,465.332,-530.273,-57.305,-33.366,63.573,3693,21.62
161333,-741.211,332.031,111.328,-65.244,19.649,51.534,52.734,-514.160,-617.187,-6.992,-250.137,-4.397,3693,21.62
161364,-958.496,309.570,-54.688,-50.656,21.183,33.565,-937.500,-729.980,142.578,250.130,137.290,16.756,3701,21.62
161395,-1099.609,371.094,-126.465,0.450,-4.656,55.221,-1133.789,-910.645,-223.145,-250.137,152.962,250.130,3701,21.62
161426,-926.270,407.715,-105.469,44.443,-21.817,53.206,-956.055,-87.402,-20.508,73.458,55.130,53.382,3690,21.62
161457,-756.348,369.629,190.430,44.168,-23.481,62.656,-1015.625,113.281,1667.969,27.870,43.878,90.168,3706,21.62
161488,-215.332,-1359.375,188.477,87.481,80.962,63.595,-1271.973,288.574,-274.902,-7.435,1.603,56.603,3699,21.62
161519,-792.480,602.051,-34.668,-20.779,14.366,42.443,-925.781,165.039,-133.789,-42.656,3.733,43.489,3679,21.63
161551,-892.578,574.219,-44.922,-25.947,19.435,41.611,-916.016,57.129,-255.859,-45.137,0.458,45.802,3669,21.63
161582,-885.254,501.953,-104.004,-8.183,12.802,47.901,-966.797,-179.199,-57.129,-18.840,7.107,49.679,3691,21.63
161613,-849.609,532.715,-87.402,16.863,4.481,50.160,-955.566,-81.543,-102.539,7.412,14.191,57.397,3699,21.63
161645,-830.078,638.672,-98.633,27.626,0.603,52.977,-975.586,58.594,-171.387,13.725,19.244,61.282,3666,21.63
161676,-778.809,665.039,-83.496,20.802,6.870,59.672,-919.922,130.371,-180.176,3.427,16.267,56.214,3695,21.63
161708,-767.090,673.828,-76.172,4.786,23.061,69.809,-943.359,171.875,-44.922,-16.168,19.641,44.023,3695,21.63
161740,-845.703,656.250,-57.129,-2.099,30.511,86.191,-1006.348,25.391,-73.730,-24.824,20.840,30.908,3503,21.63
161772,-962.402,656.250,-109.863,7.359,32.405,108.992,-1052.734,-314.941,-138.184,-3.924,22.916,16.489,1691,21.63
161803,-1224.609,765.625,-161.621,9.748,45.756,129.351,-1209.961,-276.855,-51.758,-10.473,28.626,7.481,852,21.63
161834,-1530.762,508.301,-262.695,1.466,55.695,152.664,-1108.887,-309.570,-187.988,-10.191,40.420,-28.313,431,21.63
161865,-1421.875,428.223,-185.059,30.420,43.748,171.023,-881.836,-406.250,-368.164,42.573,45.115,-78.595,253,21.63
161896,-938.965,1305.176,240.234,40.595,50.550,198.481,-1383.789,359.375,-321.777,35.328,12.038,-102.473,137,21.63
161928,-580.078,1340.820,292.480,6.565,54.824,133.542,-1502.930,1025.879,-326.660,-23.962,-10.397,-110.740,86,21.63
161959,-952.637,200.195,80.078,-44.931,71.061,57.618,-1342.285,645.508,-405.273,-47.893,-19.252,-162.336,59,21.63
161991,-713.379,-194.824,80.566,-36.611,42.260,-49.718,-908.691,328.613,-382.324,-39.481,-173.244,-66.687,50,21.63
162023,-611.816,115.723,-11.230,-33.710,34.489,-141.000,-691.406,613.281,-174.805,-55.786,-64.511,-143.008,43,21.63
162055,-744.629,275.879,91.309,-32.359,27.244,-213.916,-759.766,105.957,-256.348,-32.687,-33.611,-126.977,42,21.63
162086,-968.262,376.465,-14.160,-26.351,9.748,-250.137,-677.246,-16.602,-196.777,-22.023,-29.191,-112.626,41,21.63
162118,-1098.633,671.875,-83.008,-15.008,-1.832,-250.137,-555.664,-162.109,-125.977,-7.679,-14.321,-92.763,3693,21.63
162150,-1368.164,779.297,-152.344,5.458,-17.992,-250.137,-677.246,-246.582,-187.500,19.244,4.718,-75.718,3701,21.63
162182,-1374.512,1173.340,-236.816,27.450,-42.763,-250.137,-814.941,-332.031,-323.730,42.313,4.672,-52.282,3699,21.63
162213,-1273.438,1287.109,-213.867,27.046,-41.221,-250.137,-859.863,-355.957,-339.355,29.710,-7.687,-46.656,3691,21.63
162244,-888.184,1613.770,-246.582,6.397,-40.725,-250.137,-924.316,-541.992,-216.797,15.405,-14.267,-43.687,3695,21.63
162275,-392.578,1732.422,-312.988,-1.260,-21.618,-171.519,-873.535,-609.375,-112.793,6.427,-8.084,-27.763,3694,21.63
162306,-142.090,1621.582,-243.652,-31.954,6.924,-57.008,-871.582,-527.832,-199.219,-47.084,-13.641,-16.000,3240,21.63
162338,-199.219,1511.230,-143.555,-76.687,41.763,34.321,-855.469,-300.781,-246.094,-90.237,-9.511,0.137,1597,21.63
162370,-513.672,1165.039,12.695,-102.214,50.687,85.527,-1005.859,-73.242,-254.395,-112.359,-21.794,30.939,785,21.63
162402,-2000.000,-724.121,476.562,-169.275,41.779,54.229,-1146.484,42.969,-405.762,-145.145,-42.031,52.817,398,21.63
162434,-1803.711,915.039,-677.246,-103.702,39.244,64.840,-1927.246,-311.523,-894.531,-107.069,-36.275,2.397,211,21.63
162465,-1608.887,145.020,-669.922,-82.107,2.221,144.527,-1033.203,-1250.000,-217.773,-47.550,-49.527,18.450,123,21.63
162496,-606.445,-123.535,101.563,19.992,-46.740,76.359,-459.961,95.703,14.648,28.496,-21.634,106.511,89,21.63
162527,-877.930,365.723,-0.488,48.908,-52.962,43.756,-987.305,447.266,17.578,64.542,-22.908,98.206,71,21.63
162558,-1012.207,743.652,-49.316,-4.420,-20.649,39.061,-1103.027,273.437,-23.926,-23.679,-11.527,70.962,49,21.64
162589,-809.082,339.355,38.574,-50.527,7.321,49.351,-895.996,-229.980,-6.348,-60.733,-36.947,123.427,3694,21.64
162620,-891.113,302.734,-10.742,-32.031,1.145,46.260,-979.492,-478.516,138.184,250.130,63.252,-68.053,3700,21.64
162651,-1048.828,414.062,-215.332,2.305,-10.191,44.489,-1184.082,-667.480,-413.574,93.924,-157.427,158.084,3668,21.64
162682,-953.125,536.133,-13.184,33.809,-24.481,53.038,-983.398,-325.195,-67.871,1.229,46.656,67.298,3695,21.64
162713,-836.914,451.660,-34.180,51.458,-26.679,46.641,-643.066,237.793,16.602,75.244,19.420,58.099,2076,21.64
162744,-770.508,602.051,39.063,33.267,-18.099,44.939,-895.996,276.367,-149.902,34.992,6.733,62.534,1035,21.64
162776,-791.504,583.984,-22.949,5.664,1.458,43.626,-992.676,230.957,-193.359,-9.076,1.069,49.840,521,21.64
162807,-865.723,435.059,-140.137,-8.244,8.962,48.969,-970.215,22.949,-129.883,-23.527,5.298,45.473,3699,21.64
162838,-893.066,536.621,-63.965,-7.916,11.076,54.031,-962.402,-135.254,-112.305,-20.573,7.542,51.092,3688,21.64
162869,-873.047,510.742,-64.453,17.779,-1.626,57.214,-962.402,-157.715,-144.043,8.725,8.580,54.695,3699,21.64
162900,-795.410,538.086,-100.098,42.374,-9.779,64.534,-894.531,-70.313,-146.973,36.176,10.847,57.542,3699,21.64
162931,-763.184,640.137,-84.961,43.450,-6.198,71.710,-937.988,212.891,-94.727,32.450,11.916,51.824,3695,21.64
162962,-757.812,780.273,-74.707,22.046,13.771,72.244,-1020.996,289.551,-61.035,2.405,17.954,41.924,3691,21.64
162994,-889.160,730.469,-109.375,8.763,26.344,85.366,-1032.715,3.906,-133.301,-11.221,23.229,34.863,1959,21.64
163025,-1094.238,743.652,-142.578,1.626,46.046,98.580,-1187.500,88.379,-83.496,-19.359,23.588,23.939,972,21.64
163057,-1385.254,755.859,-304.199,-10.947,56.321,123.511,-1230.957,-213.867,-166.504,-27.069,32.542,-3.359,485,21.64
163089,-1399.902,295.410,-178.223,11.840,47.336,152.466,-788.574,-370.605,-358.398,12.550,41.275,-55.519,253,21.64
163121,-1144.531,776.855,145.020,27.252,34.397,176.649,-915.527,-129.395,-354.980,46.565,25.443,-95.985,149,21.64
163152,-710.937,1198.242,107.910,33.061,31.305,164.679,-1556.641,614.258,-334.961,20.969,-0.618,-81.893,90,21.64
163183,-1152.832,-391.113,300.781,11.038,13.992,64.511,-1246.094,779.297,-349.609,16.405,1.985,-94.718,62,21.64
163214,-815.918,-155.762,-70.801,3.130,4.267,-34.947,-1000.488,387.695,-372.559,17.305,-5.702,-115.046,51,21.64
163245,-742.187,-20.020,-91.309,-19.221,12.664,-119.962,-783.691,582.031,-270.508,-8.099,-14.847,-120.611,45,21.64
163277,-742.187,226.074,99.609,-32.534,10.992,-185.237,-869.141,239.746,-279.785,-32.252,-27.863,-117.550,44,21.64
163309,-885.742,471.191,118.652,-44.550,18.504,-245.565,-694.824,-7.324,-162.109,-47.130,-40.893,-99.847,43,21.64
163341,-1134.766,834.961,27.344,-44.870,21.534,-250.137,-707.031,-213.379,-25.879,-45.412,-32.290,-83.366,3688,21.64
163372,-1235.840,953.613,-13.184,-29.344,12.664,-250.137,-764.648,-334.473,-131.348,-23.137,-15.527,-70.542,3701,21.64
163404,-1250.488,939.941,20.508,-6.779,-12.802,-250.137,-812.500,-499.023,-266.113,6.649,-7.466,-60.031,3705,21.64
163436,-1202.637,921.875,145.508,14.015,-44.137,-237.695,-880.859,-534.668,-388.184,27.038,-12.947,-50.450,3365,21.64
163468,-986.816,1095.703,11.719,20.076,-64.305,-202.092,-918.457,-492.676,-306.641,40.389,-30.641,-46.099,1659,21.64
163499,-660.645,1109.863,-106.934,11.481,-59.832,-147.855,-581.055,-448.242,-129.883,28.786,-32.031,-43.840,831,21.64
163531,-585.449,897.949,-288.086,-1.626,-43.885,-91.412,-858.887,-373.535,-64.453,13.870,-38.672,-31.817,422,21.64
163562,-540.039,958.984,-264.648,-14.015,-25.847,-43.588,-865.723,-347.656,-97.656,-4.405,-25.618,-28.618,228,21.64
163593,-636.719,890.625,-178.711,-35.351,-7.664,-2.382,-970.703,-215.332,-207.031,-37.885,-17.954,-9.412,133,21.63
163624,-604.004,857.910,-152.344,-61.229,8.405,23.779,-904.297,-131.348,-271.484,-66.359,-21.947,5.725,85,21.63
163655,-527.832,991.211,-203.125,-78.221,18.260,40.626,-895.996,-150.391,-263.672,-85.664,-26.000,25.939,60,21.63
163686,-1254.395,93.262,-935.059,-128.511,55.840,55.771,-1235.840,-110.840,-404.297,-106.473,-38.344,46.840,50,21.63
163717,-1485.352,1999.939,-499.023,-96.130,8.130,123.328,-2000.000,-396.973,-1649.902,-114.267,17.840,-22.061,43,21.63
163748,-1201.172,108.887,-402.344,-78.863,9.626,138.763,-636.230,-628.418,328.125,-46.603,-38.168,35.496,43,21.63
163780,-383.789,-47.852,281.250,42.534,-39.763,78.145,-340.820,424.316,36.133,63.282,-13.137,85.237,38,21.63
163811,-996.582,820.801,-79.102,49.031,-41.397,65.687,-1337.891,348.145,117.676,34.153,-10.397,49.748,779,21.63
163842,-948.730,570.801,46.875,-34.252,7.863,62.137,-899.414,-205.078,-66.406,-44.916,-5.450,46.053,2479,21.63
163873,-848.145,322.754,60.059,-37.076,18.725,53.855,-879.395,-102.051,89.355,-47.046,-1.298,45.084,3699,21.63
163904,-979.492,320.312,-52.734,-12.878,7.763,45.244,-997.559,-286.621,-71.777,-10.214,-3.542,48.580,3701,21.63
163935,-955.566,358.887,-64.453,19.107,-10.779,49.176,-947.754,-383.301,-227.051,25.260,-1.947,58.634,3701,21.63
163966,-534.180,258.789,-146.973,25.183,-11.092,51.435,-1007.324,29.297,-195.312,34.519,0.664,61.405,3703,21.63
163997,-787.598,594.727,48.828,30.931,-15.908,48.260,-945.801,247.070,-36.621,21.046,3.985,48.023,3699,21.63
164028,-754.395,592.773,36.133,2.267,2.885,47.130,-948.730,76.660,-33.203,-8.679,1.092,37.916,3703,21.63
164059,-907.715,491.699,-7.324,-3.656,9.450,42.802,-961.426,-88.379,-72.754,-14.748,6.939,37.397,3700,21.63
164091,-854.492,511.719,-34.180,14.328,-0.870,49.878,-763.184,-203.125,-328.613,33.901,18.634,20.145,1939,21.63
164123,-826.660,573.730,-46.387,22.481,-6.969,49.031,-917.969,-67.871,-120.117,-60.878,-14.076,94.740,937,21.63
164155,-774.902,620.117,-13.184,19.466,-1.809,49.832,-855.469,-418.457,-922.852,68.603,-5.618,-93.069,473,21.63
164186,-788.574,623.535,-8.301,23.092,0.870,53.008,-1028.809,-25.391,7.324,28.168,0.412,46.443,254,21.63
164217,-757.324,641.602,-21.973,21.412,2.992,54.519,-910.645,538.574,207.520,250.130,-1.153,71.893,147,21.63
164248,-691.895,635.742,-82.031,28.252,3.618,68.122,-842.285,-249.023,53.711,73.252,133.840,-181.573,91,21.63
164279,-867.676,659.180,58.594,33.176,14.985,79.130,-988.281,-70.313,-91.309,3.870,28.183,3.168,62,21.63
164310,-1242.676,783.203,-158.691,33.229,20.221,101.557,-1267.090,-76.660,-27.344,23.427,23.840,0.412,51,21.63
164341,-1421.387,595.215,-425.293,34.794,14.000,119.405,-1056.152,-77.637,-465.332,48.206,41.305,-31.939,43,21.63
164372,-1010.742,692.383,-83.008,32.519,5.985,132.435,-1115.723,92.285,-618.164,62.954,34.427,-44.695,41,21.63
164403,-832.031,871.094,208.984,47.481,-11.969,90.351,-1243.164,358.398,-547.852,52.847,14.969,-43.687,61,21.63
164434,-940.918,89.844,38.574,35.626,-30.504,25.885,-974.609,406.738,-312.012,55.260,2.382,-51.084,40,21.63
164466,-754.883,238.281,-218.750,30.206,-37.878,-21.763,-889.648,205.566,-307.617,54.305,2.740,-64.466,39,21.63
164497,-710.449,446.777,-183.594,12.443,-30.595,-66.908,-949.219,166.992,-282.227,38.389,1.282,-72.863,41,21.63
164529,-679.687,611.816,-137.695,7.267,-26.725,-88.511,-872.559,33.691,-201.172,29.695,-1.901,-87.084,38,21.63
164561,-620.605,853.027,-213.867,14.779,-24.817,-102.733,-886.230,-240.234,-230.957,31.298,-1.130,-78.466,41,21.63
164593,-555.176,979.980,-252.441,8.840,-19.947,-90.962,-905.762,-270.508,-289.551,26.634,0.260,-72.214,3700,21.63
164625,-592.285,960.449,-219.727,3.198,-14.290,-74.122,-969.238,-159.180,-271.973,19.412,-3.313,-67.237,3699,21.63
164656,-614.746,805.176,-186.035,-3.412,-6.023,-72.435,-965.332,-120.117,-326.172,5.954,-6.145,-67.870,3696,21.63
164687,-752.930,806.152,-129.883,-13.969,2.191,-77.481,-965.332,-88.379,-671.387,10.794,-3.191,-39.282,3694,21.63
164718,-738.281,551.270,-172.363,-10.931,1.031,-92.260,-981.934,-132.812,-351.074,-7.809,-7.023,-65.954,3705,21.63
164750,-742.187,473.633,-199.707,-15.313,10.275,-116.550,-797.852,-167.969,-276.367,-51.031,-4.885,-59.481,3689,21.63
164781,-854.980,504.883,-179.199,-23.977,12.298,-138.336,-851.074,-218.750,-175.781,-20.794,-8.504,-50.870,1848,21.63
164812,-833.496,710.449,-148.437,-17.176,9.336,-146.763,-869.141,-294.922,-220.703,-23.366,-3.870,-30.534,933,21.63
164843,-826.172,603.516,-128.418,-19.870,10.344,-151.779,-213.379,42.480,674.316,-250.137,250.130,-250.137,479,21.63
164874,-945.312,602.051,-126.953,-11.260,8.878,-139.756,-713.379,-350.098,-301.270,-12.885,-6.382,-25.817,253,21.63
164906,-905.273,624.023,-117.188,-0.901,-0.282,-123.924,-1022.949,-454.102,-2.930,-7.168,6.771,15.588,143,21.63
164938,-862.793,622.559,-180.664,-0.099,-7.321,-101.076,-962.891,-496.094,-256.348,1.672,-4.901,-10.962,89,21.63
164969,-866.699,515.625,-171.875,0.038,-3.481,-72.107,-935.059,-421.387,-174.805,-4.214,-2.718,-14.229,61,21.63
165000,-875.488,390.137,-184.570,-4.160,0.557,-52.634,-926.758,-494.141,-260.742,-4.962,-6.061,-12.977,51,21.63
165031,-871.582,286.621,-162.598,-7.084,7.305,-42.771,-851.074,-481.934,-247.559,-4.107,-4.244,-5.885,43,21.63
165063,-940.430,219.238,-170.410,-0.733,1.489,-31.450,-868.164,-435.059,-218.262,-1.092,1.992,-3.427,53,21.63
165095,-945.801,222.168,-135.254,3.160,-2.802,-28.160,-898.926,-457.520,-271.973,7.092,-0.511,-4.695,39,21.63
165127,-963.379,210.937,-142.578,2.366,0.168,-20.740,-906.738,-581.055,-214.844,-6.504,0.924,-3.214,2153,21.63
165159,-968.750,92.285,-189.941,7.794,-6.206,-11.786,-882.324,-512.695,-238.281,4.435,-0.817,-14.305,1060,21.63
165191,-970.703,46.387,-208.008,18.130,-7.435,-9.679,-648.437,-329.102,-340.332,36.603,1.985,-18.534,1895,21.63
165222,-767.090,-22.949,-214.355,21.962,-5.252,-12.473,-319.336,-573.242,359.863,12.626,-37.664,-12.298,3693,21.63
165253,-995.117,163.574,-215.332,5.870,1.092,-17.985,-959.961,-672.363,-492.187,-28.260,-37.588,14.344,3695,21.63
165284,-930.664,47.363,-154.785,0.916,5.290,-12.206,-785.645,-420.898,-164.062,-3.931,-6.137,-132.573,3699,21.63
165316,-957.520,17.090,-231.934,7.527,5.443,-6.389,-590.332,-1063.965,-71.289,0.824,12.466,22.954,3691,21.63
165347,-955.078,-8.789,-215.332,8.809,10.221,-10.313,-833.008,-509.277,-219.238,7.221,14.038,4.725,3707,21.63
165379,-943.848,6.836,-157.227,16.435,7.916,-1.389,-310.059,-266.113,-329.102,13.313,13.611,7.542,3696,21.63
165411,-866.211,-151.855,80.566,17.763,8.534,-0.969,-878.418,-578.613,-302.246,11.954,13.153,8.137,3698,21.63
165442,-935.059,41.992,-178.223,19.443,4.031,-1.504,-723.145,-491.699,-144.531,15.794,2.557,-0.603,3695,21.63
165473,-919.434,97.168,-55.664,6.809,8.908,-6.000,-839.355,-445.312,-150.391,-5.153,10.282,-2.992,2517,21.63
165504,-1017.090,-118.164,-84.961,5.198,17.015,-1.756,-1010.254,-562.012,-255.371,1.374,5.252,5.695,1307,21.63
165535,-913.086,78.613,-74.707,7.053,3.611,5.939,-838.867,-651.855,-227.539,7.603,2.183,11.366,660,21.63
165566,-958.496,25.879,-74.707,18.107,-4.565,14.420,-812.500,-603.027,-239.258,26.267,-3.672,21.702,3700,21.63
165597,-1006.348,14.648,-118.164,28.382,-7.527,20.771,-855.469,-496.094,-139.160,27.145,0.618,22.710,3699,21.63
165628,-985.352,20.020,-161.133,31.443,-8.313,19.206,-837.891,-474.609,-190.918,24.046,6.466,21.115,3695,21.63
165660,-1003.906,76.660,-177.734,24.809,-5.786,16.756,-894.043,-373.047,-187.012,15.076,10.420,16.244,3691,21.63
165692,-1021.973,-43.945,-232.910,14.550,3.397,12.145,-809.570,-507.812,-212.402,4.550,11.656,16.237,1983,21.63
165724,-1011.719,-36.133,-219.238,17.290,5.740,9.992,-865.234,-482.422,-230.469,1.023,14.550,19.580,987,21.63
165755,-1112.793,40.039,-192.871,14.634,9.412,6.893,-913.086,-397.461,-124.023,5.557,9.275,12.809,502,21.63
165786,-1063.477,8.301,-189.453,16.916,5.992,5.947,-905.762,-528.809,-351.562,-6.595,21.771,11.198,267,21.63
165817,-1032.715,-30.762,-222.168,15.198,8.137,2.634,-867.676,-425.293,-269.531,-1.336,19.038,7.115,152,21.63
165849,-1053.223,0.000,-166.992,15.840,12.992,-6.802,-936.035,-424.805,-285.156,5.573,20.672,1.191,92,21.63
165880,-1000.977,-26.855,-178.711,11.359,11.221,-5.359,-762.695,-550.293,-251.465,6.351,13.351,-0.382,63,21.63
165912,-957.031,-20.020,-158.691,12.542,14.328,-10.733,-870.117,-272.949,-231.445,3.221,22.084,-3.389,53,21.63
165944,-927.246,77.637,-130.371,6.275,11.244,-13.176,-828.613,-458.008,-262.695,2.374,19.183,-4.672,33,21.63
165976,-940.430,69.336,-151.855,12.969,10.908,-9.115,-832.520,-449.219,-354.980,11.183,5.954,-2.252,46,21.63
166007,-961.426,69.824,-172.852,3.557,12.168,-8.550,-887.207,-364.258,-239.258,4.000,8.840,-8.481,30,21.63
166038,-962.891,96.680,-149.902,-8.771,16.710,-2.023,-801.270,-457.031,-216.309,-14.702,10.160,-4.595,39,21.63
166070,-981.445,14.160,-146.484,-8.687,14.611,2.756,-862.793,-491.699,-266.113,-15.282,7.023,2.885,39,21.63
166102,-969.238,-21.973,-105.957,-4.702,11.237,3.305,-847.656,-594.727,-350.098,-6.740,-1.008,8.595,3695,21.63
166133,-1025.391,-9.277,-110.840,2.588,1.740,5.504,-889.648,-375.977,-307.617,23.351,-13.076,7.450,3699,21.63
166164,-952.637,-66.895,-96.191,7.237,-5.061,0.382,-849.121,-333.984,-249.023,17.267,-8.221,-6.458,3700,21.63
166195,-993.652,75.684,-173.828,-2.878,-1.847,-2.008,-875.977,-427.246,-218.262,-5.191,-1.878,-3.603,3689,21.63
166226,-1015.625,26.367,-171.387,-13.046,3.786,-3.015,-868.652,-455.078,-288.086,-12.595,2.191,-1.366,3695,21.63
166257,-969.238,-8.301,-228.516,-9.947,-2.168,3.435,-860.352,-505.859,-303.223,-17.962,5.481,-7.053,3695,21.63
166289,-1010.742,-8.301,-245.605,-10.252,3.053,5.496,-931.641,-540.527,-404.297,-14.870,1.183,-4.321,3693,21.63
166321,-1074.707,14.648,-224.609,-10.313,7.756,2.947,-982.910,-623.047,-491.211,-10.954,0.282,-8.313,2957,21.63
166352,-907.715,214.355,-165.039,-9.893,12.954,4.191,-828.125,-496.582,-222.656,-18.214,1.252,2.954,1507,21.63
166384,-1009.277,-92.773,-155.273,-7.305,5.985,4.473,-748.535,-445.801,-219.238,-20.237,6.176,5.328,741,21.63
166416,-974.609,25.879,-193.359,-3.252,4.420,0.672,-817.383,-378.906,-332.031,-6.466,1.939,-2.511,376,21.63
166448,-841.797,-145.996,-197.266,-7.588,8.473,-3.557,-401.855,-788.086,-554.199,-14.649,-2.023,9.031,202,21.63
166480,-947.754,94.238,-136.230,-6.618,8.290,-3.176,-918.457,-273.926,-424.316,-10.847,-1.458,-4.534,116,21.63
166512,-900.879,36.133,-84.473,2.718,3.771,3.740,-903.320,-425.293,-754.883,-2.122,-6.527,6.466,76,21.63
166544,-860.352,-22.949,-128.418,8.351,-1.008,5.137,-707.520,-673.828,267.578,19.214,-2.863,10.084,56,21.63
166576,-930.176,39.551,-267.090,8.191,1.634,4.221,-848.633,-447.754,-313.477,12.802,1.061,9.588,47,21.63
166607,-944.824,10.742,-258.301,8.649,2.260,6.779,-845.703,-375.000,-318.359,5.595,2.809,6.634,41,21.63
166638,-951.172,13.184,-276.855,6.489,2.275,1.626,-818.359,-387.695,-354.004,5.076,5.000,3.237,40,21.63
166669,-995.117,10.254,-232.422,7.817,3.061,2.061,-866.211,-449.219,-371.582,4.748,1.313,2.282,41,21.63
166700,-990.723,1.465,-239.258,8.458,5.344,-2.710,-822.754,-412.598,-320.801,11.527,3.260,4.374,39,21.63
166731,-972.656,64.453,-211.914,12.130,0.588,-2.160,-882.324,-386.719,-361.328,15.130,3.634,0.115,41,21.64
166762,-989.258,65.430,-200.684,8.145,0.076,-4.153,-882.812,-300.293,-350.098,9.626,-2.672,-2.473,39,21.64
166794,-962.402,74.219,-172.852,-8.634,5.855,-7.420,-859.375,-212.891,-310.059,-4.603,-2.382,-7.763,39,21.64
166825,-985.352,72.754,-168.457,-18.893,8.542,-12.763,-870.605,-275.879,-403.809,-13.191,-5.198,-11.160,39,21.64
166856,-970.215,103.027,-178.223,-20.038,4.916,-13.053,-901.367,-247.070,-350.098,-24.588,-8.000,-15.725,40,21.64
166887,36.621,-594.238,-326.660,-34.580,4.351,-17.229,-975.098,-225.586,-220.703,-33.756,-10.351,-20.313,39,21.64
166918,-1004.883,166.992,-197.754,-42.008,5.550,-14.733,-960.449,-427.734,-384.766,-40.679,-10.519,-17.336,39,21.64
166950,-879.395,23.437,-221.191,-38.298,3.176,-10.397,-968.262,-531.250,-336.426,-36.015,-11.214,-14.305,50,21.64
166982,-993.164,75.684,-232.910,-29.305,1.069,-10.145,-867.676,-538.086,-340.820,-22.931,-12.794,-6.481,39,21.64
167013,-996.094,89.844,-241.211,-18.519,-6.496,-0.534,-885.254,-454.590,-443.848,-7.275,-23.962,-2.183,39,21.64
167044,-970.703,17.578,-276.367,-7.603,-13.710,-2.374,-857.910,-431.152,-456.055,33.992,-35.450,-7.519,41,21.64
167075,-1008.789,94.238,-326.172,-5.076,-16.382,-2.359,-889.648,-516.113,-207.031,-1.527,-20.641,3.076,38,21.64
167107,-969.727,86.426,-395.020,-10.603,-10.618,3.672,-851.562,-622.070,-208.496,-20.595,1.008,4.458,37,21.64
167139,-890.137,-183.594,-470.703,1.107,-2.496,5.756,-944.336,-660.156,-338.379,4.992,4.397,13.588,39,21.64
167170,-843.262,-58.594,-507.324,11.634,-2.771,14.519,-1781.250,-1765.625,-1568.359,-11.656,-4.466,9.405,39,21.64
167201,-898.926,-166.016,-376.953,23.321,-1.252,11.191,-689.453,-314.453,-300.293,24.053,11.427,10.191,39,21.64
167233,-906.250,-126.465,-408.691,35.153,3.183,5.046,-730.469,-420.898,-233.887,21.214,17.702,6.122,40,21.64
167264,-903.809,-44.922,-430.176,31.473,12.809,0.237,-730.957,-365.723,-206.543,17.672,24.863,9.092,43,21.64
167295,-824.707,87.891,-310.547,22.771,24.863,-4.924,-793.457,-375.488,-200.684,8.321,36.359,14.756,39,21.64
167327,-843.750,160.156,-197.266,10.076,32.260,-2.359,-846.191,-375.000,-324.707,-4.206,40.168,19.031,39,21.64
167359,-947.754,229.492,-42.480,-8.863,39.710,7.893,-941.895,-346.680,-396.973,-18.740,29.618,9.985,39,21.64
167391,-1015.137,175.781,17.578,-18.092,34.374,8.046,-902.832,-341.797,-405.762,-26.443,21.321,11.298,39,21.64
167422,-1046.875,141.602,95.215,-21.305,17.573,9.435,-963.379,-311.523,-412.598,-25.107,5.344,10.137,39,21.64
167453,-1086.914,156.250,92.773,-26.527,2.748,13.832,-1018.555,-332.031,-425.781,-24.344,-10.847,6.359,37,21.64
167484,-1047.852,167.480,120.605,-33.191,-9.153,17.824,-987.305,-345.703,-424.805,-24.679,-34.153,5.473,38,21.64
167516,-1051.758,153.809,70.313,-41.847,-20.061,14.237,-963.867,-316.406,-367.187,-22.908,-47.779,1.275,38,21.64
167547,-1068.848,157.227,5.859,-52.893,-28.008,17.359,-940.430,-371.094,-324.707,-32.466,-57.595,-0.122,47,21.64
167578,-776.367,-65.430,-105.469,-52.885,-27.565,15.221,-919.922,-374.512,-250.977,-29.817,-64.511,-2.000,41,21.64
167609,-1054.199,83.496,-189.941,-53.321,-38.855,5.626,-593.262,-455.566,140.137,-39.840,-52.420,-4.534,39,21.64
167641,-994.141,-107.910,-467.285,-44.664,-43.901,-0.710,-729.492,-357.910,-326.172,-28.176,-60.656,-5.328,39,21.64
167672,-991.211,-34.668,-433.594,-32.489,-38.672,-6.985,-748.535,-583.496,-267.090,-10.832,-50.992,-0.359,3695,21.64
167703,-878.906,-99.121,-448.730,-27.061,-30.160,-11.527,-698.730,-382.324,-191.895,-2.702,-42.000,2.107,3699,21.64
167734,-927.246,18.066,-407.227,-16.969,-24.725,-16.397,-809.082,-375.000,-234.863,-3.412,-30.389,-0.939,3693,21.64
167766,-965.332,22.461,-339.355,-20.435,-17.023,-20.366,-826.660,-380.859,-266.113,-10.183,-22.290,3.168,2302,21.65
167798,-987.793,104.980,-254.395,-13.626,-18.313,-18.305,-896.973,-383.789,-254.395,-10.191,-18.962,1.695,1146,21.65
167830,-1000.000,156.738,-165.039,-7.855,-16.321,-17.542,-954.102,-517.578,-230.957,-2.069,-19.069,4.115,571,21.65
167862,-979.004,272.461,-69.336,1.420,-25.061,-9.412,-998.535,-498.047,-227.539,7.382,-20.405,18.893,295,21.65
167893,-920.410,427.246,-45.898,3.214,-24.908,6.000,-998.535,-396.973,-205.566,13.191,-22.412,23.809,164,21.65
167925,-816.406,501.953,-109.375,-2.321,-26.511,29.656,-928.223,-342.285,-210.449,6.298,-27.008,28.924,99,21.65
167956,-625.977,672.363,-309.082,-32.641,-1.832,54.137,-827.637,-105.957,-83.496,-25.931,-25.947,43.427,69,21.65
167987,-1053.223,209.961,-710.937,-64.748,22.695,8.084,-1191.406,-107.910,-391.602,-67.595,-0.908,43.878,53,21.65
168018,-1166.504,813.477,-23.437,-88.901,24.122,45.473,-1460.938,-377.441,-405.273,-104.046,3.053,18.069,46,21.65
168049,-1119.141,106.934,43.457,-57.183,13.802,56.450,-1025.391,-509.277,26.855,-46.298,-13.458,37.435,40,21.65
168080,-927.734,95.703,-103.516,-0.832,-9.656,45.282,-796.875,-211.426,-145.508,1.344,-14.931,51.740,40,21.65
168112,-852.051,249.512,-153.320,1.565,-17.252,44.275,-845.703,31.738,-203.613,-5.015,-9.786,41.733,41,21.65
168144,-1017.578,407.715,94.238,-7.847,-10.496,43.359,-960.937,-103.516,132.812,-2.802,-5.824,39.305,41,21.65
168176,-957.031,242.676,-87.402,9.611,-2.634,48.603,-1115.723,-360.352,33.691,24.275,-10.137,43.321,39,21.65
168207,-981.934,372.070,-59.570,21.069,-5.710,54.710,-985.352,-140.137,-22.461,21.229,0.817,38.244,31,21.65
168239,-908.203,402.344,-15.625,24.313,-2.992,57.427,-978.027,7.812,-7.812,21.420,12.481,33.527,971,21.65
168270,-852.539,436.523,-42.480,14.740,2.565,52.611,-919.922,37.109,-97.168,5.168,15.260,33.137,3699,21.65
168302,-884.766,433.594,-39.063,4.176,10.756,51.908,-947.754,-84.961,-115.234,-6.412,6.412,33.573,3699,21.65
168334,-919.434,408.691,-80.566,4.450,9.489,60.580,-936.035,-235.840,-75.195,-14.779,-1.389,42.076,3695,21.65
168365,-883.789,431.641,-46.875,9.496,11.260,67.076,-924.316,-184.082,-71.289,7.328,10.710,32.473,3695,21.65
168396,-854.492,534.668,-48.828,15.534,13.443,74.687,-930.176,-41.016,-51.270,9.962,8.733,34.336,3694,21.65
168427,-823.242,573.730,-85.938,17.718,17.580,78.298,-952.637,-20.996,-47.852,6.275,16.481,34.336,3655,21.65
168458,-810.547,665.527,-120.605,17.115,17.977,84.824,-942.871,-6.348,-104.492,0.557,21.565,33.351,1765,21.65
168489,-823.730,643.555,-143.066,20.756,18.580,83.893,-991.211,-68.359,-126.465,2.420,26.214,39.519,887,21.65
168520,-925.781,701.172,-157.227,23.076,24.885,89.298,-1056.152,-140.137,-126.465,3.931,25.710,35.840,458,21.65
168551,-1302.734,807.129,-167.480,11.015,48.771,107.634,-1479.492,-147.949,-76.172,2.153,15.275,12.359,245,21.65
168582,-1749.023,538.086,-496.582,13.885,48.084,134.695,-1375.000,-177.246,-240.234,13.863,25.038,-50.504,139,21.65
168613,-1265.625,700.195,-24.414,26.214,35.092,142.504,-1029.297,-27.832,-497.559,18.496,34.458,-88.298,88,21.65
168644,-617.187,1195.313,301.270,8.000,28.832,138.542,-1105.957,-45.898,-478.516,7.840,2.359,-85.275,61,21.65
168676,-647.949,1098.633,64.453,-20.931,25.450,131.832,-1067.383,-21.484,-246.582,-3.298,-15.374,-76.947,53,21.65
168708,-592.773,961.426,-115.234,-32.954,20.634,134.076,-928.223,41.992,-306.152,-4.160,-12.748,-84.176,44,21.65
168739,-635.254,691.406,-57.129,-31.221,8.710,112.511,-1002.441,-13.184,-322.266,5.359,-9.924,-92.718,42,21.65
168770,-522.949,329.102,-43.945,-28.687,-4.924,78.031,-946.289,-91.797,-333.008,10.687,-18.153,-87.122,40,21.65
168801,-561.035,136.230,-65.430,-31.695,-21.443,21.237,-885.254,-170.898,-309.570,21.145,-18.565,-78.588,40,21.65
168832,-711.914,-58.105,-203.613,-23.840,-36.237,-37.366,-801.758,-254.395,-298.340,31.328,-13.908,-70.481,39,21.65
168864,-858.398,-127.441,-351.562,-11.237,-55.076,-100.191,-827.148,-240.723,-258.789,45.336,-3.168,-75.779,40,21.65
168895,-823.242,165.039,-327.148,3.145,-57.389,-164.023,-822.266,-259.277,-200.684,54.481,-1.458,-70.298,36,21.65
168926,-926.270,287.109,-313.965,11.412,-61.313,-224.328,-823.730,-262.207,-188.965,49.092,0.435,-51.985,40,21.65
168957,-1039.063,438.477,-287.598,12.992,-52.305,-250.137,-779.297,-224.609,-139.648,36.840,3.374,-23.214,41,21.65
168988,-1118.652,766.113,-327.637,21.550,-46.588,-250.137,-701.172,-183.105,-99.121,31.260,4.000,8.977,229,21.65
169019,-1239.258,1025.879,-360.352,29.321,-40.756,-250.137,-900.391,24.414,-100.098,22.901,-1.702,27.779,135,21.65
169050,-1283.203,1253.906,-217.773,21.534,-28.084,-250.137,-550.293,-25.391,-156.738,1.534,-6.817,20.885,85,21.65
169081,-1113.281,1356.445,-17.578,-12.099,-11.519,-250.137,-785.645,-254.883,-233.887,-34.634,-0.802,10.267,60,21.65
169113,-880.371,1316.406,48.340,-38.145,-13.611,-220.901,-1025.391,-605.469,-324.219,-57.771,-3.443,-2.031,47,21.65
169145,-358.398,1314.453,41.016,-21.740,-15.756,-102.237,-1046.875,-1095.215,-172.852,-14.206,-24.389,-16.809,43,21.65
169177,-260.254,1304.688,18.555,-14.260,-6.992,31.527,-957.520,-918.945,-210.937,13.771,-32.130,-11.649,41,21.65
169209,-909.668,1000.000,248.047,-22.053,-15.573,113.687,-913.574,-249.512,-179.199,-16.275,-43.588,15.969,42,21.65
169240,-2000.000,-2000.000,-1108.398,-116.076,28.313,35.252,-701.660,45.898,-50.293,-87.649,-56.168,39.412,42,21.65
169271,232.422,1999.939,834.961,-93.687,55.664,142.763,-1907.715,-414.062,-866.699,-168.191,-2.405,-44.260,39,21.65
169303,-1699.707,692.383,278.809,-108.160,15.725,173.870,-1029.785,-465.332,194.336,-53.229,-50.458,-5.855,39,21.65
169334,-568.359,492.187,265.625,-18.282,-13.473,71.260,-634.277,-76.660,-51.270,-4.573,-0.176,69.198,43,21.65
169366,-981.445,378.418,-322.754,20.214,-26.824,59.489,-944.336,-228.516,109.375,3.481,-30.786,92.061,3692,21.65
169398,-988.281,494.141,40.039,10.519,-23.977,53.756,-1030.273,-18.555,-41.016,6.924,-0.588,76.931,3699,21.65
169430,-899.414,395.508,18.555,17.015,-17.992,36.229,-1090.332,-433.594,-74.707,-7.427,-37.328,125.748,3699,21.65
169461,-860.840,315.918,10.254,20.198,-18.595,34.985,-971.680,-136.719,-110.352,142.649,54.511,87.824,3705,21.65
169493,-884.766,372.559,34.668,26.420,-15.634,42.733,-716.797,-68.848,129.395,35.008,55.595,52.038,2619,21.65
169525,-895.996,460.449,12.207,17.183,-14.115,52.008,-661.133,345.703,-166.016,0.695,48.603,34.672,1339,21.65
169557,-874.023,430.664,22.461,5.733,2.015,61.634,-1038.574,-162.109,142.578,-4.817,33.603,16.794,662,21.65
169588,-869.629,470.703,20.996,1.885,7.901,70.496,-1002.441,-211.914,-75.684,26.565,25.580,56.458,3698,21.65
169619,-843.262,561.035,-47.363,10.298,6.206,70.664,-1003.906,-69.824,-40.527,-58.366,22.359,76.328,3694,21.65
169650,-1301.758,1115.723,-43.945,13.740,-5.771,71.252,-972.656,63.965,-85.938,19.061,-5.611,16.336,3700,21.65
169681,-905.273,651.367,-136.719,19.740,1.931,79.443,-809.570,-58.105,0.000,15.557,26.153,25.183,3699,21.65
169712,-735.840,681.641,-19.531,19.962,2.412,78.366,-886.230,3.906,-159.668,3.573,8.191,46.275,3695,21.65
169743,-725.098,660.156,-47.363,30.947,1.397,75.832,-1036.621,78.613,-52.246,30.580,11.840,38.473,3556,21.65
169774,-824.707,715.820,-83.496,30.473,7.076,68.908,-1021.973,101.563,-68.359,26.794,18.588,40.435,1741,21.65
169806,-842.285,724.609,-132.812,32.427,6.496,75.458,-1001.465,-129.395,-187.988,26.504,20.809,34.351,857,21.65
169838,-908.203,743.652,-179.199,42.115,7.718,80.626,-1038.574,-236.816,-116.699,34.168,25.031,30.832,431,21.64
169869,-1187.988,746.582,-233.398,43.298,12.244,94.756,-1232.910,-156.250,-52.246,30.695,30.038,6.656,233,21.64
169900,-1342.285,653.320,-250.488,36.496,28.542,116.099,-1162.109,-55.664,-236.816,31.321,34.664,-34.840,136,21.64
169931,-1057.129,678.223,-30.762,42.084,29.023,119.107,-1068.848,-12.207,-298.340,31.924,31.824,-78.504,3695,21.64
169962,-354.980,1168.457,174.805,19.313,38.313,110.252,-1123.047,29.297,-186.523,2.641,18.832,-68.473,3699,21.64
169993,-507.812,1143.555,196.777,2.901,35.435,89.595,-1246.582,137.695,-417.969,-10.832,1.573,-50.748,3700,21.64
170024,-712.891,696.289,114.258,-23.298,27.924,76.031,-1094.727,161.621,-422.363,-18.153,-13.832,-58.405,3693,21.64
170055,-764.160,288.574,91.309,-26.969,2.015,33.458,-925.293,-90.332,-379.883,-3.580,-20.679,-71.878,2135,21.64
170086,-707.520,311.035,-127.930,-10.992,-30.908,-12.427,-864.746,-285.645,-265.625,-55.504,-35.573,-125.687,1070,21.64
170118,-643.066,352.539,-168.457,-8.130,-45.008,-48.855,-880.859,-214.355,-313.965,86.290,-3.359,-43.290,3698,21.64
170150,-740.234,210.937,-323.242,-9.046,-55.290,-83.908,-818.848,-333.496,-312.012,95.153,-3.038,-81.679,3694,21.64
170182,-732.422,417.969,-346.191,1.176,-55.924,-121.588,-848.633,-149.414,-256.836,50.084,-7.817,-58.061,3701,21.64
170214,-801.270,489.746,-365.234,5.908,-51.359,-150.244,-829.590,-152.832,-171.387,41.634,-8.099,-63.779,3699,21.64
170246,-836.914,555.664,-320.801,7.176,-37.710,-182.595,-842.773,-164.551,-177.246,29.221,-10.786,-57.779,3695,21.64
170277,-924.316,627.441,-280.762,6.115,-32.038,-207.916,-878.906,-207.031,-169.434,18.221,-7.802,-49.939,2437,21.64
170308,-1047.363,661.621,-242.187,0.603,-25.176,-234.969,-842.773,-257.324,-188.965,12.481,-7.779,-32.809,1255,21.64
170340,-1075.195,755.859,-244.629,14.183,-29.679,-241.046,-801.270,-242.187,-156.250,7.267,-3.359,-19.015,622,21.64
170372,-1026.367,843.262,-155.762,13.237,-25.061,-239.664,-742.187,-128.418,-128.906,10.107,-0.611,-9.397,315,21.64
170403,-947.754,932.617,-124.512,6.053,-22.954,-217.519,-820.801,-206.055,-136.719,1.351,-1.420,-20.015,174,21.64
170434,-815.430,963.867,-81.543,-13.046,-14.878,-181.115,-881.348,-325.195,-151.855,-22.321,-0.756,-26.947,105,21.64
170466,-738.770,874.023,-113.770,-27.313,-4.382,-136.725,-880.859,-442.871,-157.227,-39.481,3.137,-23.435,3696,21.64
170498,-628.418,801.270,-80.078,-33.679,7.252,-87.565,-905.762,-519.043,-182.129,-35.359,-2.603,-26.962,3693,21.64
170529,-622.070,844.727,-27.832,-31.481,8.817,-28.511,-940.918,-500.488,-192.383,-35.458,-6.244,-15.534,3693,21.64
170560,-586.426,925.293,71.777,-39.015,10.130,13.450,-944.824,-459.473,-190.430,-42.481,-14.519,-1.115,3363,21.64
170591,-637.207,841.309,85.449,-47.374,8.962,57.885,-940.430,-375.000,-201.172,-48.397,-23.382,16.534,1687,21.64
170623,-952.148,431.641,181.152,-60.130,5.534,76.481,-898.926,-182.617,-250.000,-55.725,-36.656,40.183,825,21.64
170655,-1277.832,-422.852,-1241.211,-86.023,24.053,-15.908,-937.500,-193.848,-369.141,-93.718,-23.084,34.221,419,21.64
170686,-2000.000,1436.035,556.641,-160.298,61.427,176.122,-1681.152,-961.426,-988.770,-139.687,-19.443,-56.534,227,21.64
170718,-1140.137,-377.930,-72.754,-47.130,-8.374,126.489,-788.574,-635.254,407.227,-12.267,-40.626,31.779,126,21.64
170750,-755.371,127.441,84.473,1.481,-20.916,79.290,-591.797,12.207,-111.816,23.962,-27.267,63.008,3700,21.64
170781,-858.887,616.211,-247.070,-3.595,-16.618,61.084,-961.426,190.430,-112.305,-8.366,-13.198,63.718,3695,21.64
170813,-1057.617,373.535,93.750,-10.313,-16.733,60.649,-984.863,-218.262,42.480,-3.031,-9.901,52.885,3699,21.64
170844,-966.309,408.203,-47.852,8.534,-13.435,49.954,-944.824,-178.711,103.027,12.176,-5.847,53.214,3701,21.64
170876,-897.949,447.266,-81.543,13.840,-11.557,53.282,-964.355,-140.137,-154.297,16.992,-1.412,50.153,3696,21.64
170908,-890.625,464.844,-49.805,25.137,-15.550,45.458,-988.770,-158.691,-78.613,19.924,2.939,61.847,3694,21.63
170940,-835.937,426.758,-14.648,29.237,-20.275,35.489,-886.719,-92.773,-36.621,30.916,7.832,64.969,3701,21.63
170971,-830.078,460.449,22.949,35.947,-21.588,38.076,-911.133,-87.891,-130.371,38.061,6.053,65.099,3701,21.63
171003,-964.844,573.242,-66.406,44.649,-10.275,60.939,-935.547,-84.961,-107.910,41.183,6.336,59.656,3412,21.63
171034,-805.176,502.441,-47.852,37.992,-13.260,41.954,-1069.336,26.367,-64.941,42.947,9.198,51.405,3705,21.63
171066,-768.066,479.980,-35.645,35.618,-11.504,45.473,-951.172,29.297,-66.895,43.519,14.221,46.359,3699,21.63
171097,-790.527,616.211,-34.180,41.641,-9.176,39.168,-988.281,6.836,-94.727,40.771,17.656,47.443,3704,21.63
171128,-798.828,577.637,-83.008,38.824,-4.122,44.794,-947.266,10.254,-131.836,30.771,21.038,50.221,3691,21.63
171159,-870.117,481.445,-63.477,38.618,1.206,44.695,-997.559,-70.313,-127.441,27.046,18.496,51.664,1960,21.63
171190,-854.004,628.418,-34.180,34.099,7.916,48.740,-999.023,-144.531,-25.879,22.870,16.855,58.214,996,21.63
171221,-877.930,538.086,-127.441,39.481,14.023,53.901,-944.336,-170.898,-29.297,31.931,22.420,56.565,507,21.63
171252,-941.895,554.687,-180.664,46.321,15.580,64.443,-998.535,-31.250,-115.234,36.771,31.267,41.916,270,21.63
171283,-1178.223,717.773,-203.125,46.130,25.321,84.557,-1246.582,27.344,-203.613,28.275,31.267,10.985,151,21.63
171314,-1314.453,629.883,-265.625,37.885,31.817,108.275,-1269.043,-116.211,-347.168,21.084,34.748,-40.672,93,21.63
171346,-1500.977,567.871,-178.223,27.916,31.336,131.603,-1083.984,-354.980,-445.312,25.427,34.198,-98.115,68,21.63
171378,-1046.875,708.984,54.688,42.137,7.626,140.718,-884.277,-173.828,-381.836,46.893,29.962,-107.527,51,21.63
171410,-322.754,1016.113,158.203,36.130,-5.046,130.687,-1125.488,163.086,-254.883,43.611,12.679,-65.595,45,21.63
171442,-277.832,947.266,-74.219,1.847,7.122,89.756,-1198.730,532.715,-327.148,11.000,-1.099,-55.756,40,21.63
171473,-556.641,194.824,-37.109,-31.511,23.954,33.534,-1097.168,388.184,-362.305,-33.824,-21.565,-57.969,39,21.63
171504,-486.328,212.891,-188.965,-49.496,40.649,-28.260,-948.730,195.312,-353.516,-54.969,-37.008,-54.305,39,21.63
171535,-552.246,221.191,-228.027,-64.405,53.542,-74.382,-859.863,-35.645,-315.430,-66.115,-40.962,-63.489,38,21.63
171566,-561.035,362.305,-166.016,-60.763,53.382,-115.191,-749.512,-189.941,-245.117,-68.763,-36.634,-48.191,39,21.63
171597,-701.660,458.984,-247.070,-44.779,42.099,-144.985,-744.141,-247.559,-238.770,-60.878,-27.122,-35.679,38,21.63
171628,-822.754,509.766,-295.898,-26.176,28.061,-160.611,-892.578,-66.895,-415.527,-53.992,-16.832,-37.191,39,21.63
171660,-838.379,666.992,-273.437,-30.183,33.405,-178.794,-809.570,80.078,-353.516,-55.679,-7.908,-39.969,44,21.63
171692,-940.430,736.328,-152.832,-37.351,38.260,-197.130,-914.062,83.984,-301.758,-69.878,0.038,-50.137,41,21.63
171724,-998.047,779.297,-81.543,-45.046,36.771,-201.748,-923.340,-117.676,-378.906,-77.802,-0.183,-48.427,41,21.63
171756,-961.426,933.105,-8.301,-54.939,35.969,-199.779,-901.855,-183.105,-375.000,-85.420,-5.443,-39.710,39,21.63
171788,-942.871,962.402,1.465,-71.420,35.573,-184.298,-940.430,-352.539,-393.555,-88.855,-6.160,-38.489,51,21.63
171819,-830.078,936.035,-2.441,-74.221,27.130,-152.053,-908.691,-331.055,-380.859,-82.542,-11.176,-37.687,39,21.63
171850,-745.605,900.391,-36.621,-68.130,17.992,-109.168,-942.871,-412.109,-378.906,-68.519,-13.893,-42.290,40,21.63
171881,-674.316,880.371,-85.938,-62.321,7.550,-63.870,-900.879,-398.926,-328.125,-52.176,-24.985,-38.962,38,21.63
171912,-579.590,873.535,-160.156,-63.695,16.145,-28.649,-895.020,-354.980,-248.047,-50.573,-27.809,-24.733,39,21.63
171943,-594.727,786.621,-188.477,-60.397,11.840,-1.412,-843.262,-266.113,-264.648,-50.733,-25.473,-9.374,38,21.62
171974,-627.930,618.164,-185.059,-38.916,0.725,20.076,-814.453,-270.508,-270.020,-37.168,-16.863,5.504,39,21.62
172005,-593.262,575.195,-226.074,-15.214,-13.481,30.779,-767.090,-138.184,-250.977,-26.916,-14.618,28.092,39,21.62
172036,-625.488,594.727,-467.773,-16.603,-9.519,29.084,-823.730,-152.832,-335.449,-14.626,-12.328,46.649,36,21.62
172068,-1270.996,785.156,-487.305,-33.901,-21.794,39.618,-1823.242,-459.473,-782.715,-3.824,-19.420,0.374,39,21.62
172099,-1145.020,917.969,-269.531,-31.206,1.321,90.374,-1188.477,-494.141,-333.984,-11.847,-58.130,-27.092,39,21.62
172131,-724.121,107.422,-20.996,-10.252,-23.389,41.863,-751.953,78.125,-120.605,12.466,-29.908,26.359,39,21.62
172163,-864.746,395.020,-90.332,17.573,-36.023,17.160,-1013.184,156.250,-136.719,30.183,-17.611,25.611,38,21.62
172195,-1002.930,577.637,-88.867,-1.458,-29.847,12.527,-1115.723,-265.137,-141.113,8.427,-20.115,24.458,38,21.62
172227,-898.926,465.332,-28.809,-9.916,-16.160,7.870,-533.691,84.473,2.441,1.527,-18.649,25.481,490,21.62
172258,-824.707,411.621,-49.805,-15.221,-10.053,3.450,-925.293,45.898,16.113,-4.603,-21.183,20.443,3695,21.62
172289,-893.555,421.387,-97.168,-19.046,-2.771,-3.672,-975.586,-142.578,-184.570,-17.916,-15.221,13.847,3699,21.62
172320,-895.996,430.176,-78.125,-20.496,0.198,-3.298,-969.238,-66.406,-123.535,-13.947,-16.466,3.718,3704,21.62
172351,-877.930,440.430,-34.180,-22.573,1.794,-5.885,-977.051,-61.523,-89.844,-20.878,-14.160,3.275,3693,21.62
172382,-869.141,478.516,-71.289,-32.351,4.954,-1.740,-981.445,-192.871,-181.641,-37.809,-15.420,5.779,2110,21.62
172413,-1424.805,-971.680,-474.609,-13.450,12.511,-19.939,-1000.977,-269.531,-132.324,-40.496,-12.496,7.221,1064,21.62
172445,-912.109,357.910,-63.965,-28.649,3.702,-0.489,-948.730,-274.902,-135.742,-30.153,-12.191,11.046,535,21.62
172477,-911.621,390.137,-42.480,-24.763,3.252,1.008,-970.703,-243.652,-116.699,-25.718,-12.626,7.740,277,21.62
172508,-882.812,394.531,-27.344,-26.992,3.809,6.084,-958.496,-160.645,-86.426,-26.763,-11.847,5.237,154,21.62
172539,-871.094,405.762,-50.293,-24.145,6.672,10.809,-971.680,-125.488,-62.988,-29.260,-12.412,9.092,95,21.62
172571,-902.832,426.270,-25.391,-25.366,9.374,9.977,-984.375,-117.188,-41.016,-33.183,-7.092,3.534,3703,21.62
172602,-882.324,453.125,-5.859,-23.893,9.679,9.267,-995.117,-85.449,-43.945,-35.489,-2.267,3.206,3695,21.62
172633,-913.574,458.008,-8.789,-22.992,11.000,7.298,-983.398,-94.238,-5.371,-39.405,1.870,2.359,3705,21.62
172665,-874.023,456.055,0.488,-26.756,17.748,5.076,-1007.324,-73.730,-4.883,-39.511,3.481,3.550,2647,21.62
172696,-887.695,439.941,-16.113,-22.634,18.092,4.641,-1004.883,-83.008,-9.277,-41.130,7.321,-0.947,1369,21.62
172727,-879.395,446.777,-15.625,-20.924,22.229,7.855,-950.195,-136.719,-76.172,-41.656,11.351,3.351,713,21.62
172758,-905.762,436.035,-36.133,-22.481,24.924,8.145,-980.957,-222.656,-101.563,-40.313,13.580,-0.557,3695,21.62
172790,-903.809,449.707,-57.129,-18.412,27.992,17.580,-999.023,-187.500,-128.418,-39.076,12.595,-0.580,3699,21.62
172821,-920.898,490.234,-64.941,-21.366,29.817,19.908,-1004.883,-134.277,-189.453,-43.489,12.130,-0.443,3696,21.62
172852,-861.816,462.891,-150.391,-26.412,38.580,21.519,-1006.836,-112.305,-81.055,-42.160,6.855,-13.237,3694,21.62
172884,-867.187,482.422,-190.918,-18.756,40.542,33.985,-905.273,-105.469,-61.035,-26.985,16.031,-19.863,3700,21.62
172915,-914.551,451.660,-138.672,-23.588,53.229,35.046,-930.176,-29.785,-166.016,-40.740,26.878,-32.084,3701,21.62
172947,-880.371,460.449,-173.340,-31.954,58.450,46.489,-1004.395,-113.770,-243.164,-63.176,28.282,-42.038,3704,21.62
172978,-917.480,611.328,-127.441,-41.817,66.809,46.725,-1000.977,-228.516,-256.348,-68.786,21.000,-43.679,2683,21.63
173009,-852.051,547.852,-98.633,-46.847,76.290,45.366,-931.152,-264.160,-257.812,-67.450,12.336,-39.275,1381,21.63
173040,-846.680,554.687,-166.016,-51.427,80.229,44.038,-928.223,-198.730,-246.582,-67.435,8.885,-38.107,697,21.63
173071,-804.687,625.488,-187.500,-44.870,80.679,44.557,-993.652,-182.617,-244.629,-68.221,6.214,-37.023,361,21.63
173102,-750.977,663.086,-193.359,-48.427,81.664,41.336,-959.961,-161.621,-270.508,-74.969,3.817,-31.053,198,21.63
173134,-699.219,703.125,-225.098,-55.702,91.840,34.427,-972.656,-105.957,-254.883,-85.504,1.115,-26.687,115,21.63
173165,-675.781,702.637,-234.863,-58.763,93.710,30.733,-957.031,-66.406,-297.852,-100.977,3.634,-21.160,77,21.63
173197,-646.973,735.352,-251.465,-64.000,103.206,25.328,-937.500,-93.262,-304.199,-110.878,-2.145,-20.603,56,21.63
173229,-619.141,737.305,-225.586,-70.924,109.298,22.252,-963.867,-57.617,-298.828,-114.695,-7.237,-22.840,45,21.63
173260,-610.352,782.227,-200.684,-70.198,113.374,23.351,-937.988,-82.520,-306.641,-116.611,-11.122,-24.611,40,21.63
173291,-680.176,587.891,-181.641,-75.840,115.252,21.435,-945.801,-83.496,-325.684,-114.817,-17.802,-29.557,41,21.63
173322,-795.898,381.348,-30.273,-83.725,112.359,-0.473,-1013.184,34.180,-321.289,-123.618,-21.985,-28.298,59,21.63
173353,-860.352,447.266,156.250,-86.565,100.794,-31.954,-1011.230,29.297,-312.500,-121.656,-29.565,-40.679,3696,21.63
173384,-843.750,460.449,97.168,-79.282,87.046,-62.832,-979.004,-131.836,-304.199,-104.427,-34.328,-50.931,3699,21.63
173416,-933.105,564.941,23.926,-67.061,68.366,-78.611,-956.543,-116.699,-318.848,-88.847,-38.786,-57.962,3695,21.63
173447,-638.184,532.715,-30.273,-67.229,59.031,-96.931,-858.887,-135.742,-379.883,-83.366,-34.885,-60.939,3695,21.63
173478,-857.422,625.488,-33.691,-72.626,52.115,-119.573,-903.809,-58.105,-382.324,-81.023,-36.321,-51.863,3696,21.63
173510,-739.746,614.258,-3.418,-75.450,42.061,-138.649,-890.625,-81.543,-410.156,-82.015,-36.260,-49.099,2823,21.63
173541,-748.535,801.270,11.230,-91.145,41.282,-147.496,-872.559,-11.719,-395.020,-94.511,-40.160,-50.000,1490,21.63
173573,-676.758,1020.508,-105.957,-95.099,39.542,-142.176,-904.785,-108.398,-275.391,-99.641,-50.672,-48.069,728,21.63
173605,-514.648,1201.172,-206.543,-97.450,39.809,-112.389,-911.621,-330.078,-249.023,-97.183,-37.153,-41.328,3710,21.63
173636,-378.418,1217.773,-249.023,-88.412,41.450,-65.435,-824.707,-412.109,-330.078,-87.977,-33.191,-27.267,3699,21.63
173667,-368.652,1070.801,-323.242,-81.168,39.863,-30.595,-803.223,-242.187,-262.207,-83.626,-30.969,-4.489,3695,21.63
173699,-450.684,777.832,-350.586,-79.359,44.443,-19.466,-791.992,40.039,-255.371,-93.267,-27.260,21.763,3687,21.63
173730,-461.426,707.520,-205.078,-68.931,37.710,-35.863,-774.414,19.531,-322.266,-89.603,-19.450,52.351,1807,21.63
173762,-1477.539,-291.992,345.215,-57.527,10.702,-55.336,-1155.762,-115.723,-414.551,-59.641,-16.527,52.824,889,21.63
173794,-1496.094,375.000,-895.020,-25.496,-0.527,-22.595,-1474.609,-328.125,-516.602,-2.206,-23.916,-15.344,453,21.63
173826,-916.504,428.711,-285.156,4.389,-25.473,3.099,-960.937,-378.418,-254.883,24.939,-11.023,-12.397,236,21.63
173858,-780.273,456.543,-45.898,15.908,-32.420,-9.901,-908.691,83.496,-138.672,26.763,-19.122,0.992,134,21.63
173890,-763.184,570.312,17.090,-4.237,-19.901,-35.435,-1078.125,44.922,-86.426,-9.153,-23.168,13.580,1241,21.63
173921,-909.668,444.336,-97.656,-34.947,-7.198,-28.504,-884.766,-118.652,-154.297,-23.916,-14.145,1.420,3695,21.63
173953,-889.648,366.699,-16.113,-34.779,-3.336,-20.519,-968.262,-292.969,4.883,-32.802,-18.160,-9.504,3695,21.63
173984,-880.859,392.578,-17.578,-18.977,-8.435,-14.908,-934.082,-358.887,3.906,-15.786,-14.092,-3.870,3699,21.63
174015,-902.344,389.160,-40.039,-12.641,-9.466,-12.046,-922.363,-287.598,-107.910,-14.832,-10.382,7.977,3689,21.63
174046,-1095.215,593.262,36.621,-11.847,-11.794,-10.191,-1077.637,-160.645,-40.527,-6.405,-5.924,8.229,1916,21.63
174077,-885.742,412.598,-3.906,-12.992,1.038,-8.527,-955.566,-79.590,-25.391,-21.519,-6.053,7.000,949,21.63
174108,-875.000,403.320,1.465,-18.542,4.046,-9.382,-976.562,-60.547,-57.129,-26.710,-0.008,2.824,487,21.63
174139,-892.578,404.785,-1.953,-17.519,6.473,-9.809,-958.984,-129.395,-68.359,-29.885,1.756,0.992,263,21.63
174170,-902.832,348.145,-20.508,-14.893,5.275,-4.366,-972.656,-187.988,-87.891,-22.084,2.206,-1.145,149,21.63
174201,-917.969,380.859,-10.254,-9.321,5.634,-1.756,-998.535,-136.230,-69.336,-14.817,3.389,-0.015,93,21.63
174232,-923.340,376.953,-23.437,-7.191,12.489,-4.191,-987.793,-77.637,-66.406,-13.908,5.290,-3.229,58,21.63
174264,-915.039,399.902,-21.484,-5.344,9.733,-2.802,-989.258,-46.875,-111.816,-13.565,7.885,-3.458,47,21.63
174296,-917.969,411.621,-22.461,-8.069,13.260,-2.664,-1008.301,-31.738,-114.258,-16.351,8.908,-10.794,45,21.63
174328,-916.504,416.016,-39.063,-8.847,17.038,-6.145,-978.027,-57.617,-83.008,-14.183,9.733,-13.626,43,21.63
174359,-907.715,431.641,-25.879,-12.824,20.481,-13.397,-997.070,-4.395,-77.637,-19.779,12.237,-11.832,39,21.63
174390,-907.715,377.930,-42.969,-12.634,21.885,-16.031,-964.844,-60.547,-81.055,-26.290,15.412,-18.206,38,21.63
174421,-910.156,358.887,-44.922,-13.237,24.435,-14.954,-967.773,-101.074,-83.496,-23.748,18.695,-16.840,40,21.63
174452,-1171.875,458.984,-223.633,-10.710,22.962,-19.420,-930.176,-174.316,-118.164,-22.412,20.359,-20.664,39,21.63
174483,-928.711,370.117,-64.941,-11.771,30.588,-16.817,-986.816,-178.223,-116.211,-21.870,22.435,-23.290,40,21.63
174515,-962.891,395.996,-66.895,-11.656,33.679,-15.092,-1006.348,-220.215,-121.582,-24.244,22.031,-19.153,45,21.63
174546,-977.051,372.070,-122.559,-10.405,39.771,-10.481,-1025.879,-165.527,-111.816,-24.786,26.573,-22.679,41,21.63
174578,-920.898,416.504,-75.195,-11.321,43.389,-2.985,-986.816,-182.617,-187.012,-30.756,26.176,-27.061,45,21.63
174609,-882.812,538.574,-45.898,-36.534,57.053,5.664,-971.191,-234.375,-230.957,-55.924,21.672,-33.534,40,21.63
174641,-876.465,655.762,-37.109,-81.427,95.137,19.092,-1057.129,-154.297,-259.766,-98.229,6.496,-18.198,41,21.63
174673,-902.832,882.324,225.586,-145.565,116.947,28.099,-1205.566,-74.219,-469.727,-150.176,-13.130,-16.313,38,21.63
174704,-1169.922,634.766,114.258,-162.038,105.015,50.962,-1176.758,-230.957,-541.992,-176.427,-27.550,-45.290,3703,21.63
174735,-1113.281,400.879,-43.457,-142.336,74.244,72.840,-967.773,-437.988,-454.590,-146.305,-44.107,-66.008,3701,21.63
174766,-982.422,347.168,-114.746,-117.916,56.855,69.710,-912.109,-491.699,-305.664,-108.427,-50.443,-65.748,3699,21.63
174797,-964.844,346.191,-151.367,-100.840,48.328,59.855,-945.801,-414.062,-181.152,-82.374,-57.122,-57.000,2762,21.63
174829,-924.316,395.020,-207.031,-81.053,34.740,53.115,-939.453,-323.242,-197.266,-59.542,-46.695,-49.656,2940,21.63
174860,-868.164,471.680,-195.801,-64.214,27.679,47.916,-858.887,-247.070,-239.258,-47.427,-43.969,-62.573,3701,21.63
174891,-785.156,691.895,-217.773,-63.893,22.832,49.687,-1006.348,-195.312,-311.523,-47.847,-47.168,-73.305,3701,21.63
174922,-680.176,926.270,-270.020,-74.565,36.504,63.748,-919.434,-309.082,-285.645,-63.916,-51.489,-81.221,3705,21.63
174953,-668.945,874.512,-350.586,-79.160,43.771,75.015,-854.980,-537.109,-209.961,-63.489,-49.038,-78.557,3702,21.63
174984,-675.781,755.371,-262.695,-59.977,38.908,80.641,-762.695,-660.156,-39.063,-40.885,-31.519,-60.878,3695,21.63
175015,-487.305,683.105,-216.797,-52.244,32.153,78.321,-850.098,-371.582,-212.402,-34.046,-37.481,-49.351,3695,21.63
175046,-523.437,625.977,-239.746,-43.763,29.870,66.038,-868.164,-228.516,-214.844,-33.580,-31.290,-42.397,3695,21.65
175078,-588.867,726.562,-302.246,-41.626,30.504,47.252,-747.559,-279.297,-214.355,-38.321,-27.847,-34.725,3695,21.65
175110,-501.953,366.699,-288.574,-37.336,38.252,26.519,-755.859,-348.145,-122.070,-46.244,-25.214,-24.695,3699,21.65
175141,-548.828,275.391,-192.383,-24.954,41.305,-3.076,-781.738,-384.766,-121.582,-43.817,-16.702,-8.969,3695,21.65
175172,-755.859,201.660,-304.199,-18.053,42.542,-38.206,-806.641,-324.707,-201.172,-43.427,-7.107,-14.412,2354,21.65
175203,-743.652,186.035,-221.680,-11.672,40.740,-82.939,-798.828,-328.125,-250.000,-39.969,-3.260,-12.321,1213,21.65
175234,-867.187,215.332,-197.754,-6.397,34.176,-121.305,-853.027,-359.863,-229.492,-40.412,1.122,-4.710,1547,21.65
175265,-937.988,333.008,-161.133,0.687,24.511,-162.656,-835.449,-291.016,-249.023,-31.809,8.748,3.954,1771,21.65
175296,-953.125,388.672,-112.793,10.450,11.916,-196.534,-759.277,-309.082,-258.789,-19.336,14.466,7.031,2348,21.65
175328,-1089.844,624.023,-122.070,20.412,-3.977,-216.550,-783.203,-378.418,-283.203,-6.008,19.382,17.603,1163,21.65
175359,-1020.020,670.898,-158.691,26.511,-9.824,-228.756,-1012.695,-285.156,-332.031,-1.794,13.802,32.832,590,21.65
175390,-1089.355,944.824,-154.785,18.977,-10.550,-216.595,-945.801,-280.273,-263.184,-1.611,4.588,29.405,310,21.65
175421,-902.344,942.871,-37.598,2.511,-6.305,-186.885,-889.648,-453.125,-283.691,-3.092,2.061,15.947,171,21.65
175452,-970.215,874.023,-73.730,6.519,-13.618,-136.962,-972.656,-524.414,-360.840,5.489,2.771,3.092,103,21.65
175483,-722.168,858.398,-143.555,19.420,-26.336,-74.992,-940.430,-669.922,-302.734,29.336,-7.710,-3.244,72,21.65
175514,-544.922,914.062,-164.062,32.634,-30.076,-9.076,-904.785,-641.602,-209.961,46.130,-13.137,1.863,54,21.65
175545,-548.828,919.434,-119.629,26.290,-19.412,39.015,-920.410,-449.219,-247.070,35.748,-14.962,29.389,45,21.65
175576,-590.820,780.273,-118.164,1.435,-5.206,66.809,-844.238,-169.434,-199.219,1.679,-17.336,51.435,40,21.65
175607,-2000.000,-2000.000,1166.504,-91.527,8.969,-0.519,-1126.465,145.996,-273.926,-39.618,-25.191,75.000,40,21.65
175639,-920.410,658.691,-434.570,-17.153,14.527,-10.641,-1378.418,-301.270,-258.301,-43.618,-20.008,4.840,41,21.65
175670,-1327.148,634.277,-345.703,-69.176,12.885,77.351,-1255.371,-1040.527,-305.176,-39.130,-18.931,-8.870,3703,21.65
175702,-899.414,186.035,113.281,-17.221,-3.870,44.260,-808.105,-420.898,-164.062,-4.809,-32.328,52.473,3699,21.65
175733,-907.715,86.426,-162.598,12.046,-23.214,35.229,-784.668,-377.441,-110.840,23.321,-17.931,68.939,3699,21.65
175764,-993.652,412.598,-73.730,12.374,-24.733,37.466,-1012.207,16.602,-149.902,8.969,-12.038,52.588,2966,21.65
175795,-865.723,312.012,64.941,-8.282,-8.725,39.786,-880.371,-96.191,82.031,-5.008,-10.397,44.015,1583,21.65
175826,-942.383,340.820,19.531,-13.084,-2.046,44.176,-957.520,-233.398,24.902,-13.267,-11.206,39.931,791,21.65
175857,-969.727,301.270,-65.918,-9.237,1.748,54.420,-864.746,-460.449,-214.355,-23.405,1.702,52.893,413,21.65
175888,-940.918,375.488,-79.102,7.084,-6.893,53.069,-1026.855,429.687,44.922,5.542,16.794,31.153,223,21.65
175919,-936.523,427.246,-10.742,13.458,-4.893,48.832,-1062.500,-135.742,14.160,55.198,-93.695,24.481,125,21.65
175950,-875.977,428.223,-20.020,12.115,-2.878,45.718,-964.844,68.848,-24.902,36.626,12.130,29.885,85,21.65
175981,-859.375,410.645,-18.066,8.038,0.328,45.008,-1003.906,114.258,-49.805,-8.618,24.855,-6.779,61,21.65
176012,-850.098,447.754,23.926,5.634,4.901,47.321,-905.273,20.996,-25.879,13.656,-7.718,28.466,48,21.65
176043,-862.305,456.543,-38.574,8.366,7.550,47.450,-910.156,-317.383,-376.465,13.076,9.695,31.382,44,21.65
176074,-892.578,499.512,-52.734,12.710,10.023,45.550,-949.707,20.996,20.508,9.420,11.885,26.176,41,21.65
176105,-845.215,546.387,-71.289,11.206,14.458,42.634,-974.609,-26.367,-78.613,2.809,14.863,31.710,41,21.65
176136,-837.891,550.293,-74.219,11.893,12.840,41.214,-963.867,-41.016,-78.613,3.702,23.695,37.893,3699,21.65
176167,-858.887,545.410,-83.496,21.763,10.389,43.496,-970.215,-154.297,-124.023,5.038,16.634,45.130,3687,21.65
176199,-875.488,531.738,-58.594,28.679,14.519,47.214,-984.863,-182.129,-92.773,20.359,20.389,42.763,3689,21.65
176230,-856.445,562.988,-118.164,41.107,12.015,63.000,-959.961,-84.961,-6.348,33.336,25.191,39.260,2387,21.65
176261,-910.645,582.031,-101.563,49.168,15.626,71.626,-1028.320,-32.227,-52.734,37.130,30.427,32.580,1229,21.65
176292,-1193.848,673.828,-208.496,51.221,21.649,79.710,-1310.547,41.504,-215.820,36.046,34.466,12.519,623,21.65
176323,-1328.125,786.133,-274.414,44.412,28.450,92.550,-1322.754,-8.789,-479.980,38.473,34.275,-31.947,326,21.65
176354,-1301.758,625.977,-82.031,25.573,33.466,114.046,-1097.656,-97.168,-573.242,26.527,18.695,-84.214,179,21.65
176385,-1059.570,704.102,198.730,13.763,17.359,118.473,-1077.637,-270.996,-440.430,23.489,12.122,-101.702,107,21.65
176416,-646.973,850.586,156.738,27.260,-14.344,120.198,-934.082,-150.879,-267.090,50.435,7.008,-76.313,73,21.65
176447,-697.754,338.379,26.367,31.260,-38.618,94.534,-949.219,20.996,-323.242,62.145,5.947,-61.344,55,21.65
176478,-589.844,206.543,-3.906,14.221,-44.046,38.641,-916.992,77.148,-384.766,55.458,0.412,-47.679,40,21.65
176509,-590.820,123.535,-56.641,0.107,-45.328,-10.061,-832.031,27.832,-343.262,43.817,-11.191,-43.099,3695,21.65
176540,-660.645,284.668,-1.465,-13.435,-42.084,-53.740,-797.852,-49.805,-256.348,30.504,-19.664,-43.611,3700,21.65
176572,-707.031,201.172,-112.305,-9.809,-44.076,-100.237,-785.156,-120.117,-187.988,31.947,-25.656,-35.626,3702,21.65
176603,-790.527,333.984,-200.684,-6.031,-42.962,-135.053,-825.684,-168.945,-163.574,28.534,-24.183,-23.595,3694,21.65
176634,-890.625,477.051,-181.641,-7.336,-34.931,-164.863,-888.672,-161.133,-171.387,17.344,-24.389,-18.344,3701,21.65
176665,-1021.973,591.309,-153.320,-12.664,-34.588,-184.878,-954.590,-139.648,-207.520,4.374,-25.298,-18.359,3699,21.65
176696,-1164.063,689.453,-161.133,-20.840,-26.176,-196.214,-1003.418,-93.262,-257.324,-9.137,-28.565,-23.359,3701,21.65
176727,-1062.500,659.668,-133.789,-37.580,-13.824,-200.107,-925.293,-168.457,-285.645,-29.901,-34.634,-21.664,3687,21.65
176758,-1122.559,594.238,-199.219,-42.794,-15.275,-198.107,-859.375,-299.805,-275.879,-37.588,-29.466,-34.985,1787,21.65
176790,-1012.695,605.469,-266.602,-37.969,-18.458,-178.969,-763.672,-456.543,-212.891,-35.725,-21.519,-35.878,885,21.65
176822,-836.426,679.687,-243.164,-34.298,-13.832,-147.244,-821.289,-471.191,-185.547,-33.023,-14.435,-43.282,443,21.65
176854,-842.285,607.422,-202.148,-40.618,-2.153,-115.183,-895.996,-512.695,-198.242,-32.466,-13.954,-34.771,227,21.65
176886,-796.387,590.332,-169.922,-36.504,0.931,-78.435,-920.410,-533.691,-262.695,-33.802,-12.069,-26.137,135,21.65
176917,-725.098,649.414,-125.488,-33.069,0.260,-39.214,-924.316,-524.414,-252.930,-27.115,-12.038,-18.382,85,21.65
176949,-722.656,671.387,-78.125,-28.504,-0.695,-3.542,-929.687,-415.039,-217.285,-27.763,-16.069,-2.511,61,21.65
176981,-602.539,841.797,-19.043,-30.359,-0.893,29.038,-906.738,-277.832,-191.406,-35.794,-21.985,18.794,46,21.65
177013,-581.543,915.039,17.578,-49.397,3.649,57.870,-898.437,-227.539,-158.203,-54.489,-27.229,44.840,43,21.65
177045,-1670.898,-948.242,-1250.977,-80.603,26.214,10.542,-1118.652,-273.437,-280.762,-74.977,-20.641,51.817,41,21.65
177077,-764.648,1999.939,429.199,-92.725,25.626,85.458,-1631.348,-530.762,-899.414,-122.672,-6.771,-2.725,41,21.65
177108,-1094.238,12.695,97.168,-75.557,8.710,110.328,-837.402,-523.437,330.566,-43.290,-43.107,32.550,41,21.65
177140,-804.199,154.297,-43.457,10.313,-22.168,69.336,-708.008,119.629,-46.387,24.626,-24.504,67.069,40,21.68
177171,-998.047,387.207,-252.930,15.557,-21.496,50.565,-1000.977,148.926,-162.109,5.282,-18.595,63.542,43,21.68
177202,-1012.207,432.617,120.605,-20.420,-10.519,50.672,-959.473,-243.652,121.582,-13.206,-7.664,56.557,40,21.68
177233,-969.727,269.043,50.781,14.137,-12.985,51.145,-219.238,-857.422,184.570,-2.328,23.221,103.229,3693,21.68
177265,-890.625,333.984,36.133,36.405,-17.336,53.840,-979.004,-154.785,-57.617,61.908,250.130,9.015,3694,21.68
177296,-888.184,377.930,34.668,37.504,-17.359,54.389,-803.223,177.246,-69.824,77.725,-11.389,86.847,3701,21.68
177327,-1139.648,453.125,-130.859,21.458,-17.740,60.656,-739.746,147.461,38.574,13.916,20.504,59.229,3643,21.68
177359,-884.766,413.574,-34.180,14.725,-1.130,54.740,-1929.688,-519.531,-398.437,-4.107,25.084,81.481,3699,21.68
177391,-895.508,480.957,-5.859,10.779,0.779,62.137,-897.461,-70.313,-119.141,3.427,5.305,52.679,3673,21.68
177423,-848.633,490.723,-2.441,13.008,1.305,71.053,-924.805,-70.801,-101.074,9.664,5.069,49.084,3697,21.68
177454,-867.676,542.969,-29.297,24.046,-1.336,77.153,-953.125,-135.742,-145.020,26.710,2.985,47.748,3695,21.68
177485,-828.613,573.242,-44.434,33.298,-1.214,78.267,-941.895,-33.691,-86.426,42.137,7.977,57.962,3695,21.68
177516,-811.035,659.668,-63.965,39.618,-1.855,88.626,-952.148,47.852,-66.895,40.931,20.718,49.496,3692,21.68
177547,-812.988,667.480,-2.930,34.053,7.740,94.153,-1013.672,74.219,-58.594,14.382,17.084,53.802,1965,21.68
177578,-1024.902,658.203,-100.586,25.702,16.939,110.099,-989.746,-131.836,-77.148,7.519,20.885,25.038,997,21.68
177609,-1293.945,725.586,-104.980,26.305,27.885,141.267,-1262.207,-275.391,-174.316,17.786,18.557,-15.450,507,21.68
177640,-1962.891,635.254,-194.824,16.466,34.786,182.527,-1293.457,-492.676,-299.316,21.687,14.870,-86.466,270,21.68
177672,-2000.000,527.832,-45.410,47.160,16.366,216.031,-1097.656,-330.078,-444.824,64.809,29.031,-165.130,151,21.68
177703,-330.566,1067.383,537.109,32.008,4.282,189.458,-1266.602,64.453,-330.566,57.435,13.321,-136.244,93,21.68
177734,-304.687,1176.270,259.277,-12.962,4.580,113.634,-1592.773,435.547,-371.582,27.435,-7.511,-90.122,71,21.68
177765,-517.090,118.164,17.090,-26.275,5.672,36.137,-1048.340,493.164,-243.652,3.061,-14.878,-87.183,727,21.68
177796,-330.078,-5.859,125.000,-28.580,-0.954,-41.115,-952.637,233.398,-351.074,-4.809,-24.954,-80.802,3701,21.68
177828,-521.973,270.020,87.402,-46.527,-5.420,-99.573,-677.246,-150.879,-484.863,3.076,-30.061,-87.779,3703,21.68
177860,-269.531,164.062,-73.730,-35.573,-18.641,-149.756,-613.281,-431.152,-182.129,22.672,-37.305,-71.321,3704,21.68
177891,-740.234,350.586,-217.285,-25.908,-32.641,-187.534,-570.312,-270.996,-221.680,27.931,-34.374,-51.015,3135,21.68
177922,-858.887,395.020,-362.305,-13.519,-42.634,-222.595,-659.180,-213.379,-118.652,29.672,-22.412,-35.756,3704,21.68
177953,-1049.805,573.242,-439.941,11.985,-49.939,-249.824,-740.234,-184.570,-114.746,35.435,-3.840,-24.336,3699,21.68
177984,-1190.430,681.641,-420.898,29.634,-48.511,-250.137,-782.227,-195.312,-170.410,30.275,9.229,-14.260,3698,21.68
178016,-1215.820,792.969,-460.937,33.550,-42.282,-250.137,-897.461,-253.418,-167.480,16.924,12.092,-1.466,3695,21.68
178047,-1154.297,1033.691,-324.219,17.664,-20.985,-250.137,-827.637,-270.020,-125.000,-9.634,12.443,-3.031,1838,21.68
178079,-1158.203,863.281,-246.582,3.901,-10.153,-242.115,-832.520,-474.121,-259.277,-10.664,13.344,-5.267,906,21.68
178110,-831.543,1049.805,-263.184,10.176,-10.519,-178.496,-902.832,-640.625,-284.668,1.191,5.366,-16.153,466,21.68
178141,-618.652,1086.426,-71.289,10.573,-7.511,-99.366,-985.840,-770.020,-348.633,6.687,2.840,-21.832,247,21.68
178172,-475.586,1237.793,49.805,4.000,-2.702,-8.580,-996.094,-715.820,-336.426,-1.458,-11.710,-5.481,141,21.67
178203,-541.016,1206.543,150.391,-11.725,-3.061,60.145,-1012.695,-361.328,-252.930,-10.985,-22.588,22.443,89,21.67
178234,-1821.777,-451.660,-444.824,-56.527,14.573,85.038,-1365.234,-149.902,-435.059,-35.924,-28.046,27.573,61,21.67
178265,-531.250,1758.789,274.414,-72.214,54.061,172.382,-1542.480,-289.551,-406.738,-58.519,-32.351,-8.916,51,21.67
178296,-999.512,-19.043,-61.523,-33.939,-1.733,119.565,-703.125,-165.039,331.543,-13.664,-32.931,65.191,44,21.67
178328,-886.230,378.418,-57.617,22.267,-21.321,58.511,-724.609,730.957,-177.246,10.412,-5.641,85.366,46,21.67
178359,-885.742,521.973,-54.199,-5.145,-15.168,41.947,-976.074,160.156,-77.637,-30.649,-10.275,80.038,41,21.67
178390,-969.727,264.160,130.371,-29.366,-5.374,41.733,-960.449,-434.570,59.570,-41.298,-11.382,68.092,3691,21.67
178421,-997.070,202.637,-12.207,9.504,-12.771,46.916,-492.187,259.277,564.453,-74.573,-35.824,162.092,3701,21.67
178452,-874.023,89.355,-109.863,44.344,-24.450,45.359,-1104.492,-274.414,-84.473,52.954,2.809,102.053,3699,21.67
178483,-932.129,398.926,39.551,59.260,-30.458,49.237,-865.234,122.559,40.527,35.229,-23.763,110.176,3652,21.67
178514,-782.227,431.641,89.355,55.359,-26.679,53.481,-710.937,283.203,5.859,27.206,44.466,52.221,1871,21.67
178545,-791.992,479.004,95.703,33.427,-11.702,56.702,-918.945,4.395,-69.336,19.000,53.977,35.824,3701,21.67
178576,-846.191,311.523,102.539,18.321,-1.725,68.634,-974.121,-106.934,-59.082,16.802,20.031,57.573,3701,21.67
178607,-898.437,497.559,13.184,22.855,-1.870,68.710,-823.242,-72.754,29.785,21.771,6.145,69.000,3693,21.67
178638,-828.613,491.699,80.078,29.084,4.420,87.511,-957.031,109.863,-159.180,29.634,-17.687,42.130,3695,21.67
178669,-1094.238,701.660,-166.016,31.107,-3.168,91.115,-871.582,68.359,63.965,27.351,19.214,30.931,3699,21.67
178700,-773.926,662.598,-43.457,38.557,-3.740,96.885,-945.312,110.840,-128.906,32.389,20.947,39.977,3004,21.67
178731,-725.098,752.930,-104.492,38.779,0.046,96.366,-1048.828,110.840,-117.188,25.466,10.641,37.702,1519,21.67
178763,-868.164,785.156,-65.918,27.878,11.733,96.847,-1044.922,123.047,18.066,20.733,11.656,32.557,751,21.67
178794,-870.117,739.258,-157.715,28.031,13.786,100.573,-780.273,122.559,-224.609,53.176,72.458,36.336,390,21.67
178825,-1115.723,769.531,-168.945,39.595,17.221,107.618,-1408.203,15.625,-550.293,52.878,91.115,10.763,211,21.67
178857,-1490.234,859.863,-26.367,30.832,27.985,127.412,-1222.656,-243.652,-73.730,25.198,25.260,-28.641,120,21.67
178889,-1840.332,437.988,-191.406,26.420,33.282,155.000,-1088.867,-272.949,-308.105,40.939,30.573,-107.847,78,21.67
178921,-693.848,1355.469,400.879,25.710,30.176,172.275,-1037.598,152.344,-253.906,28.550,13.695,-139.550,55,21.67
178952,-892.090,203.613,-76.172,-2.840,24.267,140.412,-1089.844,329.102,-145.996,-51.489,104.443,-85.382,47,21.67
178983,-645.508,401.367,-85.938,-22.718,26.542,81.359,-1249.023,295.898,-356.445,-18.260,-77.641,-175.069,3699,21.67
179015,-792.969,-21.973,184.570,-31.122,11.557,-14.405,-882.324,192.871,-270.996,-18.214,-41.061,-133.832,3716,21.67
179046,-645.996,-158.691,-125.977,-31.756,12.458,-91.382,-989.258,211.426,-329.102,-4.992,-37.023,-105.527,3703,21.67
179078,-720.215,135.742,57.129,-32.176,5.450,-155.771,-1002.930,-117.676,-233.887,-1.519,-37.969,-95.290,3692,21.67
179110,-463.867,-400.391,382.324,-26.534,-2.603,-207.687,-1416.504,-157.715,218.750,2.496,-36.443,-83.260,3699,21.67
179142,-1023.926,357.422,-96.191,-21.679,-16.710,-250.137,-587.402,-141.113,-98.145,-1.618,-29.321,-62.679,3696,21.67
179174,-1072.266,762.207,-175.293,-9.664,-21.229,-250.137,-698.730,-210.449,-131.348,5.809,-16.992,-48.328,3699,21.67
179205,-1353.516,835.449,-263.184,8.275,-35.695,-250.137,-809.082,-268.555,-185.059,15.321,-7.328,-33.519,3694,21.67
179236,-1387.207,958.008,-185.547,16.198,-38.145,-250.137,-842.773,-336.914,-129.883,7.565,-0.298,-10.183,2680,21.69
179267,-1436.523,1141.602,-95.703,14.710,-36.351,-250.137,-874.512,-391.602,-172.363,-4.740,6.595,-9.947,1401,21.69
179299,-952.148,1366.211,-453.613,7.618,-34.855,-250.137,-983.398,-588.379,-229.492,-1.443,-7.817,-6.351,3700,21.69
179331,-546.875,1395.996,-101.563,8.878,-24.183,-162.817,-967.285,-687.988,-260.742,13.527,-13.595,-27.802,3704,21.69
179363,-258.301,1437.012,-123.535,-1.321,-9.237,-24.924,-994.629,-676.270,-287.109,-4.863,-17.313,-29.840,3693,21.69
179395,-507.812,1445.801,19.531,-41.603,7.939,77.000,-957.031,-415.527,-167.480,-44.244,-25.023,13.626,2799,21.69
179427,-1948.730,-532.715,-210.449,-104.939,30.420,79.954,-1239.258,5.371,-244.629,-82.832,-27.641,55.802,1416,21.69
179459,-1682.617,1999.939,871.094,-92.580,22.336,152.870,-1908.203,-224.609,-619.141,-99.023,-17.282,-10.878,2477,21.69
179491,-1032.715,170.410,-224.121,-82.511,9.763,146.435,-580.566,-152.832,509.766,-56.076,-50.466,37.313,3694,21.69
179522,-658.203,212.891,34.668,8.771,-17.061,74.321,-833.984,166.992,-41.992,-12.260,-27.969,77.588,3693,21.69
179553,-1143.555,339.355,-179.687,15.313,-20.290,61.740,-348.145,-2000.000,-1421.387,81.412,-75.534,50.359,3695,21.69
179584,-1001.465,459.473,114.746,2.733,-14.267,57.588,-493.652,1218.262,437.500,-151.130,243.084,192.718,3691,21.69
179615,-971.680,272.461,-44.434,23.519,-19.198,46.695,-700.684,-109.863,346.680,-0.160,-147.786,250.130,2249,21.69
179646,-901.855,322.266,35.156,38.321,-22.115,39.183,-1083.496,362.305,28.809,-191.641,56.603,198.053,1149,21.69
179677,-893.066,431.152,125.977,31.855,-16.351,43.847,-995.117,261.719,-104.492,132.168,19.069,105.313,588,21.69
179708,-876.953,369.629,94.238,18.031,-7.015,48.000,-817.383,-284.668,271.484,-43.198,-9.145,63.443,3687,21.69
179739,-895.508,374.512,73.242,17.832,-3.412,57.702,198.242,682.617,-102.051,7.168,-16.710,48.473,3698,21.69
179770,-463.867,509.766,192.383,17.794,-1.084,74.260,-994.141,27.344,-85.938,-6.053,-11.244,33.214,3685,21.69
179801,-780.273,523.437,61.523,23.939,1.748,76.969,-807.129,102.539,-27.832,43.649,-2.511,54.107,3702,21.69
179832,-800.293,570.312,1.465,22.809,-0.267,77.168,-887.695,123.535,14.160,13.160,13.664,49.550,3699,21.69
179863,-809.082,628.906,30.273,23.710,4.588,72.420,-941.895,46.387,-96.680,-0.031,22.641,52.534,3695,21.69
179894,-826.660,674.805,51.758,19.473,9.412,79.137,-1043.945,68.359,-118.164,53.382,-7.672,-23.992,3699,21.69
179925,-877.930,699.707,-16.113,23.718,12.634,90.115,-1022.949,143.066,4.395,14.206,-6.855,42.420,3695,21.69
179956,-880.371,661.621,-97.656,24.947,14.214,94.969,-1003.906,98.145,-62.988,97.786,85.351,2.244,2247,21.69
179987,-933.594,765.625,-71.289,29.328,14.641,105.389,-1290.527,6.836,-122.559,99.870,9.832,-108.901,1151,21.69
180018,-1236.328,815.918,-151.367,22.046,26.336,129.809,-1445.313,27.344,-96.191,31.061,15.435,-29.939,595,21.69
180049,-1722.656,489.258,-250.488,26.702,29.718,150.840,-1007.812,-485.352,-186.523,29.290,31.473,-68.458,312,21.69
180080,-1623.047,470.703,-290.527,34.664,23.634,179.366,-1027.344,-155.273,-357.910,50.427,28.305,-134.908,172,21.69
180111,-565.918,1266.113,332.031,30.061,28.344,177.947,-1275.391,-62.988,-366.699,33.641,13.908,-138.817,103,21.69
180143,-516.113,995.117,-3.906,0.901,13.221,115.718,-1533.691,396.484,-500.488,31.679,-4.328,-108.008,73,21.69
180175,-778.320,616.699,114.258,-17.198,15.519,64.687,-1290.039,298.828,-276.367,-8.176,-11.496,-124.924,59,21.69
180206,-536.133,131.348,135.254,-18.985,-0.595,-7.992,-1039.063,93.262,-544.434,8.649,-3.992,-133.641,53,21.69
180237,-427.734,236.816,-4.883,-18.824,-13.382,-67.076,-786.621,-101.074,-339.844,31.679,-17.107,-124.977,47,21.69
180269,-456.055,399.414,-78.613,-19.634,-32.214,-118.282,-544.922,-157.715,-282.715,29.924,-17.153,-101.267,3701,21.67
180300,-528.809,163.574,-207.031,-7.802,-46.473,-155.443,-573.730,-204.590,-175.293,38.344,-9.344,-86.153,3701,21.67
180332,-634.766,241.211,-415.527,4.443,-54.626,-203.244,-591.797,-224.609,-115.234,45.405,1.038,-65.092,3699,21.67
180363,-728.027,319.336,-469.238,17.695,-51.824,-242.847,-617.187,-220.215,-79.590,42.397,9.168,-35.649,2907,21.67
180394,-841.309,486.816,-437.500,29.183,-42.847,-250.137,-653.320,-110.840,-72.754,28.168,14.496,-5.718,1547,21.67
180425,-1042.969,854.492,-354.980,31.611,-26.496,-250.137,-672.852,-73.730,-71.289,8.420,19.962,22.557,775,21.67
180457,-1259.277,1102.539,-250.977,28.420,-17.916,-250.137,-749.512,-190.918,-135.742,-4.985,20.237,48.924,395,21.67
180488,-1408.691,1193.848,-71.289,21.160,-10.267,-250.137,-783.203,-355.469,-334.961,-20.252,26.924,51.214,213,21.67
180519,-1188.965,1534.180,33.691,7.008,-20.389,-250.137,-1303.711,-436.035,-489.746,-33.893,23.870,42.710,3437,21.67
180550,-373.047,1828.613,260.254,-18.550,-15.435,-135.893,-1243.164,-1044.434,-376.465,-25.458,-16.153,11.122,3702,21.67
180581,-153.809,1738.281,176.270,-4.916,-6.290,67.366,-1077.148,-1039.063,-315.918,10.031,-32.160,-23.527,3695,21.67
180613,-1023.437,954.102,127.930,-42.550,-2.649,125.496,-1090.820,-284.668,-231.934,-21.221,-47.954,40.672,3703,21.67
180645,-520.996,1106.445,-2000.000,-73.427,24.710,35.473,-1308.594,460.449,-312.988,-90.008,-12.878,46.519,2237,21.67
180677,-1341.309,1999.939,-145.996,-129.832,35.099,167.809,-1653.809,-818.848,-742.676,-128.809,-6.603,-28.305,1125,21.67
180708,-1233.398,-162.109,26.855,-50.046,-3.359,134.626,-809.570,-475.098,258.301,-13.206,-53.122,52.550,582,21.67
180739,-717.773,-250.000,-140.625,4.718,-21.359,85.786,-892.578,149.902,-173.828,6.771,-39.763,85.313,301,21.67
180770,-880.859,610.840,-156.250,20.092,-25.176,65.710,-713.379,148.926,-272.949,-28.168,-67.947,94.985,183,21.67
180801,-981.934,413.086,131.348,-15.748,-9.832,66.191,-933.105,57.617,-429.687,-92.321,-31.305,45.573,1881,21.67
180832,-1061.523,293.457,-31.738,1.947,-7.931,63.458,-669.922,-60.059,-1.953,250.130,-117.122,250.130,3694,21.67
180864,-992.676,386.719,-46.387,27.008,-17.840,69.023,-1049.316,64.941,-158.203,177.168,81.450,-81.000,3708,21.67
180895,-870.605,482.910,19.043,28.115,-17.305,67.695,-911.133,7.812,2.930,1.901,5.443,60.740,3699,21.67
180926,-786.621,511.719,26.855,21.847,-13.840,62.489,-821.289,-103.516,-10.742,118.954,-5.198,51.992,3703,21.67
180957,-751.953,481.934,19.531,12.504,-8.359,63.427,-846.191,-5.859,-118.652,-67.053,81.092,28.336,3698,21.67
180988,-855.469,548.340,56.152,8.786,-3.908,64.115,-984.375,47.363,-89.844,-11.084,-0.206,68.802,3695,21.67
181019,-651.855,935.059,358.887,3.214,7.069,68.718,-1104.980,66.406,-7.324,2.748,-26.145,38.412,3696,21.67
181050,-881.836,644.043,-33.203,14.916,-0.046,69.473,-1066.895,-12.695,-167.969,12.023,-14.046,46.313,3695,21.67
181081,-815.918,659.668,-54.199,25.954,-2.397,73.702,-935.059,86.914,-41.016,28.802,9.809,57.947,3695,21.67
181112,-782.715,694.336,-5.859,21.641,2.351,78.366,-966.309,67.871,-61.523,18.267,19.427,49.046,1991,21.67
181143,-828.613,714.844,-70.801,11.947,15.603,87.260,-1012.695,229.492,34.180,11.481,1.183,44.275,1005,21.67
181174,-977.539,685.059,-71.289,7.557,23.305,97.595,-1031.738,-85.938,-59.570,92.237,33.130,-16.244,518,21.67
181206,-1288.574,763.672,-78.613,18.420,17.565,120.985,-1180.176,-320.312,-191.406,0.649,15.527,10.901,269,21.67
181237,-1665.527,575.684,-102.539,25.718,13.168,154.473,-1074.219,-39.551,-262.695,109.977,22.122,-161.725,149,21.67
181268,-1752.441,466.309,-323.242,50.557,-3.221,188.969,-909.180,21.973,165.039,75.504,109.924,-131.107,95,21.67
181299,-687.500,1535.645,296.875,68.237,-7.168,195.802,-523.437,17.578,-117.188,75.618,55.351,-167.412,69,21.67
181330,-126.465,1028.320,-374.512,12.260,-5.771,142.466,-1559.570,381.836,-452.637,33.947,2.122,-100.191,1047,21.67
181362,-694.824,284.180,70.801,-12.878,-8.534,51.427,-1482.910,444.824,-416.992,-144.038,-130.344,132.458,2709,21.67
181394,-694.336,-303.711,190.430,-11.107,-35.603,-55.763,-800.293,104.492,-304.199,37.496,-0.145,-89.618,3695,21.67
181426,-713.867,-219.238,-238.281,-6.687,-53.382,-144.298,-875.000,161.621,-378.906,55.237,-3.244,-93.420,3699,21.67
181458,-817.871,190.430,-82.031,-0.412,-80.183,-223.206,-767.090,-200.195,-348.145,70.969,-10.481,-67.893,3699,21.67
181490,-916.016,389.160,-252.930,7.107,-94.725,-250.137,-666.504,-119.629,-242.187,74.817,-17.084,-33.824,3692,21.67
181522,-1106.445,638.184,-383.301,25.611,-104.214,-250.137,-668.457,-23.926,-50.293,83.305,-11.397,-5.832,3699,21.67
181553,-1307.129,973.633,-540.527,53.107,-100.786,-250.137,-779.785,-132.812,-98.633,92.550,-13.198,1.168,3699,21.67
181584,-1245.605,1206.055,-668.457,62.557,-83.771,-250.137,-900.391,-43.945,-3.906,82.450,-18.031,25.733,3672,21.67
181615,-1185.547,1510.254,-218.750,60.015,-64.504,-250.137,-899.414,-82.031,-104.980,54.802,-5.321,3.405,2297,21.67
181647,-400.391,1922.852,-736.816,10.595,-24.420,-195.588,-770.508,-315.918,-106.445,15.634,-5.641,-2.275,1159,21.67
181679,138.184,1956.055,-402.832,-37.847,15.969,-47.275,-869.141,-607.910,-341.309,-60.779,6.122,-10.351,579,21.67
181711,-1813.965,-473.145,150.879,-139.924,59.542,55.733,-1407.715,-419.434,-416.504,-110.260,-8.794,13.031,295,21.67
181742,-2000.000,411.621,-29.785,-126.595,62.198,140.962,-281.250,163.086,-784.668,-61.252,-22.511,-27.130,165,21.67
181773,-2000.000,417.969,269.531,3.145,-4.534,89.794,-768.066,-587.402,145.996,22.908,-21.496,20.809,101,21.67
181804,-891.113,375.000,-108.398,35.519,-22.420,28.489,-992.676,458.008,-250.000,29.122,2.557,44.198,71,21.67
181835,-844.238,395.996,167.480,-10.481,-8.450,9.122,-1014.648,62.500,-31.250,-20.122,-7.115,28.641,51,21.67
181866,-976.074,192.383,68.848,-19.557,-2.725,7.198,-983.887,-337.402,120.117,-13.023,-5.031,26.817,25,21.67
181897,-1001.465,98.145,2.441,12.802,-12.153,7.626,-918.945,-473.145,-1.953,24.115,0.511,29.206,47,21.67
181928,-948.730,196.777,49.316,34.595,-17.244,14.275,-922.363,-292.969,-87.891,35.565,1.870,26.153,39,21.67
181959,-832.031,97.656,44.922,15.221,-8.389,14.382,-1080.566,-23.926,-23.437,13.702,-2.893,10.099,40,21.67
181991,-915.039,354.004,102.051,-14.015,9.504,22.183,-693.848,-198.242,67.871,-16.870,-6.817,3.504,40,21.67
182022,-877.930,381.348,73.242,-37.221,21.878,8.710,-969.238,0.000,-97.656,-41.351,-3.962,-3.763,58,21.67
182053,-1049.316,298.828,-15.137,-38.992,25.702,9.298,-999.512,-250.000,-17.090,-36.038,-4.908,-10.802,37,21.67
182085,-994.629,180.664,-68.848,-5.557,6.107,5.695,-915.527,-322.266,-181.641,-3.405,7.015,-5.718,3693,21.67
182117,-1040.039,597.656,66.895,19.672,-11.206,-15.870,-988.770,-267.578,-152.832,13.817,3.450,3.618,3670,21.67
182148,-923.340,304.199,48.340,6.985,-3.580,-1.626,-961.426,-209.961,11.719,5.511,1.794,7.031,3699,21.67
182179,-897.461,297.363,92.285,-4.084,4.718,-1.603,-907.715,-86.914,26.367,-0.824,5.008,4.214,3678,21.67
182211,-940.918,291.016,45.898,-1.420,6.817,-1.229,-964.844,-194.824,-48.340,-6.985,4.023,1.435,3701,21.67
182242,-958.008,371.094,22.461,-6.229,11.031,-0.489,-982.910,-229.980,-66.895,-14.481,6.008,-1.053,3695,21.67
182273,-958.984,292.969,16.113,-13.420,15.282,-2.718,-964.355,-327.148,-133.789,-20.252,4.885,-3.832,3699,21.67
182304,-1229.492,467.285,34.180,-8.107,7.076,-6.229,-1164.551,-154.785,-134.766,-10.053,1.244,3.664,3007,21.67
182335,-883.301,286.133,57.129,-6.878,10.557,-3.313,-916.016,-175.781,-41.992,-16.824,6.008,0.939,1557,21.67
182366,-937.988,274.902,44.922,-16.840,14.885,-1.321,-944.824,-318.848,-80.078,-24.924,3.336,3.275,779,21.66
182397,-1045.410,295.410,-13.184,-7.588,11.519,1.664,-915.527,-316.895,-102.051,-14.969,4.450,5.740,406,21.66
182429,-875.977,242.187,179.687,-0.527,3.573,-1.298,-1030.273,-270.508,-186.523,-5.321,5.076,4.366,215,21.66
182460,-932.129,370.605,46.387,-9.664,3.573,7.588,-981.934,-194.824,-161.133,-7.580,5.137,-2.473,116,21.66
182491,-895.996,183.105,25.879,-3.130,13.817,7.908,-938.965,-221.191,-134.277,-12.626,4.916,-4.389,86,21.66
182523,-953.613,314.453,-21.484,-5.954,11.374,5.130,-962.891,-237.305,-120.117,-14.527,4.084,-1.977,61,21.66
182554,-1094.727,400.879,-56.152,-12.168,12.489,0.969,-845.215,-155.762,-129.395,-14.947,46.527,250.130,47,21.66
182585,-957.520,245.117,-118.164,-10.473,10.313,1.962,-996.582,-130.371,45.410,-38.924,49.985,52.069,43,21.66
182616,-823.242,180.176,24.902,7.634,6.687,2.489,-2000.000,-1001.953,-553.223,-28.893,144.580,-250.137,40,21.66
182647,-1103.027,530.273,-57.129,-0.069,5.443,0.366,-1257.813,-87.402,-31.738,0.145,-12.176,17.031,38,21.66
182678,-931.152,349.609,-34.668,-8.076,10.641,8.237,-877.441,-188.965,-68.848,-11.229,7.130,-0.076,40,21.66
182709,-938.477,324.219,-46.387,-9.008,12.260,3.550,-972.656,-190.918,-160.645,-15.420,6.832,3.679,39,21.66
182740,-965.332,358.887,-153.320,-2.809,7.702,1.908,-987.793,-260.254,-140.625,-6.397,5.786,1.840,41,21.66
182772,-951.660,310.059,-44.922,1.832,5.725,1.878,1999.939,1999.939,1999.939,250.130,-250.137,250.130,40,21.66
182803,-920.898,285.156,-107.910,-2.695,5.718,1.817,-1001.953,-345.215,-83.496,-17.321,-16.931,25.924,35,21.66
182834,-946.289,291.504,-57.129,8.366,5.015,0.038,-1017.578,-374.023,28.320,-6.176,13.908,-11.366,41,21.66
182865,-963.379,354.004,9.277,9.855,3.603,-0.389,-597.656,-1308.105,261.230,137.237,100.840,24.725,39,21.66
182896,-939.453,361.328,-68.359,-1.496,9.374,-2.183,-1005.371,-148.437,-136.230,-1.382,0.359,4.427,40,21.66
182928,-940.430,332.520,-58.594,-6.992,10.221,1.443,-973.145,-215.332,-146.973,-7.733,5.618,3.695,36,21.66
182960,-933.594,306.641,-68.848,3.015,0.679,3.412,-958.984,-264.648,-153.809,-0.038,4.321,2.542,41,21.66
182992,-948.242,299.805,-61.523,11.099,-0.145,2.206,-968.262,-237.793,-176.270,12.122,3.511,5.481,39,21.66
183024,-960.937,319.336,-121.582,4.176,2.901,-0.687,-965.332,-305.176,-73.242,30.885,33.672,-250.137,39,21.66
183055,-974.121,266.602,-90.332,16.779,-5.519,-2.794,-672.852,-1069.336,160.645,119.397,32.046,16.504,39,21.66
183086,-961.914,343.262,-17.578,27.191,-6.725,1.198,-1392.090,-2000.000,-992.187,-250.137,-60.481,250.130,39,21.66
183117,-923.340,362.793,-56.641,20.351,-2.252,-0.420,-972.656,-166.016,-114.258,18.321,9.519,13.595,3699,21.66
183148,-948.730,339.355,-87.402,7.328,4.885,-3.725,-955.566,-218.262,-134.766,7.412,10.000,6.802,2669,21.66
183179,-970.215,309.570,-71.289,10.382,4.718,-4.649,-984.375,-291.016,-146.973,10.000,7.023,11.908,1370,21.66
183211,-952.148,291.992,-77.148,19.534,-2.069,-5.695,-962.891,-269.531,-129.395,20.565,8.328,17.122,677,21.66
183243,-949.707,290.039,-87.402,30.947,-8.473,0.267,-963.379,-214.844,-167.969,31.427,11.725,17.519,344,21.66
183274,-948.242,310.547,-83.984,36.985,-10.573,1.275,-966.309,-213.867,-193.359,38.183,7.802,17.053,187,21.66
183306,-937.988,326.660,-66.895,40.908,-11.840,2.160,-944.824,-193.848,-156.738,40.977,7.870,18.397,109,21.66
183337,-918.457,320.312,-78.613,40.496,-9.977,1.534,-979.980,-175.781,-147.461,42.687,10.351,24.382,73,21.66
183368,-935.547,312.012,-77.637,39.275,-6.366,-0.191,-945.801,-153.809,-175.781,42.351,11.794,18.115,56,21.66
183399,-925.293,311.035,-75.684,36.870,-7.466,2.924,-971.191,-160.645,-210.937,40.786,11.191,12.565,46,21.66
183430,-931.641,329.102,-82.031,36.290,-7.435,7.244,-968.262,-96.191,-192.871,38.992,9.328,19.053,42,21.66
183461,-919.922,344.727,-80.078,34.160,-5.672,9.664,-966.309,-62.988,-213.867,31.710,7.740,8.710,41,21.66
183492,-916.504,364.746,-91.797,22.176,-2.649,11.649,-968.750,-16.113,-250.488,18.740,7.321,5.794,39,21.66
183524,-924.805,384.766,-109.863,12.840,2.504,7.931,-983.887,-48.828,-247.070,6.863,6.939,1.740,39,21.66
183555,-939.941,357.422,-87.891,4.763,3.649,5.840,-962.402,-119.141,-230.469,3.565,4.069,5.229,39,21.66
183587,-953.125,318.848,-120.117,3.168,3.870,0.580,-969.238,-173.828,-227.539,7.786,5.496,5.290,41,21.66
183618,-938.965,319.336,-118.164,13.481,-1.519,6.000,-972.168,-148.437,-222.168,15.137,5.412,5.794,39,21.66
183650,-913.086,339.844,-109.375,11.496,-1.008,-0.130,-974.121,-92.773,-181.152,14.534,2.649,2.282,40,21.66
183681,-916.016,361.328,-91.309,10.374,-0.756,4.069,-975.098,-66.895,-210.937,6.412,2.168,0.466,39,21.66
183712,-922.363,361.328,-101.074,4.076,-1.565,3.519,-973.145,-92.773,-216.797,3.099,3.023,3.015,39,21.66
183744,-947.754,350.098,-110.840,3.191,1.840,2.061,-979.980,-104.492,-194.336,2.145,1.534,3.382,28,21.66
183775,-926.758,344.727,-114.746,1.832,2.252,2.168,-983.887,-123.535,-217.773,-0.092,1.000,-0.603,43,21.66
183806,-922.363,347.168,-114.258,0.321,-1.000,2.237,-980.469,-104.004,-212.891,-0.542,0.519,1.962,39,21.66
183837,-919.922,344.238,-104.004,-3.008,2.313,-1.450,-970.215,-97.656,-194.336,-2.687,-0.969,-1.603,39,21.66
183868,-930.664,349.609,-110.840,-6.107,4.573,-2.458,-977.051,-95.215,-212.402,-4.855,-0.313,-0.962,37,21.66
183899,-912.598,350.586,-113.770,-7.260,4.733,-2.137,-966.797,-97.168,-225.586,-6.748,-0.656,-3.626,39,21.66
183930,-919.434,364.258,-121.094,-3.916,2.504,-1.076,-971.680,-99.121,-201.660,-8.893,-0.992,-4.634,39,21.66
183961,-925.781,360.840,-117.188,-7.771,4.695,-0.847,-969.238,-97.656,-199.219,-9.962,0.511,-2.107,39,21.66
183993,-928.223,350.098,-113.281,-3.374,4.924,-1.305,-968.262,-85.449,-198.730,-7.565,3.901,-4.924,40,21.66
184025,-929.687,358.398,-115.234,-5.840,8.122,-3.275,-977.051,-114.746,-183.594,-4.519,0.031,-3.695,39,21.66
184057,-934.082,345.215,-124.023,-2.672,4.611,-4.405,-987.793,-92.285,-200.195,-7.664,3.336,-3.809,39,21.66
184089,-924.805,355.469,-120.117,-1.817,2.397,-3.305,-979.492,-93.262,-196.777,-2.473,2.702,-4.023,37,21.66
184120,-918.457,354.492,-106.934,-0.611,5.176,-5.298,-958.984,-104.004,-189.941,-4.847,3.397,-5.351,43,21.66
184151,-915.039,360.352,-127.930,-3.725,6.794,-6.618,-962.891,-90.332,-207.031,-6.740,1.618,-7.328,37,21.66
184182,-920.898,334.961,-137.695,-5.435,6.557,-10.313,-941.406,-57.617,-239.746,-7.511,2.237,-9.756,40,21.66
184214,-912.598,352.539,-130.859,-6.122,6.260,-11.328,-952.637,-42.969,-246.094,-5.466,3.992,-14.496,38,21.66
184245,-931.152,340.820,-154.785,-5.878,6.389,-13.519,-968.262,-30.762,-275.391,-5.115,0.908,-16.252,39,21.66
184276,-935.059,344.727,-148.437,-5.359,7.061,-16.641,-970.215,-80.078,-288.086,-3.611,-1.038,-20.366,37,21.66
184308,-927.246,355.469,-152.832,-9.237,4.511,-19.748,-971.680,-135.742,-298.828,-9.206,-1.389,-18.527,39,21.66
184340,-949.707,335.937,-143.066,-10.947,4.588,-17.939,-959.473,-199.219,-291.504,-15.611,-4.267,-18.794,36,21.66
184372,-940.430,318.848,-143.555,-17.366,3.649,-17.603,-947.754,-291.992,-260.254,-22.336,-4.328,-12.137,39,21.66
184404,-958.496,263.672,-128.906,-24.183,5.939,-17.305,-950.684,-366.211,-238.770,-20.641,-4.840,-6.031,31,21.66
184435,-977.539,211.426,-139.160,-8.115,-1.931,-6.382,-943.848,-393.066,-223.633,-9.153,-3.053,-0.977,3623,21.67
184466,-964.355,206.055,-137.695,7.092,-9.489,-0.405,-928.223,-383.789,-251.953,5.466,-3.695,-0.870,2710,21.67
184497,-757.812,291.016,-244.141,5.947,-9.053,6.908,-978.516,-232.910,-239.258,9.595,-7.901,-6.282,3711,21.67
184528,-926.758,339.355,-111.328,2.496,-4.229,4.519,-951.660,-139.160,-214.844,-2.710,-7.122,-5.916,3699,21.67
184560,-945.312,332.031,-106.934,-7.298,-5.359,4.527,-954.102,-209.473,-175.781,-5.313,-6.939,2.580,3700,21.67
184592,-943.359,289.551,-130.859,-3.015,-5.374,-0.130,-983.887,-208.008,-195.312,-2.076,-4.198,2.000,3367,21.67
184624,-924.805,369.141,-67.871,-10.962,-0.893,-0.863,-978.516,-180.664,-189.941,-13.725,-3.649,-0.641,1717,21.67
184656,-932.129,286.621,-96.680,-20.718,5.000,1.565,-954.590,-193.848,-172.852,-21.702,-6.229,-1.221,839,21.67
184687,-927.734,292.480,-77.637,-20.573,4.115,0.023,-948.730,-259.766,-165.039,-18.183,-5.458,1.649,427,21.67
184718,-961.914,278.809,-121.094,-11.534,3.275,4.931,-958.496,-270.508,-165.527,-10.962,-4.107,3.977,231,21.67
184750,-944.824,295.410,-107.910,-7.267,1.260,7.527,-962.402,-223.145,-190.430,-6.115,-2.695,4.443,127,21.67
184782,-939.941,319.824,-87.402,-6.763,0.985,8.435,-973.633,-182.617,-208.496,-7.977,-1.275,4.634,83,21.67
184813,-929.199,307.617,-101.074,-7.534,3.527,3.153,-953.613,-160.645,-182.129,-5.840,-3.076,4.450,3703,21.67
184844,-935.059,348.633,-90.332,-4.992,2.947,4.794,-972.168,-207.520,-221.680,-4.168,-1.893,4.473,3693,21.67
184875,-931.641,347.656,-94.727,-6.191,2.336,3.611,-954.590,-161.133,-199.707,-6.664,-1.954,6.534,3701,21.67
184907,-916.992,349.609,-93.262,-9.130,3.534,5.053,-966.797,-122.559,-183.594,-5.374,-1.702,4.557,2916,21.67
184938,-936.035,322.754,-89.355,-6.153,4.031,2.282,-967.773,-143.066,-172.852,-4.878,-2.473,6.183,1495,21.67
184970,-931.152,354.492,-114.258,-5.237,2.336,1.641,-987.305,-173.828,-167.969,-5.672,1.977,0.008,734,21.67
185002,-917.969,354.004,-98.633,-4.878,3.092,1.763,-940.430,-107.422,-216.797,-10.779,0.740,1.489,371,21.67
185034,-920.898,331.055,-97.168,-6.122,1.412,3.542,-945.312,-170.410,-219.727,-5.901,1.267,2.718,199,21.67
185066,-925.781,355.469,-115.723,-2.267,1.542,2.031,-959.961,-234.863,-217.285,4.260,-0.344,2.947,115,21.67
185098,-906.250,314.941,-84.961,10.023,-2.046,-1.557,-952.637,-198.242,-141.602,17.321,-1.092,5.855,75,21.67
185129,-907.715,415.039,-110.352,12.046,-3.359,0.847,-994.141,-46.875,-234.863,11.687,0.351,-3.008,56,21.67
185160,-927.734,391.602,-120.605,-0.527,0.206,-0.947,-964.844,-94.238,-267.090,-5.802,-2.847,-1.855,48,21.67
185191,-952.637,381.836,-97.656,1.870,0.427,3.214,-1019.531,-106.445,-220.215,-3.481,-2.802,-5.595,43,21.67
185223,-916.992,392.578,-109.375,-5.939,2.443,-1.962,-966.797,-146.973,-199.219,-7.763,-2.015,-0.389,40,21.67
185255,-926.758,317.383,-110.352,-3.313,0.740,-2.412,-950.684,-67.383,-242.187,-6.160,-2.542,1.366,39,21.67
185287,-914.551,370.605,-107.910,-2.534,-2.748,2.878,-960.449,-290.527,-242.676,4.359,-4.511,2.130,3197,21.67
185318,-921.387,352.051,-95.703,10.115,-8.084,5.366,-979.980,-145.996,-248.047,13.435,-7.084,6.023,3470,21.67
185349,-929.199,368.164,-85.938,2.534,-4.328,3.802,-988.770,-168.457,-236.328,14.435,-7.412,4.389,3434,21.67
185381,-950.684,343.262,-118.164,5.771,-6.756,9.191,-947.754,-163.086,-192.383,19.405,-5.588,9.618,2839,21.67
185412,-885.254,393.555,-75.684,6.771,-8.328,6.046,-947.754,-125.488,-187.012,17.565,-2.679,8.908,2427,21.67
185443,-901.855,400.391,-56.152,-2.313,-4.031,5.733,-913.086,-118.652,-198.730,3.786,-6.855,9.267,2300,21.67
185475,-955.566,411.133,-115.723,-8.847,-1.702,9.198,-1027.344,-146.973,-219.727,-8.107,-6.527,5.443,2237,21.67
185507,-936.523,296.875,-96.680,-0.954,-7.435,12.893,-945.312,-270.020,-149.414,9.977,-5.779,6.046,1113,21.67
185539,-906.738,387.695,-75.684,13.733,-10.504,11.489,-955.566,-225.098,-159.668,21.656,-7.099,9.504,1141,21.67
185571,-928.711,381.836,-104.492,14.664,-13.252,13.870,-958.008,-295.898,-77.637,22.000,-4.260,6.023,725,21.67
185603,-889.160,426.270,-67.871,16.153,-16.557,14.916,-968.750,-15.137,-154.297,17.305,-4.908,2.389,367,21.67
185635,-881.836,420.898,-83.496,13.458,-12.779,15.084,-972.168,-80.078,-94.727,17.656,-4.740,0.000,200,21.67
185667,-890.625,435.059,-61.523,10.954,-7.176,12.847,-977.539,-176.270,-59.082,12.649,-1.397,1.832,114,21.67
185699,-910.645,440.430,-52.246,10.420,-2.771,12.382,-956.055,-152.832,18.066,15.679,1.618,0.214,73,21.67
185730,-892.578,434.570,-32.715,19.305,-1.458,17.122,-974.121,-145.996,-32.715,21.916,7.611,2.214,56,21.67
185762,-884.766,467.773,-85.938,19.031,3.221,11.634,-1017.090,-333.496,-12.695,21.695,8.557,4.901,51,21.67
185794,-884.277,395.508,-89.844,29.878,-2.626,11.443,-955.078,-138.184,-174.805,29.931,12.840,6.298,41,21.67
185825,-916.992,445.801,-100.098,33.313,-9.053,11.710,-981.934,-263.184,-194.336,36.450,13.351,13.107,39,21.67
185857,-879.883,452.637,-109.863,42.504,-10.809,10.244,-983.887,-133.789,-182.617,44.015,12.489,14.412,41,21.67
185888,-886.230,465.332,-108.398,42.786,-10.405,11.450,-986.816,-104.004,-211.914,38.267,15.794,15.931,39,21.67
185919,-878.418,448.242,-123.535,38.305,-7.817,9.481,-958.496,-227.051,-174.316,38.641,17.015,17.420,39,21.67
185950,-888.672,434.082,-99.609,42.504,-3.962,13.313,-939.453,-239.258,-114.258,42.855,22.382,18.840,39,21.67
185981,-868.652,437.500,-103.027,49.046,-6.420,19.649,-949.219,-212.402,-124.023,46.962,23.542,16.802,39,21.67
186012,-911.133,517.578,-62.012,57.916,-3.817,23.260,-1076.172,-76.660,-46.387,52.779,24.092,22.053,39,21.67
186043,-796.875,479.004,-133.789,60.794,-0.885,11.267,95.215,-423.340,404.297,60.534,47.702,29.237,39,21.67
186074,-840.332,497.559,-149.414,51.038,0.771,2.649,-967.285,41.504,-265.625,39.718,34.824,17.901,39,21.67
186105,-914.551,465.332,-100.098,44.489,1.725,3.183,-1010.254,-133.301,-341.797,33.847,28.878,18.809,39,21.67
186136,-972.168,395.020,20.508,54.145,-10.145,7.702,-993.652,-319.336,-379.395,48.008,25.588,14.260,39,21.67
186167,-955.078,348.145,39.063,84.328,-41.679,11.206,-917.969,-392.090,-367.187,84.626,13.260,15.794,39,21.67
186198,-960.937,378.418,3.906,105.511,-63.435,21.695,-993.652,-273.926,-373.047,114.992,7.053,14.359,39,21.67
186230,-914.551,402.344,-9.766,109.855,-72.908,14.336,-957.520,-166.992,-378.906,119.962,3.466,17.221,39,21.67
186262,-871.582,361.816,-176.758,112.802,-77.496,12.267,-902.344,-103.516,-347.168,125.275,-0.519,21.313,38,21.67
186294,-862.793,368.164,-335.937,119.916,-85.756,14.443,-872.559,-80.078,-369.629,134.046,2.840,14.000,37,21.67
186325,-821.289,397.461,-400.879,112.046,-76.985,6.069,-874.023,-37.109,-351.074,131.611,10.206,9.794,39,21.67
186356,-813.965,460.449,-409.180,101.038,-62.779,3.221,-948.242,65.918,-334.961,122.580,10.817,5.405,3696,21.67
186387,-776.855,511.719,-398.437,90.641,-49.496,-4.328,-959.473,12.207,-362.305,111.618,11.366,6.985,3699,21.67
186418,-772.949,575.195,-412.109,76.473,-36.947,-7.870,-930.664,32.715,-396.973,89.046,13.618,3.496,3699,21.67
186449,-792.969,529.785,-409.668,59.817,-23.412,-9.695,-936.035,-44.922,-405.762,67.023,16.885,8.015,3699,21.67
186481,-934.570,441.406,-164.551,44.954,-17.405,-13.748,-1008.789,-174.805,-439.453,48.061,15.443,10.237,3640,21.67
186512,-1009.277,329.590,-171.875,53.305,-25.290,-12.908,-978.027,-486.328,-372.559,61.412,9.931,5.023,1755,21.67
186543,-935.059,262.695,-286.621,91.053,-48.160,-7.023,-854.004,-552.246,-291.016,101.939,9.740,10.496,879,21.67
186574,-948.242,237.305,-358.398,132.550,-66.626,-3.427,-870.117,-551.758,-310.059,147.229,20.191,19.542,453,21.67
186605,-1020.508,337.402,-196.777,155.107,-81.679,-1.137,-937.012,-407.715,-407.227,168.458,28.618,27.031,237,21.67
186636,-864.746,435.547,-92.285,152.206,-85.588,3.611,-954.102,-209.961,-367.187,159.458,20.046,32.649,139,21.67
186667,-893.066,399.414,-117.676,133.137,-73.992,11.244,-940.918,-57.617,-279.785,132.489,15.473,23.908,3691,21.67